{"type":"FeatureCollection","features":[{"type":"Feature","properties":{"name":"Bean"},"geometry":{"type":"Polygon","coordinates":[[[149.206,-35.346],[149.176,-35.338],[149.148,-35.345],[149.114,-35.345],[149.1,-35.351],[149.07,-35.348],[149.063,-35.331],[149.062,-35.306],[149.086,-35.28],[149.034,-35.266],[149.021,-35.28],[149.021,-35.28],[149.002,-35.262],[148.98,-35.259],[148.963,-35.244],[148.976,-35.239],[148.962,-35.218],[148.909,-35.249],[148.849,-35.284],[148.81,-35.307],[148.793,-35.339],[148.796,-35.359],[148.806,-35.365],[148.804,-35.369],[148.804,-35.373],[148.804,-35.374],[148.804,-35.375],[148.804,-35.376],[148.805,-35.379],[148.809,-35.381],[148.809,-35.382],[148.809,-35.382],[148.808,-35.383],[148.806,-35.384],[148.805,-35.385],[148.804,-35.389],[148.796,-35.393],[148.786,-35.409],[148.789,-35.426],[148.775,-35.442],[148.776,-35.455],[148.775,-35.456],[148.775,-35.458],[148.773,-35.46],[148.773,-35.461],[148.773,-35.462],[148.772,-35.463],[148.767,-35.465],[148.767,-35.467],[148.767,-35.471],[148.771,-35.476],[148.774,-35.485],[148.774,-35.485],[148.774,-35.486],[148.77,-35.488],[148.765,-35.491],[148.763,-35.496],[148.763,-35.497],[148.764,-35.498],[148.765,-35.499],[148.766,-35.505],[148.769,-35.508],[148.772,-35.529],[148.772,-35.531],[148.771,-35.534],[148.77,-35.536],[148.769,-35.544],[148.77,-35.546],[148.771,-35.548],[148.773,-35.549],[148.776,-35.555],[148.778,-35.559],[148.779,-35.564],[148.773,-35.568],[148.774,-35.569],[148.775,-35.571],[148.778,-35.574],[148.779,-35.576],[148.78,-35.577],[148.78,-35.577],[148.78,-35.577],[148.781,-35.578],[148.782,-35.581],[148.784,-35.582],[148.786,-35.582],[148.787,-35.584],[148.788,-35.586],[148.788,-35.586],[148.788,-35.587],[148.789,-35.588],[148.788,-35.589],[148.787,-35.591],[148.784,-35.593],[148.783,-35.595],[148.774,-35.598],[148.774,-35.598],[148.772,-35.601],[148.77,-35.602],[148.768,-35.603],[148.769,-35.604],[148.77,-35.605],[148.77,-35.606],[148.771,-35.607],[148.771,-35.608],[148.772,-35.609],[148.777,-35.612],[148.778,-35.613],[148.78,-35.618],[148.783,-35.628],[148.783,-35.63],[148.782,-35.631],[148.78,-35.633],[148.771,-35.64],[148.771,-35.641],[148.772,-35.641],[148.772,-35.642],[148.771,-35.643],[148.771,-35.646],[148.77,-35.646],[148.769,-35.646],[148.767,-35.647],[148.768,-35.648],[148.77,-35.65],[148.772,-35.65],[148.773,-35.65],[148.773,-35.651],[148.773,-35.652],[148.772,-35.654],[148.773,-35.655],[148.774,-35.655],[148.791,-35.659],[148.792,-35.66],[148.794,-35.662],[148.795,-35.663],[148.796,-35.664],[148.796,-35.665],[148.798,-35.666],[148.798,-35.666],[148.799,-35.667],[148.798,-35.668],[148.798,-35.669],[148.797,-35.672],[148.798,-35.674],[148.798,-35.675],[148.798,-35.675],[148.798,-35.676],[148.798,-35.678],[148.798,-35.679],[148.798,-35.68],[148.798,-35.68],[148.798,-35.68],[148.797,-35.681],[148.797,-35.683],[148.791,-35.69],[148.788,-35.698],[148.789,-35.699],[148.79,-35.701],[148.79,-35.702],[148.791,-35.702],[148.791,-35.702],[148.791,-35.703],[148.791,-35.704],[148.797,-35.709],[148.805,-35.714],[148.807,-35.716],[148.809,-35.717],[148.81,-35.718],[148.811,-35.718],[148.814,-35.72],[148.819,-35.719],[148.821,-35.72],[148.822,-35.721],[148.823,-35.723],[148.824,-35.724],[148.838,-35.744],[148.839,-35.744],[148.861,-35.753],[148.864,-35.734],[148.867,-35.732],[148.869,-35.731],[148.869,-35.73],[148.869,-35.729],[148.87,-35.728],[148.871,-35.727],[148.872,-35.726],[148.878,-35.715],[148.884,-35.717],[148.887,-35.719],[148.889,-35.723],[148.892,-35.728],[148.892,-35.73],[148.888,-35.734],[148.888,-35.736],[148.888,-35.737],[148.89,-35.739],[148.891,-35.74],[148.893,-35.746],[148.894,-35.751],[148.895,-35.751],[148.897,-35.751],[148.899,-35.751],[148.901,-35.755],[148.902,-35.756],[148.903,-35.757],[148.903,-35.757],[148.903,-35.758],[148.903,-35.759],[148.902,-35.762],[148.902,-35.763],[148.895,-35.771],[148.895,-35.772],[148.895,-35.773],[148.895,-35.775],[148.895,-35.777],[148.895,-35.778],[148.896,-35.779],[148.895,-35.78],[148.895,-35.782],[148.895,-35.783],[148.895,-35.785],[148.895,-35.787],[148.896,-35.789],[148.896,-35.789],[148.897,-35.792],[148.897,-35.793],[148.898,-35.795],[148.897,-35.796],[148.896,-35.797],[148.895,-35.798],[148.893,-35.802],[148.892,-35.803],[148.891,-35.804],[148.89,-35.804],[148.889,-35.807],[148.889,-35.808],[148.888,-35.809],[148.887,-35.81],[148.887,-35.81],[148.897,-35.818],[148.898,-35.825],[148.904,-35.826],[148.906,-35.828],[148.907,-35.83],[148.907,-35.832],[148.905,-35.833],[148.904,-35.833],[148.903,-35.834],[148.903,-35.835],[148.903,-35.836],[148.904,-35.837],[148.905,-35.839],[148.905,-35.84],[148.904,-35.843],[148.908,-35.851],[148.913,-35.855],[148.958,-35.892],[148.976,-35.892],[148.997,-35.901],[149.003,-35.901],[149.009,-35.901],[149.034,-35.911],[149.041,-35.915],[149.045,-35.92],[149.046,-35.921],[149.049,-35.92],[149.05,-35.92],[149.05,-35.919],[149.051,-35.917],[149.054,-35.915],[149.057,-35.907],[149.059,-35.895],[149.06,-35.889],[149.06,-35.888],[149.062,-35.885],[149.062,-35.883],[149.062,-35.882],[149.062,-35.881],[149.062,-35.88],[149.087,-35.848],[149.089,-35.848],[149.093,-35.846],[149.095,-35.847],[149.096,-35.846],[149.096,-35.843],[149.095,-35.842],[149.092,-35.835],[149.092,-35.835],[149.094,-35.834],[149.094,-35.832],[149.094,-35.832],[149.094,-35.831],[149.095,-35.831],[149.095,-35.83],[149.095,-35.829],[149.094,-35.827],[149.093,-35.826],[149.094,-35.824],[149.096,-35.818],[149.101,-35.805],[149.097,-35.8],[149.097,-35.797],[149.098,-35.796],[149.099,-35.795],[149.099,-35.795],[149.1,-35.794],[149.1,-35.79],[149.091,-35.766],[149.096,-35.744],[149.101,-35.736],[149.101,-35.736],[149.101,-35.735],[149.101,-35.733],[149.099,-35.731],[149.099,-35.729],[149.1,-35.728],[149.102,-35.727],[149.104,-35.726],[149.104,-35.725],[149.104,-35.724],[149.104,-35.723],[149.102,-35.722],[149.102,-35.721],[149.101,-35.719],[149.101,-35.719],[149.1,-35.717],[149.099,-35.716],[149.1,-35.715],[149.101,-35.713],[149.102,-35.708],[149.109,-35.697],[149.095,-35.677],[149.097,-35.647],[149.086,-35.625],[149.085,-35.623],[149.084,-35.622],[149.085,-35.62],[149.085,-35.618],[149.085,-35.617],[149.083,-35.614],[149.081,-35.61],[149.08,-35.609],[149.08,-35.605],[149.08,-35.602],[149.078,-35.599],[149.079,-35.597],[149.078,-35.586],[149.108,-35.584],[149.14,-35.588],[149.132,-35.549],[149.15,-35.511],[149.151,-35.507],[149.152,-35.493],[149.152,-35.493],[149.152,-35.492],[149.152,-35.492],[149.151,-35.49],[149.136,-35.453],[149.151,-35.444],[149.155,-35.437],[149.155,-35.437],[149.155,-35.436],[149.155,-35.435],[149.155,-35.435],[149.154,-35.434],[149.154,-35.434],[149.154,-35.434],[149.154,-35.434],[149.154,-35.434],[149.154,-35.434],[149.153,-35.434],[149.153,-35.434],[149.152,-35.433],[149.15,-35.434],[149.15,-35.434],[149.145,-35.433],[149.143,-35.434],[149.143,-35.434],[149.141,-35.434],[149.141,-35.434],[149.141,-35.434],[149.141,-35.434],[149.141,-35.434],[149.14,-35.434],[149.14,-35.434],[149.14,-35.434],[149.14,-35.434],[149.139,-35.433],[149.139,-35.433],[149.138,-35.429],[149.139,-35.428],[149.142,-35.426],[149.143,-35.426],[149.144,-35.424],[149.146,-35.417],[149.146,-35.415],[149.147,-35.414],[149.177,-35.386],[149.178,-35.385],[149.191,-35.369],[149.204,-35.348],[149.206,-35.346]]]}},{"type":"Feature","properties":{"name":"Canberra"},"geometry":{"type":"Polygon","coordinates":[[[149.034,-35.266],[149.086,-35.28],[149.062,-35.306],[149.063,-35.331],[149.07,-35.348],[149.1,-35.351],[149.114,-35.345],[149.148,-35.345],[149.176,-35.338],[149.206,-35.346],[149.216,-35.342],[149.218,-35.342],[149.22,-35.341],[149.22,-35.341],[149.222,-35.341],[149.224,-35.342],[149.225,-35.342],[149.226,-35.342],[149.231,-35.342],[149.243,-35.336],[149.244,-35.335],[149.246,-35.332],[149.246,-35.332],[149.247,-35.331],[149.247,-35.331],[149.248,-35.331],[149.248,-35.33],[149.248,-35.33],[149.249,-35.33],[149.249,-35.33],[149.25,-35.33],[149.25,-35.33],[149.252,-35.33],[149.253,-35.33],[149.255,-35.33],[149.255,-35.331],[149.256,-35.331],[149.257,-35.331],[149.258,-35.332],[149.26,-35.332],[149.263,-35.331],[149.263,-35.332],[149.271,-35.335],[149.273,-35.336],[149.275,-35.336],[149.291,-35.334],[149.312,-35.336],[149.314,-35.336],[149.319,-35.337],[149.336,-35.34],[149.341,-35.345],[149.347,-35.35],[149.35,-35.351],[149.352,-35.351],[149.356,-35.351],[149.357,-35.35],[149.36,-35.348],[149.363,-35.348],[149.364,-35.348],[149.364,-35.348],[149.365,-35.348],[149.365,-35.347],[149.365,-35.343],[149.365,-35.342],[149.365,-35.342],[149.365,-35.342],[149.365,-35.342],[149.365,-35.342],[149.365,-35.341],[149.365,-35.341],[149.365,-35.341],[149.366,-35.341],[149.366,-35.341],[149.366,-35.341],[149.366,-35.341],[149.366,-35.34],[149.366,-35.34],[149.367,-35.34],[149.367,-35.34],[149.368,-35.34],[149.377,-35.337],[149.385,-35.333],[149.386,-35.332],[149.386,-35.332],[149.389,-35.331],[149.39,-35.331],[149.391,-35.33],[149.391,-35.33],[149.392,-35.33],[149.394,-35.328],[149.394,-35.328],[149.398,-35.325],[149.397,-35.323],[149.398,-35.321],[149.399,-35.319],[149.397,-35.317],[149.397,-35.314],[149.397,-35.311],[149.396,-35.31],[149.393,-35.303],[149.39,-35.303],[149.387,-35.303],[149.384,-35.306],[149.382,-35.306],[149.366,-35.309],[149.36,-35.308],[149.362,-35.303],[149.357,-35.301],[149.354,-35.3],[149.35,-35.298],[149.351,-35.297],[149.35,-35.294],[149.348,-35.293],[149.348,-35.292],[149.346,-35.292],[149.345,-35.292],[149.343,-35.29],[149.338,-35.287],[149.336,-35.289],[149.336,-35.287],[149.325,-35.286],[149.321,-35.285],[149.312,-35.278],[149.305,-35.276],[149.306,-35.275],[149.304,-35.273],[149.302,-35.273],[149.288,-35.274],[149.283,-35.272],[149.28,-35.271],[149.277,-35.271],[149.276,-35.273],[149.272,-35.273],[149.272,-35.269],[149.273,-35.266],[149.274,-35.263],[149.273,-35.263],[149.273,-35.261],[149.273,-35.26],[149.273,-35.259],[149.262,-35.257],[149.26,-35.257],[149.255,-35.256],[149.254,-35.254],[149.251,-35.252],[149.25,-35.249],[149.249,-35.247],[149.246,-35.247],[149.242,-35.246],[149.238,-35.244],[149.235,-35.243],[149.235,-35.24],[149.241,-35.237],[149.242,-35.235],[149.243,-35.233],[149.243,-35.232],[149.245,-35.231],[149.246,-35.228],[149.243,-35.225],[149.241,-35.225],[149.237,-35.222],[149.227,-35.22],[149.205,-35.229],[149.205,-35.22],[149.206,-35.216],[149.208,-35.216],[149.208,-35.216],[149.206,-35.212],[149.201,-35.206],[149.18,-35.22],[149.151,-35.231],[149.125,-35.231],[149.119,-35.22],[149.095,-35.202],[149.074,-35.226],[149.073,-35.241],[149.058,-35.244],[149.03,-35.24],[149.026,-35.254],[149.034,-35.266]]]}},{"type":"Feature","properties":{"name":"Fenner"},"geometry":{"type":"MultiPolygon","coordinates":[[[[149.201,-35.206],[149.19,-35.203],[149.19,-35.2],[149.191,-35.197],[149.19,-35.194],[149.192,-35.194],[149.196,-35.188],[149.191,-35.179],[149.188,-35.178],[149.186,-35.178],[149.184,-35.177],[149.184,-35.176],[149.185,-35.173],[149.185,-35.173],[149.188,-35.17],[149.189,-35.166],[149.185,-35.161],[149.184,-35.161],[149.183,-35.16],[149.179,-35.159],[149.163,-35.154],[149.163,-35.153],[149.163,-35.152],[149.163,-35.152],[149.165,-35.151],[149.163,-35.147],[149.163,-35.147],[149.163,-35.146],[149.165,-35.144],[149.164,-35.142],[149.159,-35.142],[149.157,-35.144],[149.15,-35.145],[149.15,-35.139],[149.127,-35.126],[149.127,-35.126],[149.118,-35.127],[149.117,-35.126],[149.116,-35.126],[149.113,-35.128],[149.103,-35.135],[149.098,-35.137],[149.097,-35.138],[149.093,-35.139],[149.092,-35.141],[149.092,-35.141],[149.091,-35.142],[148.962,-35.218],[148.976,-35.239],[148.963,-35.244],[148.98,-35.259],[149.002,-35.262],[149.021,-35.28],[149.021,-35.28],[149.034,-35.266],[149.026,-35.254],[149.03,-35.24],[149.058,-35.244],[149.073,-35.241],[149.074,-35.226],[149.095,-35.202],[149.119,-35.22],[149.125,-35.231],[149.151,-35.231],[149.18,-35.22],[149.201,-35.206]]],[[[150.594,-35.185],[150.611,-35.173],[150.646,-35.164],[150.673,-35.164],[150.69,-35.17],[150.697,-35.2],[150.724,-35.176],[150.739,-35.18],[150.76,-35.163],[150.764,-35.131],[150.746,-35.136],[150.717,-35.133],[150.702,-35.123],[150.7,-35.123],[150.682,-35.121],[150.679,-35.12],[150.664,-35.118],[150.661,-35.118],[150.66,-35.125],[150.657,-35.129],[150.656,-35.13],[150.654,-35.131],[150.652,-35.132],[150.644,-35.14],[150.642,-35.142],[150.637,-35.147],[150.633,-35.149],[150.63,-35.15],[150.629,-35.15],[150.629,-35.15],[150.628,-35.15],[150.627,-35.15],[150.626,-35.15],[150.625,-35.149],[150.624,-35.149],[150.623,-35.149],[150.622,-35.148],[150.621,-35.147],[150.621,-35.147],[150.619,-35.146],[150.617,-35.144],[150.617,-35.145],[150.618,-35.145],[150.621,-35.147],[150.621,-35.148],[150.621,-35.148],[150.621,-35.148],[150.621,-35.148],[150.618,-35.148],[150.617,-35.148],[150.615,-35.149],[150.608,-35.144],[150.603,-35.146],[150.6,-35.146],[150.597,-35.146],[150.596,-35.145],[150.595,-35.145],[150.595,-35.144],[150.595,-35.144],[150.595,-35.144],[150.595,-35.144],[150.595,-35.144],[150.595,-35.144],[150.594,-35.144],[150.594,-35.144],[150.594,-35.144],[150.593,-35.144],[150.593,-35.147],[150.596,-35.152],[150.605,-35.158],[150.601,-35.166],[150.602,-35.169],[150.591,-35.172],[150.594,-35.185]]]]}},{"type":"Feature","properties":{"name":"Bass"},"geometry":{"type":"MultiPolygon","coordinates":[[[[148.258,-40.904],[148.26,-40.891],[148.236,-40.885],[148.22,-40.865],[148.216,-40.846],[148.186,-40.831],[148.172,-40.839],[148.114,-40.831],[148.118,-40.815],[148.101,-40.788],[148.083,-40.773],[148.041,-40.773],[148.033,-40.751],[147.973,-40.742],[147.96,-40.757],[147.948,-40.792],[147.92,-40.832],[147.881,-40.869],[147.836,-40.887],[147.784,-40.88],[147.744,-40.857],[147.71,-40.862],[147.689,-40.839],[147.661,-40.825],[147.627,-40.845],[147.603,-40.847],[147.573,-40.896],[147.525,-40.951],[147.491,-40.979],[147.441,-41.003],[147.396,-41.005],[147.386,-40.981],[147.36,-40.972],[147.346,-40.94],[147.32,-40.954],[147.304,-40.958],[147.283,-40.951],[147.28,-40.942],[147.25,-40.957],[147.22,-40.992],[147.176,-41.009],[147.151,-41.013],[147.123,-41.003],[147.116,-40.995],[147.073,-41],[147.058,-40.988],[147.032,-40.99],[147.023,-40.981],[146.991,-40.993],[146.951,-41.024],[146.915,-41.03],[146.889,-41.028],[146.882,-41.02],[146.827,-41.045],[146.805,-41.064],[146.818,-41.124],[146.843,-41.139],[146.884,-41.132],[146.946,-41.176],[146.924,-41.188],[146.928,-41.204],[146.944,-41.208],[146.946,-41.229],[146.99,-41.25],[147.015,-41.276],[146.979,-41.299],[146.978,-41.309],[146.999,-41.316],[147.027,-41.315],[147.044,-41.321],[147.049,-41.337],[147.072,-41.331],[147.082,-41.342],[147.075,-41.354],[147.09,-41.375],[147.079,-41.391],[147.069,-41.357],[147.078,-41.344],[147.061,-41.335],[147.03,-41.345],[147.005,-41.321],[146.986,-41.32],[146.969,-41.306],[146.978,-41.273],[146.951,-41.261],[146.935,-41.242],[146.934,-41.232],[146.9,-41.208],[146.91,-41.189],[146.929,-41.179],[146.923,-41.17],[146.878,-41.15],[146.867,-41.164],[146.845,-41.176],[146.822,-41.17],[146.824,-41.15],[146.811,-41.138],[146.811,-41.118],[146.796,-41.112],[146.791,-41.095],[146.775,-41.082],[146.75,-41.085],[146.719,-41.07],[146.697,-41.09],[146.674,-41.101],[146.661,-41.096],[146.665,-41.111],[146.696,-41.133],[146.696,-41.17],[146.762,-41.287],[146.749,-41.298],[146.709,-41.303],[146.701,-41.316],[146.704,-41.333],[146.698,-41.355],[146.771,-41.376],[146.873,-41.391],[146.9,-41.387],[146.91,-41.378],[146.927,-41.388],[146.934,-41.408],[146.972,-41.429],[146.996,-41.432],[147.008,-41.445],[147.032,-41.437],[147.066,-41.459],[147.076,-41.447],[147.1,-41.463],[147.14,-41.483],[147.136,-41.501],[147.169,-41.493],[147.198,-41.51],[147.221,-41.495],[147.249,-41.528],[147.303,-41.52],[147.313,-41.529],[147.347,-41.512],[147.388,-41.556],[147.406,-41.556],[147.428,-41.539],[147.476,-41.518],[147.486,-41.529],[147.507,-41.53],[147.54,-41.507],[147.579,-41.514],[147.648,-41.478],[147.644,-41.464],[147.627,-41.451],[147.629,-41.428],[147.619,-41.409],[147.59,-41.381],[147.828,-41.372],[147.835,-41.367],[147.841,-41.333],[147.859,-41.277],[147.89,-41.165],[147.935,-41.168],[148.005,-41.153],[148.082,-41.132],[148.065,-41.113],[148.062,-41.087],[148.071,-41.067],[148.082,-41.06],[148.071,-41.039],[148.078,-41.015],[148.078,-40.981],[148.09,-40.936],[148.112,-40.942],[148.117,-40.924],[148.212,-40.938],[148.213,-40.922],[148.251,-40.903],[148.258,-40.904]]],[[[148.334,-40.208],[148.315,-40.173],[148.293,-40.111],[148.254,-40.125],[148.224,-40.119],[148.238,-40.102],[148.273,-40.088],[148.286,-40.068],[148.279,-40.017],[148.286,-39.965],[148.266,-39.968],[148.241,-39.961],[148.206,-39.947],[148.188,-39.948],[148.144,-39.918],[148.097,-39.867],[148.045,-39.822],[148.007,-39.78],[147.963,-39.763],[147.957,-39.728],[147.941,-39.722],[147.919,-39.745],[147.906,-39.746],[147.878,-39.762],[147.864,-39.748],[147.852,-39.762],[147.865,-39.771],[147.87,-39.787],[147.842,-39.807],[147.851,-39.823],[147.825,-39.838],[147.812,-39.834],[147.771,-39.864],[147.748,-39.874],[147.76,-39.89],[147.796,-39.903],[147.804,-39.917],[147.836,-39.902],[147.86,-39.898],[147.882,-39.915],[147.901,-39.949],[147.907,-39.975],[147.903,-39.992],[147.871,-40.009],[147.863,-40.019],[147.892,-40.034],[147.917,-40.03],[147.939,-40.038],[147.956,-40.081],[147.989,-40.092],[148.008,-40.106],[148.017,-40.137],[148.019,-40.173],[148.04,-40.196],[148.042,-40.208],[148.024,-40.22],[148.056,-40.248],[148.087,-40.263],[148.12,-40.273],[148.13,-40.267],[148.158,-40.263],[148.184,-40.25],[148.189,-40.226],[148.21,-40.211],[148.257,-40.21],[148.283,-40.231],[148.313,-40.222],[148.334,-40.208]]],[[[148.482,-40.435],[148.467,-40.429],[148.449,-40.405],[148.44,-40.378],[148.415,-40.374],[148.384,-40.346],[148.367,-40.336],[148.363,-40.322],[148.346,-40.304],[148.329,-40.302],[148.301,-40.321],[148.283,-40.319],[148.259,-40.337],[148.226,-40.329],[148.194,-40.353],[148.183,-40.345],[148.164,-40.347],[148.127,-40.338],[148.109,-40.344],[148.079,-40.343],[148.059,-40.359],[148.032,-40.362],[147.986,-40.391],[147.989,-40.421],[148.018,-40.414],[148.046,-40.435],[148.046,-40.449],[148.083,-40.455],[148.115,-40.447],[148.123,-40.44],[148.144,-40.453],[148.206,-40.442],[148.227,-40.466],[148.25,-40.455],[148.286,-40.428],[148.316,-40.433],[148.336,-40.466],[148.346,-40.492],[148.37,-40.479],[148.388,-40.48],[148.447,-40.437],[148.474,-40.443],[148.482,-40.435]]],[[[148.248,-40.488],[148.228,-40.485],[148.208,-40.504],[148.185,-40.49],[148.174,-40.498],[148.131,-40.502],[148.115,-40.509],[148.097,-40.535],[148.121,-40.538],[148.113,-40.564],[148.148,-40.566],[148.178,-40.593],[148.209,-40.554],[148.235,-40.532],[148.228,-40.526],[148.234,-40.504],[148.248,-40.488]]],[[[147.361,-39.465],[147.34,-39.451],[147.322,-39.452],[147.311,-39.467],[147.318,-39.502],[147.329,-39.491],[147.358,-39.481],[147.361,-39.465]]],[[[147.909,-40.302],[147.854,-40.306],[147.881,-40.326],[147.901,-40.319],[147.909,-40.302]]],[[[147.788,-40.042],[147.764,-40.029],[147.761,-40.048],[147.749,-40.065],[147.75,-40.077],[147.726,-40.091],[147.736,-40.102],[147.757,-40.095],[147.758,-40.076],[147.77,-40.055],[147.788,-40.042]]],[[[148.326,-40.288],[148.313,-40.267],[148.295,-40.258],[148.28,-40.287],[148.306,-40.293],[148.326,-40.288]]],[[[147.947,-39.697],[147.927,-39.685],[147.905,-39.689],[147.904,-39.705],[147.933,-39.704],[147.947,-39.697]]],[[[148.011,-39.649],[148.005,-39.642],[147.968,-39.656],[147.991,-39.663],[148.011,-39.649]]]]}},{"type":"Feature","properties":{"name":"Braddon"},"geometry":{"type":"MultiPolygon","coordinates":[[[[146.704,-41.333],[146.701,-41.316],[146.709,-41.303],[146.749,-41.298],[146.762,-41.287],[146.696,-41.17],[146.696,-41.133],[146.665,-41.111],[146.661,-41.096],[146.634,-41.124],[146.608,-41.14],[146.579,-41.148],[146.583,-41.189],[146.594,-41.218],[146.576,-41.22],[146.562,-41.197],[146.572,-41.188],[146.557,-41.162],[146.541,-41.154],[146.544,-41.127],[146.528,-41.131],[146.493,-41.149],[146.463,-41.16],[146.425,-41.162],[146.392,-41.173],[146.339,-41.162],[146.323,-41.154],[146.303,-41.16],[146.275,-41.159],[146.255,-41.152],[146.233,-41.159],[146.2,-41.152],[146.167,-41.151],[146.159,-41.142],[146.125,-41.132],[146.119,-41.121],[146.077,-41.116],[146.064,-41.103],[146.049,-41.103],[146.01,-41.087],[145.999,-41.077],[145.956,-41.064],[145.939,-41.067],[145.913,-41.061],[145.91,-41.049],[145.877,-41.038],[145.851,-41.04],[145.819,-41.034],[145.785,-41.016],[145.769,-40.997],[145.743,-40.99],[145.725,-40.969],[145.733,-40.948],[145.683,-40.939],[145.652,-40.94],[145.597,-40.924],[145.58,-40.914],[145.561,-40.916],[145.523,-40.889],[145.521,-40.874],[145.5,-40.859],[145.471,-40.871],[145.428,-40.868],[145.383,-40.85],[145.34,-40.85],[145.269,-40.811],[145.273,-40.79],[145.289,-40.766],[145.296,-40.74],[145.282,-40.739],[145.251,-40.722],[145.269,-40.759],[145.267,-40.788],[145.259,-40.805],[145.227,-40.799],[145.171,-40.804],[145.161,-40.815],[145.131,-40.82],[145.122,-40.837],[145.105,-40.812],[145.068,-40.806],[145.053,-40.787],[145.018,-40.788],[144.998,-40.767],[144.995,-40.755],[144.97,-40.75],[144.937,-40.756],[144.881,-40.75],[144.848,-40.739],[144.839,-40.721],[144.814,-40.723],[144.805,-40.714],[144.742,-40.697],[144.735,-40.685],[144.742,-40.671],[144.728,-40.656],[144.692,-40.663],[144.685,-40.679],[144.697,-40.687],[144.679,-40.718],[144.686,-40.725],[144.686,-40.747],[144.707,-40.753],[144.706,-40.796],[144.697,-40.811],[144.712,-40.834],[144.713,-40.853],[144.703,-40.879],[144.686,-40.906],[144.658,-40.904],[144.649,-40.92],[144.632,-40.923],[144.614,-40.936],[144.632,-40.958],[144.631,-41.001],[144.617,-41.009],[144.639,-41.045],[144.657,-41.052],[144.67,-41.074],[144.677,-41.104],[144.67,-41.137],[144.68,-41.144],[144.673,-41.159],[144.691,-41.188],[144.695,-41.206],[144.684,-41.235],[144.709,-41.261],[144.721,-41.302],[144.734,-41.307],[144.742,-41.33],[144.758,-41.339],[144.774,-41.361],[144.782,-41.397],[144.771,-41.411],[144.748,-41.423],[144.785,-41.445],[144.814,-41.49],[144.835,-41.512],[144.889,-41.59],[144.905,-41.631],[144.908,-41.656],[144.926,-41.677],[144.911,-41.69],[144.917,-41.709],[144.935,-41.724],[144.948,-41.716],[144.97,-41.726],[145.004,-41.767],[145.007,-41.784],[145.023,-41.804],[145.068,-41.836],[145.072,-41.855],[145.107,-41.877],[145.122,-41.897],[145.157,-41.923],[145.174,-41.929],[145.195,-41.953],[145.231,-42.015],[145.252,-42.06],[145.261,-42.093],[145.263,-42.144],[145.257,-42.178],[145.247,-42.194],[145.224,-42.215],[145.249,-42.221],[145.268,-42.232],[145.29,-42.227],[145.288,-42.212],[145.268,-42.202],[145.294,-42.179],[145.319,-42.173],[145.314,-42.159],[145.348,-42.169],[145.36,-42.177],[145.359,-42.192],[145.369,-42.208],[145.366,-42.247],[145.38,-42.254],[145.403,-42.281],[145.426,-42.294],[145.432,-42.314],[145.463,-42.323],[145.468,-42.347],[145.494,-42.337],[145.517,-42.34],[145.545,-42.376],[145.545,-42.391],[145.526,-42.424],[145.513,-42.435],[145.492,-42.422],[145.458,-42.435],[145.471,-42.45],[145.48,-42.476],[145.466,-42.487],[145.458,-42.454],[145.447,-42.438],[145.452,-42.405],[145.431,-42.382],[145.409,-42.371],[145.398,-42.375],[145.35,-42.342],[145.31,-42.32],[145.306,-42.296],[145.293,-42.296],[145.279,-42.282],[145.253,-42.287],[145.254,-42.267],[145.237,-42.264],[145.232,-42.243],[145.215,-42.211],[145.198,-42.198],[145.177,-42.193],[145.175,-42.207],[145.194,-42.229],[145.19,-42.244],[145.205,-42.253],[145.214,-42.282],[145.213,-42.297],[145.196,-42.312],[145.196,-42.327],[145.223,-42.355],[145.237,-42.395],[145.238,-42.418],[145.252,-42.439],[145.253,-42.452],[145.236,-42.471],[145.261,-42.504],[145.26,-42.523],[145.281,-42.553],[145.278,-42.563],[145.302,-42.571],[145.3,-42.599],[145.281,-42.615],[145.304,-42.619],[145.336,-42.633],[145.333,-42.653],[145.367,-42.658],[145.366,-42.69],[145.377,-42.705],[145.379,-42.721],[145.392,-42.726],[145.38,-42.758],[145.403,-42.777],[145.419,-42.802],[145.43,-42.851],[145.444,-42.883],[145.459,-42.905],[145.473,-42.907],[145.494,-42.939],[145.5,-42.979],[145.532,-42.983],[145.561,-42.971],[145.591,-42.975],[145.61,-43.009],[145.64,-43.025],[145.657,-43.044],[145.686,-43.055],[145.684,-43.067],[145.664,-43.095],[145.701,-43.12],[145.721,-43.11],[145.731,-43.115],[145.727,-43.14],[145.741,-43.144],[145.759,-43.191],[145.782,-43.187],[145.801,-43.218],[145.808,-43.246],[145.819,-43.258],[145.816,-43.279],[145.827,-43.281],[145.867,-43.321],[145.897,-43.302],[145.921,-43.295],[145.924,-43.267],[145.908,-43.265],[145.899,-43.28],[145.881,-43.29],[145.864,-43.273],[145.873,-43.258],[145.899,-43.263],[145.906,-43.25],[145.928,-43.238],[145.91,-43.193],[145.927,-43.189],[145.921,-43.161],[145.94,-43.15],[145.967,-43.131],[145.98,-43.128],[145.993,-43.101],[145.974,-43.078],[145.978,-43.039],[145.978,-43.017],[145.991,-43.005],[145.993,-42.979],[145.941,-42.931],[145.934,-42.907],[145.948,-42.902],[145.854,-42.743],[145.843,-42.725],[145.867,-42.699],[145.887,-42.7],[145.909,-42.682],[145.928,-42.682],[145.934,-42.669],[145.955,-42.666],[145.967,-42.649],[145.964,-42.636],[145.98,-42.628],[145.993,-42.599],[146.033,-42.548],[146.029,-42.538],[146.053,-42.529],[146.074,-42.511],[146.09,-42.49],[146.081,-42.477],[146.126,-42.437],[146.133,-42.414],[146.118,-42.404],[146.11,-42.375],[146.099,-42.37],[146.096,-42.341],[146.107,-42.305],[146.091,-42.284],[146.075,-42.21],[146,-42.067],[146.023,-42.039],[146.015,-42.005],[146.05,-41.975],[146.036,-41.931],[145.965,-41.726],[145.951,-41.685],[145.854,-41.583],[145.853,-41.466],[145.954,-41.452],[146.083,-41.457],[146.093,-41.443],[146.093,-41.407],[146.112,-41.385],[146.115,-41.371],[146.154,-41.357],[146.176,-41.342],[146.186,-41.32],[146.205,-41.311],[146.203,-41.287],[146.217,-41.276],[146.248,-41.278],[146.266,-41.266],[146.321,-41.272],[146.323,-41.255],[146.349,-41.242],[146.37,-41.267],[146.359,-41.284],[146.444,-41.298],[146.447,-41.315],[146.46,-41.32],[146.459,-41.344],[146.494,-41.377],[146.528,-41.365],[146.546,-41.367],[146.557,-41.358],[146.583,-41.353],[146.59,-41.335],[146.617,-41.338],[146.62,-41.324],[146.704,-41.333]]],[[[144.138,-39.934],[144.136,-39.925],[144.111,-39.914],[144.105,-39.891],[144.106,-39.869],[144.125,-39.836],[144.128,-39.822],[144.112,-39.8],[144.104,-39.777],[144.101,-39.736],[144.109,-39.669],[144.075,-39.649],[144.052,-39.626],[143.958,-39.586],[143.95,-39.579],[143.927,-39.592],[143.925,-39.612],[143.935,-39.638],[143.927,-39.662],[143.893,-39.697],[143.849,-39.711],[143.846,-39.728],[143.855,-39.737],[143.851,-39.762],[143.865,-39.8],[143.861,-39.817],[143.867,-39.831],[143.86,-39.857],[143.844,-39.881],[143.847,-39.894],[143.835,-39.902],[143.836,-39.922],[143.845,-39.941],[143.879,-39.967],[143.889,-39.986],[143.893,-40.007],[143.885,-40.024],[143.89,-40.054],[143.882,-40.062],[143.858,-40.063],[143.876,-40.097],[143.882,-40.121],[143.904,-40.121],[143.9,-40.134],[143.921,-40.139],[143.929,-40.128],[143.958,-40.109],[143.97,-40.116],[143.99,-40.098],[144.004,-40.1],[144.028,-40.09],[144.069,-40.052],[144.103,-40.045],[144.101,-40.029],[144.116,-40.018],[144.117,-40.005],[144.133,-39.979],[144.131,-39.963],[144.138,-39.934]]],[[[145.068,-40.714],[145.044,-40.689],[145.015,-40.682],[144.983,-40.664],[144.973,-40.652],[144.943,-40.652],[144.92,-40.626],[144.911,-40.648],[144.873,-40.677],[144.875,-40.708],[144.87,-40.721],[144.883,-40.736],[144.908,-40.738],[144.921,-40.728],[144.938,-40.732],[144.977,-40.708],[144.999,-40.712],[145.028,-40.706],[145.045,-40.718],[145.068,-40.714]]],[[[144.793,-40.418],[144.775,-40.425],[144.765,-40.453],[144.771,-40.466],[144.756,-40.486],[144.731,-40.489],[144.711,-40.483],[144.727,-40.539],[144.733,-40.55],[144.725,-40.571],[144.736,-40.593],[144.757,-40.606],[144.776,-40.576],[144.77,-40.554],[144.771,-40.533],[144.79,-40.507],[144.793,-40.479],[144.788,-40.426],[144.793,-40.418]]],[[[144.97,-40.426],[144.957,-40.415],[144.955,-40.392],[144.941,-40.398],[144.882,-40.391],[144.875,-40.403],[144.883,-40.417],[144.865,-40.432],[144.843,-40.436],[144.858,-40.469],[144.893,-40.483],[144.929,-40.47],[144.95,-40.454],[144.949,-40.437],[144.97,-40.426]]],[[[145.104,-40.793],[145.062,-40.766],[145.043,-40.757],[145.04,-40.773],[145.048,-40.784],[145.078,-40.795],[145.104,-40.793]]],[[[144.95,-40.621],[144.926,-40.579],[144.92,-40.613],[144.95,-40.621]]]]}},{"type":"Feature","properties":{"name":"Clark"},"geometry":{"type":"Polygon","coordinates":[[[147.316,-42.974],[147.339,-42.974],[147.346,-42.954],[147.356,-42.951],[147.362,-42.926],[147.355,-42.909],[147.332,-42.9],[147.341,-42.882],[147.337,-42.866],[147.32,-42.855],[147.322,-42.832],[147.294,-42.819],[147.274,-42.825],[147.254,-42.807],[147.266,-42.787],[147.254,-42.769],[147.227,-42.75],[147.201,-42.787],[147.201,-42.806],[147.179,-42.815],[147.174,-42.83],[147.154,-42.834],[147.15,-42.858],[147.15,-42.913],[147.157,-42.92],[147.146,-42.974],[147.158,-42.976],[147.181,-42.986],[147.214,-42.98],[147.249,-42.967],[147.274,-42.972],[147.297,-42.965],[147.316,-42.974]]]}},{"type":"Feature","properties":{"name":"Franklin"},"geometry":{"type":"MultiPolygon","coordinates":[[[[145.94,-43.15],[145.921,-43.163],[145.93,-43.177],[145.928,-43.205],[145.947,-43.23],[145.975,-43.236],[145.974,-43.27],[145.961,-43.295],[145.982,-43.305],[145.984,-43.323],[146.03,-43.342],[146.065,-43.306],[146.077,-43.333],[146.114,-43.349],[146.136,-43.346],[146.142,-43.322],[146.176,-43.298],[146.171,-43.319],[146.197,-43.318],[146.209,-43.331],[146.224,-43.329],[146.225,-43.376],[146.206,-43.364],[146.182,-43.36],[146.161,-43.364],[146.167,-43.379],[146.134,-43.382],[146.131,-43.356],[146.102,-43.346],[146.07,-43.353],[146.05,-43.347],[146.003,-43.345],[145.987,-43.329],[145.975,-43.349],[145.971,-43.37],[145.953,-43.359],[145.946,-43.372],[145.993,-43.406],[145.999,-43.432],[146.032,-43.468],[146.028,-43.489],[146.043,-43.508],[146.037,-43.551],[146.072,-43.555],[146.076,-43.544],[146.107,-43.543],[146.108,-43.527],[146.146,-43.519],[146.157,-43.502],[146.177,-43.511],[146.184,-43.532],[146.2,-43.539],[146.213,-43.526],[146.209,-43.49],[146.25,-43.49],[146.273,-43.499],[146.267,-43.527],[146.289,-43.542],[146.317,-43.537],[146.327,-43.521],[146.346,-43.515],[146.389,-43.53],[146.459,-43.543],[146.488,-43.541],[146.507,-43.525],[146.533,-43.531],[146.552,-43.512],[146.549,-43.476],[146.562,-43.465],[146.578,-43.483],[146.575,-43.524],[146.637,-43.578],[146.659,-43.583],[146.653,-43.596],[146.686,-43.597],[146.705,-43.628],[146.725,-43.628],[146.746,-43.61],[146.803,-43.602],[146.834,-43.619],[146.837,-43.633],[146.863,-43.632],[146.922,-43.599],[146.924,-43.581],[146.914,-43.573],[146.892,-43.583],[146.887,-43.554],[146.891,-43.536],[146.902,-43.523],[146.919,-43.535],[146.954,-43.531],[146.936,-43.491],[146.944,-43.478],[146.98,-43.47],[146.997,-43.462],[146.962,-43.449],[146.976,-43.432],[147.026,-43.436],[147.013,-43.421],[147.024,-43.411],[147.032,-43.388],[147.051,-43.374],[147.053,-43.357],[147.004,-43.324],[147.042,-43.312],[147.069,-43.324],[147.079,-43.295],[147.098,-43.28],[147.077,-43.271],[147.054,-43.248],[147.006,-43.22],[146.997,-43.208],[146.971,-43.203],[146.974,-43.169],[146.981,-43.159],[146.982,-43.132],[147.021,-43.078],[147.022,-43.091],[147.008,-43.136],[146.997,-43.148],[146.989,-43.189],[147.01,-43.19],[147.029,-43.21],[147.055,-43.22],[147.071,-43.214],[147.072,-43.201],[147.093,-43.181],[147.115,-43.21],[147.091,-43.22],[147.101,-43.246],[147.123,-43.243],[147.144,-43.25],[147.142,-43.266],[147.168,-43.283],[147.182,-43.277],[147.215,-43.281],[147.24,-43.266],[147.255,-43.238],[147.26,-43.216],[147.253,-43.189],[147.239,-43.177],[147.248,-43.166],[147.239,-43.154],[147.249,-43.14],[147.249,-43.124],[147.268,-43.122],[147.297,-43.097],[147.301,-43.085],[147.258,-43.07],[147.28,-43.027],[147.29,-43.025],[147.314,-43.059],[147.335,-43.058],[147.344,-43.048],[147.325,-43.004],[147.33,-42.988],[147.316,-42.974],[147.297,-42.965],[147.274,-42.972],[147.249,-42.967],[147.214,-42.98],[147.181,-42.986],[147.158,-42.976],[147.146,-42.974],[147.157,-42.92],[147.15,-42.913],[147.051,-42.9],[147.045,-42.909],[147.01,-42.901],[147.009,-42.888],[146.971,-42.889],[146.955,-42.882],[146.926,-42.895],[146.937,-42.929],[146.917,-42.934],[146.88,-42.935],[146.874,-42.955],[146.855,-42.939],[146.846,-42.908],[146.805,-42.895],[146.781,-42.899],[146.766,-42.874],[146.739,-42.871],[146.723,-42.858],[146.697,-42.858],[146.657,-42.848],[146.647,-42.854],[146.655,-42.906],[146.655,-42.906],[146.648,-42.922],[146.459,-43.087],[146.222,-43.119],[146.089,-43.054],[145.978,-43.039],[145.974,-43.078],[145.993,-43.101],[145.98,-43.128],[145.967,-43.131],[145.94,-43.15]]],[[[147.433,-43.232],[147.426,-43.206],[147.411,-43.201],[147.414,-43.181],[147.394,-43.165],[147.394,-43.137],[147.401,-43.127],[147.383,-43.103],[147.362,-43.085],[147.368,-43.072],[147.357,-43.064],[147.327,-43.085],[147.311,-43.118],[147.346,-43.121],[147.33,-43.142],[147.31,-43.136],[147.289,-43.143],[147.294,-43.159],[147.285,-43.171],[147.317,-43.177],[147.329,-43.17],[147.378,-43.177],[147.386,-43.197],[147.346,-43.221],[147.356,-43.233],[147.355,-43.261],[147.334,-43.285],[147.307,-43.294],[147.298,-43.273],[147.286,-43.266],[147.271,-43.278],[147.271,-43.295],[147.243,-43.309],[147.241,-43.327],[147.222,-43.34],[147.234,-43.365],[147.18,-43.373],[147.186,-43.385],[147.175,-43.395],[147.174,-43.438],[147.181,-43.456],[147.153,-43.459],[147.117,-43.413],[147.092,-43.42],[147.097,-43.431],[147.115,-43.437],[147.136,-43.458],[147.135,-43.485],[147.181,-43.49],[147.203,-43.448],[147.203,-43.418],[147.227,-43.413],[147.242,-43.426],[147.256,-43.456],[147.243,-43.467],[147.248,-43.493],[147.263,-43.488],[147.28,-43.504],[147.301,-43.511],[147.327,-43.497],[147.32,-43.475],[147.327,-43.45],[147.343,-43.432],[147.338,-43.423],[147.349,-43.405],[147.379,-43.39],[147.38,-43.361],[147.367,-43.35],[147.348,-43.369],[147.332,-43.363],[147.322,-43.348],[147.32,-43.311],[147.329,-43.293],[147.352,-43.268],[147.392,-43.246],[147.418,-43.241],[147.433,-43.232]]],[[[147.293,-42.791],[147.285,-42.804],[147.321,-42.818],[147.338,-42.847],[147.35,-42.853],[147.352,-42.876],[147.403,-42.883],[147.417,-42.908],[147.408,-42.935],[147.421,-42.94],[147.437,-42.908],[147.458,-42.912],[147.452,-42.972],[147.466,-42.97],[147.479,-42.985],[147.469,-43],[147.473,-43.023],[147.452,-43.033],[147.431,-43.028],[147.418,-43.003],[147.418,-42.985],[147.404,-42.985],[147.397,-43.006],[147.414,-43.017],[147.405,-43.036],[147.425,-43.043],[147.515,-43.02],[147.528,-43.007],[147.523,-42.985],[147.509,-42.965],[147.536,-42.942],[147.531,-42.931],[147.501,-42.917],[147.495,-42.908],[147.511,-42.876],[147.503,-42.867],[147.516,-42.855],[147.543,-42.842],[147.571,-42.837],[147.577,-42.825],[147.522,-42.828],[147.503,-42.819],[147.489,-42.829],[147.475,-42.813],[147.447,-42.799],[147.434,-42.776],[147.419,-42.788],[147.369,-42.761],[147.348,-42.777],[147.293,-42.791]]],[[[146.378,-43.596],[146.375,-43.588],[146.348,-43.587],[146.345,-43.606],[146.359,-43.607],[146.378,-43.596]]]]}},{"type":"Feature","properties":{"name":"Lyons"},"geometry":{"type":"MultiPolygon","coordinates":[[[[147.434,-42.776],[147.455,-42.783],[147.486,-42.803],[147.512,-42.783],[147.55,-42.785],[147.582,-42.799],[147.606,-42.831],[147.621,-42.843],[147.61,-42.866],[147.638,-42.874],[147.641,-42.888],[147.658,-42.886],[147.68,-42.9],[147.722,-42.887],[147.762,-42.902],[147.815,-42.889],[147.854,-42.838],[147.869,-42.811],[147.874,-42.781],[147.882,-42.764],[147.9,-42.744],[147.935,-42.737],[147.946,-42.726],[147.939,-42.702],[147.958,-42.685],[147.963,-42.669],[147.954,-42.661],[147.955,-42.645],[147.933,-42.634],[147.936,-42.603],[147.917,-42.59],[147.907,-42.569],[147.881,-42.567],[147.888,-42.545],[147.913,-42.549],[147.914,-42.516],[147.93,-42.531],[147.932,-42.55],[147.95,-42.553],[147.968,-42.521],[147.995,-42.525],[148.011,-42.51],[147.997,-42.502],[147.997,-42.476],[148.01,-42.441],[147.996,-42.435],[147.995,-42.422],[147.981,-42.407],[147.989,-42.389],[148.009,-42.373],[148.025,-42.342],[148.015,-42.321],[148.001,-42.309],[148.016,-42.285],[148.015,-42.268],[148.027,-42.259],[148.013,-42.24],[148.043,-42.21],[148.066,-42.192],[148.08,-42.157],[148.072,-42.115],[148.097,-42.097],[148.142,-42.091],[148.196,-42.094],[148.183,-42.082],[148.166,-42.085],[148.151,-42.075],[148.127,-42.08],[148.13,-42.061],[148.152,-42.062],[148.165,-42.052],[148.149,-42.034],[148.144,-42.017],[148.167,-41.996],[148.173,-42.009],[148.197,-42.021],[148.23,-41.984],[148.245,-41.997],[148.215,-42.035],[148.172,-42.044],[148.157,-42.065],[148.158,-42.076],[148.209,-42.077],[148.241,-42.092],[148.251,-42.115],[148.268,-42.113],[148.294,-42.125],[148.298,-42.14],[148.276,-42.147],[148.261,-42.161],[148.292,-42.19],[148.265,-42.229],[148.251,-42.231],[148.262,-42.254],[148.287,-42.259],[148.298,-42.283],[148.315,-42.276],[148.323,-42.24],[148.346,-42.224],[148.343,-42.212],[148.356,-42.193],[148.317,-42.17],[148.312,-42.161],[148.324,-42.146],[148.32,-42.137],[148.344,-42.123],[148.341,-42.103],[148.328,-42.1],[148.31,-42.057],[148.299,-42.057],[148.284,-42.034],[148.284,-42.004],[148.294,-41.972],[148.31,-41.961],[148.302,-41.948],[148.307,-41.931],[148.324,-41.917],[148.304,-41.891],[148.3,-41.873],[148.274,-41.852],[148.268,-41.836],[148.265,-41.802],[148.271,-41.782],[148.289,-41.752],[148.284,-41.718],[148.295,-41.693],[148.289,-41.685],[148.293,-41.658],[148.316,-41.634],[148.32,-41.621],[148.315,-41.572],[148.286,-41.552],[148.275,-41.503],[148.267,-41.489],[148.268,-41.453],[148.278,-41.422],[148.29,-41.399],[148.296,-41.371],[148.314,-41.346],[148.327,-41.306],[148.273,-41.339],[148.259,-41.324],[148.271,-41.309],[148.28,-41.281],[148.295,-41.283],[148.292,-41.305],[148.313,-41.299],[148.31,-41.289],[148.333,-41.271],[148.338,-41.254],[148.329,-41.249],[148.299,-41.25],[148.273,-41.205],[148.269,-41.183],[148.285,-41.168],[148.271,-41.145],[148.272,-41.115],[148.289,-41.086],[148.293,-41.063],[148.283,-41.052],[148.26,-41.046],[148.276,-41.034],[148.298,-41.034],[148.322,-41.008],[148.34,-40.994],[148.318,-40.981],[148.306,-40.965],[148.302,-40.942],[148.294,-40.939],[148.258,-40.904],[148.251,-40.903],[148.213,-40.922],[148.212,-40.938],[148.117,-40.924],[148.112,-40.942],[148.09,-40.936],[148.078,-40.981],[148.078,-41.015],[148.071,-41.039],[148.082,-41.06],[148.071,-41.067],[148.062,-41.087],[148.065,-41.113],[148.082,-41.132],[148.005,-41.153],[147.935,-41.168],[147.89,-41.165],[147.859,-41.277],[147.841,-41.333],[147.835,-41.367],[147.828,-41.372],[147.59,-41.381],[147.619,-41.409],[147.629,-41.428],[147.627,-41.451],[147.644,-41.464],[147.648,-41.478],[147.579,-41.514],[147.54,-41.507],[147.507,-41.53],[147.486,-41.529],[147.476,-41.518],[147.428,-41.539],[147.406,-41.556],[147.388,-41.556],[147.347,-41.512],[147.313,-41.529],[147.303,-41.52],[147.249,-41.528],[147.221,-41.495],[147.198,-41.51],[147.169,-41.493],[147.136,-41.501],[147.14,-41.483],[147.1,-41.463],[147.076,-41.447],[147.066,-41.459],[147.032,-41.437],[147.008,-41.445],[146.996,-41.432],[146.972,-41.429],[146.934,-41.408],[146.927,-41.388],[146.91,-41.378],[146.9,-41.387],[146.873,-41.391],[146.771,-41.376],[146.698,-41.355],[146.704,-41.333],[146.62,-41.324],[146.617,-41.338],[146.59,-41.335],[146.583,-41.353],[146.557,-41.358],[146.546,-41.367],[146.528,-41.365],[146.494,-41.377],[146.459,-41.344],[146.46,-41.32],[146.447,-41.315],[146.444,-41.298],[146.359,-41.284],[146.37,-41.267],[146.349,-41.242],[146.323,-41.255],[146.321,-41.272],[146.266,-41.266],[146.248,-41.278],[146.217,-41.276],[146.203,-41.287],[146.205,-41.311],[146.186,-41.32],[146.176,-41.342],[146.154,-41.357],[146.115,-41.371],[146.112,-41.385],[146.093,-41.407],[146.093,-41.443],[146.083,-41.457],[145.954,-41.452],[145.853,-41.466],[145.854,-41.583],[145.951,-41.685],[145.965,-41.726],[146.036,-41.931],[146.05,-41.975],[146.015,-42.005],[146.023,-42.039],[146,-42.067],[146.075,-42.21],[146.091,-42.284],[146.107,-42.305],[146.096,-42.341],[146.099,-42.37],[146.11,-42.375],[146.118,-42.404],[146.133,-42.414],[146.126,-42.437],[146.081,-42.477],[146.09,-42.49],[146.074,-42.511],[146.053,-42.529],[146.029,-42.538],[146.033,-42.548],[145.993,-42.599],[145.98,-42.628],[145.964,-42.636],[145.967,-42.649],[145.955,-42.666],[145.934,-42.669],[145.928,-42.682],[145.909,-42.682],[145.887,-42.7],[145.867,-42.699],[145.843,-42.725],[145.854,-42.743],[145.948,-42.902],[145.934,-42.907],[145.941,-42.931],[145.993,-42.979],[145.991,-43.005],[145.978,-43.017],[145.978,-43.039],[146.089,-43.054],[146.222,-43.119],[146.459,-43.087],[146.648,-42.922],[146.655,-42.906],[146.655,-42.906],[146.647,-42.854],[146.657,-42.848],[146.697,-42.858],[146.723,-42.858],[146.739,-42.871],[146.766,-42.874],[146.781,-42.899],[146.805,-42.895],[146.846,-42.908],[146.855,-42.939],[146.874,-42.955],[146.88,-42.935],[146.917,-42.934],[146.937,-42.929],[146.926,-42.895],[146.955,-42.882],[146.971,-42.889],[147.009,-42.888],[147.01,-42.901],[147.045,-42.909],[147.051,-42.9],[147.15,-42.913],[147.15,-42.858],[147.154,-42.834],[147.174,-42.83],[147.179,-42.815],[147.201,-42.806],[147.201,-42.787],[147.227,-42.75],[147.262,-42.752],[147.261,-42.765],[147.271,-42.782],[147.293,-42.791],[147.348,-42.777],[147.369,-42.761],[147.419,-42.788],[147.434,-42.776]]],[[[148.012,-43.222],[147.987,-43.212],[147.967,-43.197],[147.965,-43.183],[147.983,-43.156],[148.003,-43.145],[147.983,-43.136],[147.954,-43.063],[147.953,-43.04],[147.93,-43.03],[147.927,-43.014],[147.952,-43.002],[147.962,-42.984],[147.976,-42.983],[148,-42.964],[147.987,-42.937],[147.999,-42.914],[147.973,-42.883],[147.958,-42.872],[147.941,-42.877],[147.925,-42.868],[147.923,-42.853],[147.892,-42.843],[147.874,-42.863],[147.874,-42.875],[147.904,-42.883],[147.884,-42.895],[147.853,-42.89],[147.816,-42.895],[147.823,-42.919],[147.818,-42.927],[147.848,-42.943],[147.85,-42.959],[147.83,-42.965],[147.825,-42.976],[147.845,-42.983],[147.839,-43.004],[147.871,-43.025],[147.863,-43.035],[147.836,-43.041],[147.841,-43.061],[147.808,-43.055],[147.773,-43.055],[147.749,-43.043],[147.745,-43.022],[147.731,-43.024],[147.708,-43.007],[147.73,-42.971],[147.726,-42.949],[147.7,-42.945],[147.679,-42.935],[147.666,-42.939],[147.684,-42.975],[147.683,-42.987],[147.667,-43],[147.655,-42.993],[147.628,-42.998],[147.618,-43.008],[147.628,-43.039],[147.623,-43.056],[147.627,-43.073],[147.67,-43.087],[147.686,-43.103],[147.741,-43.097],[147.73,-43.125],[147.703,-43.122],[147.689,-43.138],[147.701,-43.159],[147.695,-43.167],[147.711,-43.19],[147.778,-43.214],[147.781,-43.231],[147.801,-43.238],[147.804,-43.211],[147.843,-43.188],[147.867,-43.208],[147.872,-43.19],[147.853,-43.182],[147.862,-43.165],[147.846,-43.155],[147.871,-43.131],[147.887,-43.124],[147.894,-43.148],[147.895,-43.188],[147.946,-43.195],[147.949,-43.216],[147.963,-43.216],[148.003,-43.228],[148.012,-43.222]]],[[[148.169,-42.649],[148.151,-42.641],[148.136,-42.623],[148.137,-42.608],[148.12,-42.585],[148.089,-42.585],[148.067,-42.571],[148.046,-42.61],[148.029,-42.624],[148.038,-42.649],[148.058,-42.66],[148.062,-42.684],[148.039,-42.684],[148.034,-42.699],[148.012,-42.729],[148.024,-42.741],[148.042,-42.725],[148.068,-42.726],[148.093,-42.72],[148.095,-42.706],[148.081,-42.685],[148.068,-42.677],[148.083,-42.661],[148.112,-42.66],[148.128,-42.665],[148.169,-42.649]]],[[[148.346,-42.341],[148.326,-42.334],[148.315,-42.317],[148.317,-42.304],[148.294,-42.292],[148.285,-42.299],[148.254,-42.294],[148.236,-42.307],[148.237,-42.318],[148.253,-42.329],[148.273,-42.327],[148.308,-42.343],[148.346,-42.341]]]]}},{"type":"Feature","properties":{"name":"Adelaide"},"geometry":{"type":"Polygon","coordinates":[[[138.626,-34.965],[138.624,-34.928],[138.613,-34.91],[138.626,-34.879],[138.637,-34.869],[138.635,-34.847],[138.565,-34.85],[138.547,-34.851],[138.552,-34.904],[138.555,-34.967],[138.585,-34.952],[138.597,-34.966],[138.626,-34.965]]]}},{"type":"Feature","properties":{"name":"Barker"},"geometry":{"type":"Polygon","coordinates":[[[138.887,-35.559],[138.89,-35.563],[138.951,-35.591],[139.032,-35.636],[139.103,-35.68],[139.212,-35.755],[139.268,-35.798],[139.331,-35.851],[139.414,-35.927],[139.484,-36],[139.551,-36.077],[139.591,-36.129],[139.655,-36.222],[139.709,-36.312],[139.757,-36.411],[139.788,-36.469],[139.821,-36.557],[139.846,-36.629],[139.861,-36.687],[139.864,-36.718],[139.862,-36.768],[139.85,-36.824],[139.836,-36.849],[139.819,-36.869],[139.78,-36.899],[139.747,-36.91],[139.696,-36.94],[139.675,-36.942],[139.67,-36.959],[139.693,-36.982],[139.722,-37.001],[139.742,-37.024],[139.739,-37.046],[139.745,-37.075],[139.766,-37.08],[139.782,-37.096],[139.795,-37.126],[139.794,-37.146],[139.777,-37.165],[139.753,-37.162],[139.74,-37.18],[139.758,-37.194],[139.796,-37.259],[139.831,-37.305],[139.866,-37.336],[139.889,-37.375],[139.91,-37.389],[139.93,-37.418],[139.946,-37.429],[139.981,-37.466],[140.015,-37.488],[140.032,-37.474],[140.06,-37.484],[140.076,-37.502],[140.106,-37.519],[140.129,-37.542],[140.13,-37.56],[140.113,-37.576],[140.185,-37.623],[140.225,-37.661],[140.267,-37.71],[140.318,-37.788],[140.327,-37.811],[140.36,-37.859],[140.377,-37.898],[140.421,-37.93],[140.454,-37.936],[140.47,-37.951],[140.49,-37.96],[140.517,-37.99],[140.552,-38.006],[140.567,-38.009],[140.571,-38.022],[140.607,-38.028],[140.642,-38.041],[140.662,-38.06],[140.717,-38.052],[140.768,-38.057],[140.79,-38.045],[140.808,-38.049],[140.842,-38.041],[140.874,-38.051],[140.902,-38.048],[140.918,-38.052],[140.966,-38.056],[140.967,-37.999],[140.967,-37.994],[140.969,-37.876],[140.972,-37.731],[140.972,-37.718],[140.973,-37.663],[140.973,-37.654],[140.973,-37.64],[140.973,-37.554],[140.974,-37.411],[140.973,-37.358],[140.973,-37.343],[140.973,-37.31],[140.972,-37.271],[140.972,-37.179],[140.972,-37.162],[140.972,-37.131],[140.972,-37.111],[140.972,-37.092],[140.971,-36.97],[140.97,-36.886],[140.97,-36.865],[140.97,-36.857],[140.97,-36.849],[140.969,-36.694],[140.969,-36.694],[140.969,-36.669],[140.969,-36.604],[140.968,-36.487],[140.968,-36.449],[140.967,-36.374],[140.966,-36.257],[140.966,-36.176],[140.964,-35.963],[140.963,-35.748],[140.966,-35.416],[140.966,-35.238],[140.966,-35.107],[140.966,-35.008],[140.966,-34.961],[140.966,-34.928],[140.965,-34.869],[140.965,-34.638],[140.964,-34.503],[140.964,-34.439],[140.964,-34.369],[140.963,-34.203],[140.962,-34.151],[140.963,-33.999],[140.964,-33.981],[140.966,-33.981],[140.969,-33.997],[140.985,-34.013],[140.985,-34.013],[141.002,-34.021],[141.002,-34.021],[141.003,-34.022],[141.003,-33.884],[141.003,-33.854],[141.003,-33.679],[141.003,-33.585],[141.003,-33.499],[141.002,-33.437],[141.002,-33.329],[141.002,-33.311],[140.374,-33.31],[140.375,-34.005],[140.216,-34.006],[140.216,-33.945],[139.857,-33.944],[139.857,-33.875],[139.7,-33.875],[139.7,-33.801],[139.356,-33.803],[139.357,-34.126],[139.358,-34.175],[139.351,-34.209],[139.351,-34.319],[139.264,-34.319],[139.264,-34.296],[139.215,-34.31],[139.191,-34.321],[139.163,-34.327],[139.156,-34.335],[139.105,-34.33],[139.127,-34.315],[139.034,-34.307],[139.049,-34.267],[139.049,-34.245],[139.005,-34.245],[138.998,-34.256],[138.978,-34.253],[138.965,-34.193],[138.909,-34.198],[138.903,-34.188],[138.865,-34.188],[138.838,-34.193],[138.839,-34.232],[138.828,-34.241],[138.838,-34.266],[138.837,-34.301],[138.779,-34.298],[138.786,-34.318],[138.785,-34.341],[138.755,-34.375],[138.749,-34.429],[138.744,-34.445],[138.753,-34.514],[138.747,-34.558],[138.758,-34.562],[138.821,-34.562],[138.825,-34.591],[138.801,-34.61],[138.816,-34.639],[138.79,-34.661],[138.837,-34.673],[138.848,-34.681],[138.86,-34.703],[138.888,-34.701],[138.909,-34.708],[138.927,-34.735],[138.928,-34.756],[138.988,-34.781],[139.005,-34.799],[139.044,-34.817],[139.037,-34.823],[139.001,-34.834],[139.009,-34.864],[138.981,-34.883],[138.975,-34.895],[139.035,-34.929],[139.02,-34.949],[139.041,-34.977],[139.031,-35.002],[139.038,-35.013],[139.031,-35.033],[139.029,-35.06],[139.044,-35.112],[139.027,-35.139],[139.067,-35.166],[139.066,-35.215],[139.086,-35.217],[139.108,-35.232],[139.158,-35.253],[139.145,-35.472],[139.047,-35.501],[139.034,-35.513],[139.007,-35.513],[138.981,-35.518],[138.967,-35.529],[138.962,-35.547],[138.933,-35.562],[138.904,-35.555],[138.887,-35.559]]]}},{"type":"Feature","properties":{"name":"Boothby"},"geometry":{"type":"Polygon","coordinates":[[[138.586,-35.038],[138.625,-35.031],[138.62,-35.017],[138.649,-35.016],[138.672,-35.026],[138.68,-35],[138.665,-34.982],[138.675,-34.974],[138.655,-34.973],[138.644,-34.964],[138.626,-34.965],[138.597,-34.966],[138.585,-34.952],[138.555,-34.967],[138.538,-34.976],[138.523,-34.965],[138.509,-34.964],[138.511,-35.006],[138.517,-35.027],[138.504,-35.057],[138.56,-35.054],[138.561,-35.037],[138.586,-35.038]]]}},{"type":"Feature","properties":{"name":"Grey"},"geometry":{"type":"MultiPolygon","coordinates":[[[[141.002,-33.311],[141.002,-33.227],[141.002,-33.075],[141.002,-32.932],[141.002,-32.84],[141.002,-32.724],[141.002,-32.218],[141.001,-32.079],[141.001,-32.076],[141.001,-31.932],[141.001,-31.684],[141.001,-31.507],[141.001,-31.426],[141.001,-31.354],[141.001,-31.2],[141.001,-31.093],[141.001,-31.048],[141.001,-30.97],[141.001,-30.757],[141.001,-30.751],[141.001,-30.737],[141.001,-30.708],[141.001,-30.702],[141.001,-30.621],[141.001,-30.475],[141,-30.266],[141,-30.184],[141,-30.051],[141,-29.904],[141,-29.732],[141,-29.472],[141,-29.205],[141,-29.18],[140.999,-28.999],[140.999,-28.823],[140.999,-28.539],[140.996,-28.069],[140.997,-27.669],[140.997,-27.285],[140.998,-26.909],[140.998,-26.762],[140.999,-26.734],[140.999,-26.498],[140.999,-26.318],[140.999,-25.996],[140.772,-25.996],[140.605,-25.996],[140.355,-25.997],[139.873,-25.997],[139.575,-25.997],[139.237,-25.997],[138.948,-25.997],[138.698,-25.997],[138.489,-25.997],[138.166,-25.997],[137.999,-25.997],[137.749,-25.997],[137.416,-25.997],[137.166,-25.998],[136.999,-25.998],[136.666,-25.998],[136.501,-25.998],[136.249,-25.998],[136.083,-25.998],[135.799,-25.999],[135.401,-25.999],[134.774,-25.999],[134.149,-25.999],[133.503,-25.999],[133.315,-25.999],[132.993,-25.999],[132.415,-25.999],[132.045,-25.999],[131.954,-25.999],[131.751,-25.999],[131.372,-25.999],[131.048,-25.999],[130.743,-25.999],[130.499,-25.999],[130.105,-25.999],[129.801,-25.999],[129.503,-25.999],[129.307,-25.999],[129.002,-25.999],[129.002,-26.222],[129.002,-26.472],[129.002,-26.803],[129.001,-26.889],[129.001,-27.306],[129.001,-27.889],[129.001,-28.116],[129.002,-28.306],[129.002,-28.472],[129.002,-28.722],[129.002,-28.972],[129.002,-29.139],[129.002,-29.389],[129.002,-29.556],[129.002,-29.806],[129.002,-29.972],[129.001,-30.305],[129.001,-30.763],[129.001,-30.999],[129.001,-31.222],[129.001,-31.434],[129.001,-31.687],[129.05,-31.675],[129.14,-31.668],[129.195,-31.659],[129.289,-31.652],[129.37,-31.64],[129.433,-31.637],[129.528,-31.623],[129.616,-31.616],[129.681,-31.617],[129.723,-31.614],[129.77,-31.608],[129.833,-31.608],[129.866,-31.604],[129.886,-31.596],[129.938,-31.589],[129.97,-31.591],[130.02,-31.586],[130.039,-31.588],[130.12,-31.586],[130.158,-31.577],[130.222,-31.58],[130.247,-31.574],[130.275,-31.574],[130.345,-31.584],[130.429,-31.584],[130.489,-31.593],[130.525,-31.592],[130.568,-31.586],[130.599,-31.589],[130.673,-31.601],[130.734,-31.606],[130.791,-31.607],[130.846,-31.598],[130.903,-31.577],[130.94,-31.567],[131.026,-31.538],[131.058,-31.522],[131.066,-31.506],[131.082,-31.491],[131.115,-31.476],[131.13,-31.464],[131.149,-31.464],[131.187,-31.472],[131.245,-31.492],[131.318,-31.522],[131.352,-31.537],[131.376,-31.545],[131.48,-31.588],[131.57,-31.628],[131.683,-31.681],[131.803,-31.745],[131.852,-31.779],[131.856,-31.786],[131.909,-31.814],[131.96,-31.847],[132.001,-31.877],[132.073,-31.918],[132.117,-31.955],[132.131,-31.98],[132.152,-32.003],[132.167,-32.006],[132.176,-32.018],[132.201,-32.027],[132.209,-32.024],[132.271,-32.032],[132.278,-32.024],[132.335,-32.029],[132.343,-32.014],[132.382,-32.01],[132.398,-32],[132.421,-32],[132.454,-32.024],[132.46,-32.01],[132.442,-32.007],[132.437,-31.993],[132.455,-31.961],[132.478,-31.947],[132.531,-31.935],[132.595,-31.934],[132.63,-31.942],[132.666,-31.957],[132.686,-31.951],[132.715,-31.956],[132.745,-31.949],[132.779,-31.959],[132.822,-31.979],[132.848,-31.994],[132.903,-32.036],[132.935,-32.054],[132.947,-32.054],[132.974,-32.073],[132.983,-32.098],[133.008,-32.084],[133.033,-32.098],[133.055,-32.105],[133.1,-32.135],[133.136,-32.171],[133.128,-32.191],[133.146,-32.196],[133.147,-32.175],[133.179,-32.172],[133.232,-32.192],[133.258,-32.206],[133.275,-32.195],[133.278,-32.184],[133.335,-32.18],[133.404,-32.198],[133.426,-32.195],[133.426,-32.173],[133.401,-32.169],[133.394,-32.149],[133.398,-32.138],[133.42,-32.128],[133.432,-32.13],[133.449,-32.119],[133.46,-32.103],[133.475,-32.101],[133.486,-32.114],[133.484,-32.127],[133.502,-32.129],[133.494,-32.146],[133.504,-32.155],[133.522,-32.151],[133.535,-32.166],[133.556,-32.159],[133.584,-32.142],[133.573,-32.121],[133.582,-32.096],[133.601,-32.084],[133.644,-32.096],[133.672,-32.107],[133.67,-32.135],[133.693,-32.156],[133.683,-32.193],[133.688,-32.199],[133.715,-32.195],[133.753,-32.204],[133.762,-32.225],[133.755,-32.233],[133.774,-32.263],[133.797,-32.253],[133.807,-32.234],[133.826,-32.238],[133.826,-32.251],[133.839,-32.255],[133.867,-32.279],[133.881,-32.305],[133.902,-32.318],[133.935,-32.382],[133.952,-32.392],[133.947,-32.412],[133.919,-32.428],[133.894,-32.429],[133.887,-32.423],[133.888,-32.398],[133.866,-32.401],[133.867,-32.42],[133.851,-32.462],[133.862,-32.483],[133.847,-32.508],[133.857,-32.529],[133.867,-32.537],[133.894,-32.528],[133.921,-32.495],[133.945,-32.493],[133.991,-32.505],[133.992,-32.489],[134.007,-32.475],[134.042,-32.459],[134.078,-32.47],[134.086,-32.457],[134.119,-32.454],[134.163,-32.469],[134.183,-32.482],[134.223,-32.525],[134.25,-32.55],[134.266,-32.574],[134.278,-32.609],[134.283,-32.654],[134.294,-32.662],[134.284,-32.685],[134.287,-32.7],[134.272,-32.71],[134.264,-32.73],[134.241,-32.749],[134.232,-32.762],[134.231,-32.781],[134.212,-32.795],[134.197,-32.796],[134.189,-32.77],[134.199,-32.749],[134.165,-32.737],[134.145,-32.72],[134.107,-32.721],[134.09,-32.712],[134.06,-32.722],[134.073,-32.74],[134.091,-32.75],[134.12,-32.785],[134.138,-32.832],[134.132,-32.857],[134.099,-32.876],[134.077,-32.882],[134.08,-32.895],[134.072,-32.913],[134.091,-32.926],[134.106,-32.912],[134.119,-32.915],[134.127,-32.934],[134.162,-32.925],[134.179,-32.932],[134.202,-32.964],[134.206,-32.988],[134.201,-33.007],[134.19,-33.016],[134.167,-33.009],[134.149,-33.016],[134.147,-33.029],[134.169,-33.051],[134.2,-33.035],[134.223,-33.04],[134.237,-33.051],[134.253,-33.094],[134.259,-33.095],[134.267,-33.139],[134.26,-33.153],[134.317,-33.187],[134.328,-33.199],[134.349,-33.191],[134.347,-33.161],[134.358,-33.148],[134.351,-33.139],[134.327,-33.132],[134.313,-33.112],[134.295,-33.118],[134.263,-33.083],[134.262,-33.06],[134.28,-33.053],[134.291,-33.058],[134.294,-33.073],[134.307,-33.089],[134.331,-33.096],[134.34,-33.112],[134.36,-33.127],[134.369,-33.176],[134.385,-33.173],[134.415,-33.149],[134.45,-33.145],[134.506,-33.161],[134.542,-33.181],[134.547,-33.19],[134.574,-33.192],[134.609,-33.218],[134.632,-33.244],[134.644,-33.223],[134.631,-33.213],[134.624,-33.195],[134.606,-33.198],[134.576,-33.189],[134.558,-33.161],[134.601,-33.141],[134.634,-33.162],[134.667,-33.161],[134.7,-33.173],[134.718,-33.197],[134.718,-33.231],[134.691,-33.229],[134.663,-33.233],[134.688,-33.25],[134.697,-33.263],[134.712,-33.263],[134.739,-33.276],[134.76,-33.308],[134.802,-33.328],[134.827,-33.382],[134.843,-33.431],[134.861,-33.505],[134.863,-33.548],[134.84,-33.593],[134.845,-33.632],[134.861,-33.644],[134.87,-33.635],[134.886,-33.643],[134.881,-33.655],[134.919,-33.677],[134.937,-33.692],[134.985,-33.717],[135.026,-33.744],[135.068,-33.784],[135.082,-33.804],[135.095,-33.81],[135.129,-33.836],[135.151,-33.858],[135.163,-33.878],[135.182,-33.878],[135.192,-33.898],[135.189,-33.907],[135.2,-33.923],[135.228,-33.951],[135.252,-33.981],[135.27,-34.016],[135.269,-34.035],[135.281,-34.072],[135.273,-34.086],[135.275,-34.115],[135.241,-34.148],[135.272,-34.17],[135.292,-34.175],[135.315,-34.202],[135.344,-34.261],[135.352,-34.288],[135.36,-34.344],[135.357,-34.367],[135.365,-34.383],[135.359,-34.42],[135.388,-34.441],[135.391,-34.488],[135.396,-34.497],[135.379,-34.511],[135.378,-34.525],[135.395,-34.546],[135.399,-34.566],[135.389,-34.594],[135.414,-34.587],[135.411,-34.562],[135.398,-34.538],[135.402,-34.518],[135.446,-34.537],[135.444,-34.57],[135.432,-34.603],[135.461,-34.587],[135.496,-34.6],[135.508,-34.595],[135.517,-34.611],[135.478,-34.618],[135.451,-34.616],[135.447,-34.63],[135.411,-34.638],[135.393,-34.638],[135.391,-34.623],[135.361,-34.62],[135.35,-34.604],[135.357,-34.59],[135.35,-34.575],[135.33,-34.572],[135.304,-34.56],[135.299,-34.547],[135.314,-34.527],[135.313,-34.518],[135.295,-34.509],[135.261,-34.51],[135.216,-34.495],[135.212,-34.462],[135.216,-34.456],[135.21,-34.434],[135.195,-34.434],[135.19,-34.454],[135.173,-34.465],[135.16,-34.489],[135.146,-34.502],[135.144,-34.52],[135.13,-34.528],[135.134,-34.544],[135.127,-34.556],[135.129,-34.59],[135.144,-34.592],[135.147,-34.573],[135.174,-34.555],[135.202,-34.555],[135.229,-34.544],[135.252,-34.552],[135.277,-34.569],[135.298,-34.598],[135.324,-34.609],[135.342,-34.629],[135.349,-34.65],[135.345,-34.681],[135.38,-34.687],[135.409,-34.7],[135.44,-34.719],[135.474,-34.744],[135.494,-34.766],[135.502,-34.784],[135.554,-34.827],[135.552,-34.831],[135.605,-34.879],[135.624,-34.908],[135.619,-34.939],[135.64,-34.943],[135.655,-34.937],[135.684,-34.946],[135.688,-34.923],[135.702,-34.907],[135.712,-34.865],[135.736,-34.858],[135.763,-34.857],[135.817,-34.868],[135.847,-34.881],[135.859,-34.899],[135.864,-34.919],[135.91,-34.937],[135.929,-34.948],[135.928,-34.958],[135.941,-34.986],[135.96,-34.992],[135.984,-34.989],[136.003,-34.977],[135.988,-34.953],[135.993,-34.93],[135.987,-34.911],[135.976,-34.906],[135.973,-34.886],[135.963,-34.877],[135.96,-34.848],[135.984,-34.829],[135.994,-34.827],[136.004,-34.799],[136.002,-34.781],[136.013,-34.763],[136.007,-34.738],[135.99,-34.728],[135.99,-34.769],[135.984,-34.783],[135.961,-34.784],[135.954,-34.761],[135.93,-34.768],[135.897,-34.804],[135.861,-34.808],[135.834,-34.819],[135.786,-34.81],[135.81,-34.782],[135.846,-34.753],[135.879,-34.76],[135.88,-34.72],[135.854,-34.715],[135.854,-34.665],[135.861,-34.635],[135.872,-34.624],[135.895,-34.615],[135.912,-34.629],[135.933,-34.634],[135.931,-34.609],[135.911,-34.61],[135.904,-34.586],[135.931,-34.53],[135.958,-34.51],[135.972,-34.505],[135.983,-34.514],[136.017,-34.508],[136.028,-34.482],[136.062,-34.48],[136.077,-34.486],[136.076,-34.506],[136.099,-34.522],[136.11,-34.517],[136.118,-34.489],[136.11,-34.481],[136.122,-34.467],[136.114,-34.458],[136.119,-34.434],[136.092,-34.43],[136.119,-34.407],[136.104,-34.383],[136.108,-34.365],[136.131,-34.344],[136.188,-34.335],[136.22,-34.309],[136.26,-34.269],[136.265,-34.24],[136.3,-34.196],[136.324,-34.182],[136.331,-34.148],[136.354,-34.12],[136.347,-34.1],[136.363,-34.069],[136.409,-34.033],[136.448,-34.005],[136.47,-34.002],[136.505,-33.989],[136.512,-33.981],[136.577,-33.942],[136.572,-33.924],[136.594,-33.899],[136.622,-33.89],[136.645,-33.887],[136.691,-33.866],[136.728,-33.836],[136.74,-33.832],[136.778,-33.831],[136.78,-33.822],[136.8,-33.803],[136.857,-33.798],[136.95,-33.756],[136.99,-33.726],[137.026,-33.72],[137.035,-33.71],[137.07,-33.699],[137.124,-33.701],[137.168,-33.69],[137.182,-33.673],[137.209,-33.664],[137.227,-33.637],[137.252,-33.608],[137.264,-33.578],[137.277,-33.569],[137.296,-33.506],[137.325,-33.459],[137.361,-33.439],[137.361,-33.415],[137.384,-33.378],[137.377,-33.344],[137.383,-33.297],[137.407,-33.273],[137.414,-33.256],[137.439,-33.218],[137.442,-33.152],[137.462,-33.129],[137.492,-33.12],[137.535,-33.095],[137.536,-33.087],[137.574,-33.045],[137.596,-33.035],[137.6,-33.018],[137.595,-32.999],[137.612,-32.974],[137.635,-32.959],[137.661,-32.951],[137.691,-32.96],[137.712,-32.974],[137.721,-32.99],[137.747,-32.995],[137.783,-32.993],[137.774,-32.969],[137.76,-32.949],[137.75,-32.922],[137.758,-32.907],[137.789,-32.915],[137.798,-32.894],[137.792,-32.871],[137.81,-32.846],[137.797,-32.778],[137.809,-32.748],[137.779,-32.713],[137.752,-32.721],[137.757,-32.696],[137.751,-32.677],[137.754,-32.651],[137.763,-32.622],[137.765,-32.597],[137.759,-32.556],[137.75,-32.532],[137.762,-32.509],[137.785,-32.529],[137.785,-32.553],[137.827,-32.563],[137.836,-32.575],[137.803,-32.603],[137.806,-32.613],[137.836,-32.638],[137.849,-32.639],[137.869,-32.675],[137.86,-32.689],[137.843,-32.699],[137.888,-32.716],[137.92,-32.744],[137.942,-32.756],[137.942,-32.765],[137.917,-32.769],[137.903,-32.777],[137.902,-32.802],[137.912,-32.853],[137.925,-32.875],[137.938,-32.93],[137.94,-32.948],[137.958,-32.99],[137.952,-33.006],[137.966,-33.017],[138,-33.023],[138.019,-33.036],[138.042,-33.077],[138.045,-33.091],[138.036,-33.103],[138.054,-33.114],[138.048,-33.136],[138.018,-33.161],[138.001,-33.144],[137.977,-33.145],[137.959,-33.163],[137.94,-33.158],[137.929,-33.175],[137.912,-33.172],[137.88,-33.183],[137.838,-33.207],[137.813,-33.261],[137.817,-33.286],[137.843,-33.317],[137.861,-33.329],[137.881,-33.322],[137.883,-33.359],[137.874,-33.365],[137.871,-33.397],[137.909,-33.438],[137.912,-33.451],[137.93,-33.48],[137.933,-33.5],[137.943,-33.508],[137.938,-33.544],[137.944,-33.551],[137.976,-33.55],[137.965,-33.574],[137.937,-33.573],[137.919,-33.587],[137.892,-33.588],[137.879,-33.597],[137.862,-33.627],[137.835,-33.642],[137.798,-33.686],[137.773,-33.697],[137.737,-33.738],[137.727,-33.768],[137.681,-33.801],[137.667,-33.816],[137.642,-33.832],[137.616,-33.866],[137.601,-33.877],[137.629,-33.902],[137.631,-33.922],[137.602,-33.935],[137.564,-33.972],[137.559,-33.989],[137.531,-34.001],[137.559,-34.022],[137.567,-34.044],[137.543,-34.089],[137.526,-34.108],[137.516,-34.135],[137.48,-34.137],[137.454,-34.132],[137.449,-34.139],[137.464,-34.17],[137.483,-34.192],[137.5,-34.227],[137.497,-34.283],[137.499,-34.318],[137.484,-34.343],[137.482,-34.371],[137.472,-34.397],[137.447,-34.398],[137.438,-34.428],[137.414,-34.451],[137.428,-34.47],[137.44,-34.458],[137.444,-34.44],[137.467,-34.427],[137.48,-34.436],[137.487,-34.481],[137.476,-34.519],[137.489,-34.551],[137.507,-34.583],[137.509,-34.623],[137.506,-34.647],[137.493,-34.669],[137.488,-34.711],[137.478,-34.739],[137.476,-34.763],[137.459,-34.81],[137.457,-34.89],[137.449,-34.91],[137.43,-34.929],[137.41,-34.942],[137.375,-34.954],[137.361,-34.95],[137.347,-34.93],[137.32,-34.931],[137.304,-34.924],[137.29,-34.9],[137.276,-34.894],[137.222,-34.905],[137.2,-34.901],[137.158,-34.916],[137.093,-34.92],[137.077,-34.919],[137.048,-34.904],[137.009,-34.898],[137.013,-34.92],[136.992,-34.936],[136.976,-34.942],[136.969,-34.976],[136.971,-34.996],[136.933,-35.025],[136.955,-35.065],[136.96,-35.089],[136.947,-35.105],[136.934,-35.139],[136.895,-35.162],[136.89,-35.184],[136.866,-35.194],[136.846,-35.19],[136.846,-35.229],[136.831,-35.235],[136.83,-35.25],[136.851,-35.282],[136.871,-35.287],[136.883,-35.3],[136.9,-35.286],[136.944,-35.282],[136.946,-35.269],[136.967,-35.267],[136.97,-35.252],[137.001,-35.223],[137.049,-35.223],[137.144,-35.243],[137.188,-35.23],[137.19,-35.209],[137.211,-35.183],[137.238,-35.165],[137.26,-35.159],[137.3,-35.168],[137.334,-35.168],[137.352,-35.134],[137.374,-35.121],[137.424,-35.098],[137.468,-35.1],[137.511,-35.119],[137.521,-35.113],[137.555,-35.117],[137.61,-35.146],[137.637,-35.168],[137.681,-35.165],[137.688,-35.148],[137.711,-35.136],[137.732,-35.131],[137.759,-35.114],[137.743,-35.103],[137.749,-35.085],[137.727,-35.049],[137.764,-35.041],[137.757,-34.998],[137.774,-34.959],[137.784,-34.947],[137.792,-34.921],[137.802,-34.915],[137.796,-34.894],[137.8,-34.878],[137.832,-34.813],[137.863,-34.781],[137.858,-34.774],[137.867,-34.745],[137.869,-34.723],[137.881,-34.695],[137.877,-34.668],[137.886,-34.646],[137.901,-34.633],[137.907,-34.615],[137.893,-34.612],[137.876,-34.599],[137.876,-34.581],[137.885,-34.567],[137.885,-34.515],[137.899,-34.493],[137.899,-34.481],[137.911,-34.457],[137.916,-34.431],[137.946,-34.399],[137.986,-34.37],[138.007,-34.349],[138.015,-34.325],[138.021,-34.285],[138.002,-34.262],[138.009,-34.236],[138.027,-34.223],[138.031,-34.202],[138.046,-34.171],[138.068,-34.141],[138.09,-34.132],[138.146,-34.192],[138.159,-34.209],[138.167,-34.238],[138.159,-34.272],[138.195,-34.274],[138.222,-34.31],[138.231,-34.344],[138.225,-34.366],[138.24,-34.386],[138.258,-34.434],[138.264,-34.474],[138.304,-34.506],[138.332,-34.52],[138.342,-34.533],[138.353,-34.563],[138.364,-34.578],[138.394,-34.597],[138.406,-34.599],[138.418,-34.622],[138.426,-34.622],[138.442,-34.646],[138.43,-34.664],[138.445,-34.67],[138.467,-34.672],[138.5,-34.647],[138.524,-34.637],[138.591,-34.639],[138.626,-34.627],[138.638,-34.632],[138.684,-34.611],[138.686,-34.596],[138.715,-34.591],[138.703,-34.565],[138.724,-34.556],[138.747,-34.558],[138.753,-34.514],[138.744,-34.445],[138.749,-34.429],[138.755,-34.375],[138.785,-34.341],[138.786,-34.318],[138.779,-34.298],[138.837,-34.301],[138.838,-34.266],[138.828,-34.241],[138.839,-34.232],[138.838,-34.193],[138.865,-34.188],[138.903,-34.188],[138.909,-34.198],[138.965,-34.193],[138.978,-34.253],[138.998,-34.256],[139.005,-34.245],[139.049,-34.245],[139.049,-34.267],[139.034,-34.307],[139.127,-34.315],[139.105,-34.33],[139.156,-34.335],[139.163,-34.327],[139.191,-34.321],[139.215,-34.31],[139.264,-34.296],[139.264,-34.319],[139.351,-34.319],[139.351,-34.209],[139.358,-34.175],[139.357,-34.126],[139.356,-33.803],[139.7,-33.801],[139.7,-33.875],[139.857,-33.875],[139.857,-33.944],[140.216,-33.945],[140.216,-34.006],[140.375,-34.005],[140.374,-33.31],[141.002,-33.311]]],[[[136.205,-35.053],[136.195,-35.05],[136.19,-35.024],[136.194,-35.016],[136.146,-34.984],[136.13,-34.952],[136.109,-34.934],[136.083,-34.945],[136.084,-34.967],[136.11,-34.975],[136.157,-35.008],[136.152,-35.025],[136.154,-35.045],[136.168,-35.059],[136.205,-35.053]]],[[[134.548,-33.721],[134.538,-33.713],[134.528,-33.678],[134.469,-33.694],[134.465,-33.737],[134.447,-33.772],[134.464,-33.768],[134.5,-33.739],[134.518,-33.718],[134.548,-33.721]]],[[[133.674,-32.233],[133.655,-32.232],[133.624,-32.239],[133.583,-32.268],[133.551,-32.264],[133.542,-32.278],[133.545,-32.299],[133.563,-32.317],[133.58,-32.307],[133.608,-32.301],[133.619,-32.274],[133.61,-32.263],[133.622,-32.251],[133.648,-32.238],[133.674,-32.233]]],[[[137.382,-34.497],[137.374,-34.483],[137.375,-34.469],[137.363,-34.462],[137.337,-34.499],[137.342,-34.526],[137.364,-34.53],[137.371,-34.506],[137.382,-34.497]]],[[[135.953,-34.724],[135.94,-34.711],[135.943,-34.695],[135.932,-34.681],[135.912,-34.696],[135.921,-34.714],[135.953,-34.724]]],[[[136.495,-35.167],[136.46,-35.138],[136.442,-35.156],[136.492,-35.175],[136.495,-35.167]]],[[[133.311,-32.51],[133.308,-32.498],[133.28,-32.507],[133.302,-32.523],[133.311,-32.51]]],[[[136.359,-34.664],[136.353,-34.653],[136.336,-34.651],[136.33,-34.663],[136.342,-34.674],[136.359,-34.664]]],[[[133.531,-32.305],[133.505,-32.307],[133.507,-32.319],[133.531,-32.305]]]]}},{"type":"Feature","properties":{"name":"Hindmarsh"},"geometry":{"type":"MultiPolygon","coordinates":[[[[138.565,-34.85],[138.566,-34.825],[138.516,-34.811],[138.51,-34.8],[138.516,-34.772],[138.505,-34.763],[138.488,-34.771],[138.478,-34.783],[138.488,-34.796],[138.489,-34.818],[138.476,-34.845],[138.476,-34.857],[138.5,-34.945],[138.509,-34.964],[138.523,-34.965],[138.538,-34.976],[138.555,-34.967],[138.552,-34.904],[138.547,-34.851],[138.565,-34.85]]],[[[138.546,-34.799],[138.529,-34.773],[138.519,-34.781],[138.516,-34.8],[138.546,-34.799]]]]}},{"type":"Feature","properties":{"name":"Kingston"},"geometry":{"type":"Polygon","coordinates":[[[138.462,-35.247],[138.494,-35.243],[138.491,-35.207],[138.496,-35.188],[138.52,-35.169],[138.539,-35.161],[138.58,-35.156],[138.594,-35.107],[138.586,-35.1],[138.619,-35.086],[138.625,-35.064],[138.61,-35.05],[138.586,-35.038],[138.561,-35.037],[138.56,-35.054],[138.504,-35.057],[138.494,-35.084],[138.481,-35.095],[138.467,-35.121],[138.469,-35.164],[138.465,-35.173],[138.471,-35.212],[138.47,-35.239],[138.462,-35.247]]]}},{"type":"Feature","properties":{"name":"Makin"},"geometry":{"type":"Polygon","coordinates":[[[138.78,-34.767],[138.756,-34.745],[138.731,-34.737],[138.72,-34.755],[138.68,-34.756],[138.647,-34.792],[138.607,-34.768],[138.575,-34.788],[138.551,-34.786],[138.548,-34.81],[138.566,-34.825],[138.565,-34.85],[138.635,-34.847],[138.705,-34.843],[138.73,-34.837],[138.747,-34.841],[138.754,-34.823],[138.751,-34.807],[138.759,-34.786],[138.78,-34.767]]]}},{"type":"Feature","properties":{"name":"Mayo"},"geometry":{"type":"MultiPolygon","coordinates":[[[[138.887,-35.559],[138.904,-35.555],[138.933,-35.562],[138.962,-35.547],[138.967,-35.529],[138.981,-35.518],[139.007,-35.513],[139.034,-35.513],[139.047,-35.501],[139.145,-35.472],[139.158,-35.253],[139.108,-35.232],[139.086,-35.217],[139.066,-35.215],[139.067,-35.166],[139.027,-35.139],[139.044,-35.112],[139.029,-35.06],[139.031,-35.033],[139.038,-35.013],[139.031,-35.002],[139.041,-34.977],[139.02,-34.949],[139.035,-34.929],[138.975,-34.895],[138.981,-34.883],[139.009,-34.864],[139.001,-34.834],[139.037,-34.823],[139.044,-34.817],[139.005,-34.799],[138.988,-34.781],[138.928,-34.756],[138.927,-34.735],[138.909,-34.708],[138.888,-34.701],[138.86,-34.703],[138.848,-34.681],[138.84,-34.7],[138.812,-34.742],[138.81,-34.775],[138.78,-34.767],[138.759,-34.786],[138.751,-34.807],[138.754,-34.823],[138.747,-34.841],[138.741,-34.86],[138.724,-34.864],[138.707,-34.882],[138.706,-34.901],[138.69,-34.912],[138.698,-34.921],[138.672,-34.951],[138.675,-34.974],[138.665,-34.982],[138.68,-35],[138.672,-35.026],[138.649,-35.016],[138.62,-35.017],[138.625,-35.031],[138.586,-35.038],[138.61,-35.05],[138.625,-35.064],[138.619,-35.086],[138.586,-35.1],[138.594,-35.107],[138.58,-35.156],[138.539,-35.161],[138.52,-35.169],[138.496,-35.188],[138.491,-35.207],[138.494,-35.243],[138.462,-35.247],[138.458,-35.264],[138.444,-35.271],[138.448,-35.312],[138.44,-35.351],[138.41,-35.366],[138.382,-35.371],[138.341,-35.393],[138.29,-35.472],[138.224,-35.51],[138.194,-35.524],[138.169,-35.518],[138.123,-35.561],[138.115,-35.582],[138.094,-35.603],[138.096,-35.624],[138.129,-35.645],[138.165,-35.661],[138.191,-35.665],[138.223,-35.662],[138.255,-35.65],[138.266,-35.641],[138.3,-35.638],[138.41,-35.641],[138.431,-35.629],[138.484,-35.632],[138.526,-35.641],[138.569,-35.607],[138.605,-35.589],[138.599,-35.578],[138.632,-35.544],[138.691,-35.533],[138.693,-35.523],[138.711,-35.513],[138.768,-35.522],[138.832,-35.541],[138.878,-35.559],[138.887,-35.559]]],[[[138.135,-35.841],[138.119,-35.82],[138.088,-35.804],[138.067,-35.78],[138.069,-35.763],[138.046,-35.743],[138.015,-35.731],[137.973,-35.72],[137.944,-35.721],[137.907,-35.717],[137.894,-35.728],[137.892,-35.758],[137.852,-35.795],[137.823,-35.8],[137.779,-35.794],[137.763,-35.798],[137.765,-35.811],[137.798,-35.81],[137.813,-35.825],[137.795,-35.834],[137.768,-35.829],[137.749,-35.834],[137.744,-35.806],[137.79,-35.765],[137.803,-35.758],[137.78,-35.724],[137.769,-35.723],[137.732,-35.736],[137.668,-35.74],[137.627,-35.732],[137.602,-35.736],[137.578,-35.726],[137.578,-35.714],[137.603,-35.693],[137.606,-35.679],[137.621,-35.665],[137.643,-35.655],[137.641,-35.64],[137.617,-35.636],[137.583,-35.642],[137.57,-35.633],[137.57,-35.619],[137.608,-35.591],[137.63,-35.592],[137.634,-35.568],[137.623,-35.561],[137.609,-35.571],[137.585,-35.569],[137.563,-35.572],[137.547,-35.587],[137.511,-35.595],[137.495,-35.581],[137.451,-35.596],[137.407,-35.588],[137.384,-35.591],[137.352,-35.587],[137.336,-35.58],[137.313,-35.579],[137.303,-35.589],[137.267,-35.603],[137.234,-35.607],[137.204,-35.624],[137.185,-35.621],[137.163,-35.633],[137.142,-35.629],[137.121,-35.652],[137.069,-35.668],[137.052,-35.667],[137.011,-35.674],[136.949,-35.675],[136.891,-35.689],[136.859,-35.694],[136.784,-35.7],[136.779,-35.712],[136.751,-35.724],[136.718,-35.722],[136.697,-35.74],[136.629,-35.749],[136.617,-35.745],[136.587,-35.749],[136.574,-35.765],[136.579,-35.795],[136.566,-35.811],[136.56,-35.828],[136.564,-35.849],[136.544,-35.857],[136.533,-35.875],[136.543,-35.896],[136.581,-35.932],[136.58,-35.949],[136.604,-35.961],[136.625,-35.954],[136.653,-35.965],[136.689,-36.005],[136.708,-36.037],[136.707,-36.063],[136.727,-36.045],[136.775,-36.044],[136.783,-36.031],[136.816,-36.036],[136.832,-36.02],[136.86,-36.017],[136.894,-36.031],[136.915,-36.043],[136.943,-36.027],[136.965,-36.027],[136.997,-36.018],[137.049,-36.027],[137.068,-36.02],[137.092,-36.025],[137.103,-36.018],[137.131,-36.034],[137.146,-36.021],[137.176,-36.01],[137.184,-35.981],[137.198,-35.975],[137.256,-35.982],[137.278,-35.993],[137.293,-35.99],[137.323,-35.996],[137.336,-35.993],[137.371,-35.998],[137.384,-36.015],[137.424,-36.045],[137.463,-36.072],[137.485,-36.057],[137.504,-36.056],[137.537,-36.026],[137.582,-36.018],[137.603,-36.009],[137.616,-35.99],[137.618,-35.975],[137.599,-35.951],[137.607,-35.919],[137.622,-35.905],[137.663,-35.884],[137.701,-35.877],[137.726,-35.877],[137.743,-35.853],[137.804,-35.852],[137.849,-35.858],[137.883,-35.871],[137.91,-35.86],[137.938,-35.865],[138.022,-35.903],[138.041,-35.904],[138.065,-35.881],[138.111,-35.848],[138.135,-35.841]]]]}},{"type":"Feature","properties":{"name":"Spence"},"geometry":{"type":"Polygon","coordinates":[[[138.78,-34.767],[138.81,-34.775],[138.812,-34.742],[138.84,-34.7],[138.848,-34.681],[138.837,-34.673],[138.79,-34.661],[138.816,-34.639],[138.801,-34.61],[138.825,-34.591],[138.821,-34.562],[138.758,-34.562],[138.747,-34.558],[138.724,-34.556],[138.703,-34.565],[138.715,-34.591],[138.686,-34.596],[138.684,-34.611],[138.638,-34.632],[138.626,-34.627],[138.591,-34.639],[138.524,-34.637],[138.5,-34.647],[138.467,-34.672],[138.445,-34.67],[138.439,-34.676],[138.466,-34.697],[138.476,-34.699],[138.493,-34.721],[138.525,-34.737],[138.541,-34.752],[138.551,-34.786],[138.575,-34.788],[138.607,-34.768],[138.647,-34.792],[138.68,-34.756],[138.72,-34.755],[138.731,-34.737],[138.756,-34.745],[138.78,-34.767]]]}},{"type":"Feature","properties":{"name":"Sturt"},"geometry":{"type":"Polygon","coordinates":[[[138.675,-34.974],[138.672,-34.951],[138.698,-34.921],[138.69,-34.912],[138.706,-34.901],[138.707,-34.882],[138.724,-34.864],[138.741,-34.86],[138.747,-34.841],[138.73,-34.837],[138.705,-34.843],[138.635,-34.847],[138.637,-34.869],[138.626,-34.879],[138.613,-34.91],[138.624,-34.928],[138.626,-34.965],[138.644,-34.964],[138.655,-34.973],[138.675,-34.974]]]}},{"type":"Feature","properties":{"name":"Aston"},"geometry":{"type":"Polygon","coordinates":[[[145.293,-37.964],[145.302,-37.923],[145.297,-37.901],[145.308,-37.871],[145.337,-37.856],[145.318,-37.845],[145.317,-37.818],[145.304,-37.822],[145.268,-37.833],[145.218,-37.832],[145.21,-37.851],[145.196,-37.865],[145.191,-37.879],[145.201,-37.894],[145.206,-37.924],[145.206,-37.931],[145.233,-37.942],[145.28,-37.948],[145.293,-37.964]]]}},{"type":"Feature","properties":{"name":"Ballarat"},"geometry":{"type":"Polygon","coordinates":[[[144.415,-37.382],[144.419,-37.361],[144.393,-37.358],[144.395,-37.332],[144.34,-37.31],[144.31,-37.293],[144.321,-37.277],[144.325,-37.258],[144.338,-37.245],[144.344,-37.226],[144.361,-37.208],[144.363,-37.179],[144.374,-37.173],[144.292,-37.164],[144.284,-37.208],[144.185,-37.195],[144.19,-37.166],[144.121,-37.159],[144.122,-37.153],[144.074,-37.148],[144.064,-37.202],[144.068,-37.21],[144.061,-37.236],[144.038,-37.264],[144.017,-37.263],[144.003,-37.255],[143.992,-37.233],[143.959,-37.22],[143.949,-37.198],[143.935,-37.193],[143.875,-37.186],[143.867,-37.196],[143.86,-37.234],[143.82,-37.235],[143.766,-37.228],[143.753,-37.231],[143.727,-37.214],[143.714,-37.23],[143.665,-37.237],[143.625,-37.437],[143.613,-37.501],[143.601,-37.52],[143.606,-37.535],[143.625,-37.529],[143.669,-37.538],[143.653,-37.624],[143.652,-37.647],[143.642,-37.65],[143.595,-37.644],[143.587,-37.654],[143.537,-37.648],[143.53,-37.666],[143.495,-37.661],[143.477,-37.652],[143.465,-37.655],[143.441,-37.785],[143.441,-37.806],[143.448,-37.821],[143.441,-37.859],[143.452,-37.873],[143.444,-37.887],[143.447,-37.9],[143.481,-37.931],[143.479,-37.941],[143.593,-37.955],[143.619,-37.966],[143.624,-37.978],[143.648,-37.989],[143.655,-38.012],[143.634,-38.012],[143.629,-38.023],[143.672,-38.029],[143.736,-38.027],[143.768,-38.02],[143.83,-38.022],[143.823,-38.056],[143.858,-38.06],[143.857,-38.03],[143.92,-38.038],[143.919,-38.042],[143.988,-38.049],[144.001,-38.055],[144.016,-38.048],[144.046,-38.052],[144.055,-38.062],[144.078,-38.058],[144.096,-38.064],[144.101,-38.036],[144.093,-38.034],[144.097,-38.01],[144.113,-38],[144.134,-38.003],[144.144,-37.989],[144.16,-37.985],[144.16,-37.943],[144.15,-37.93],[144.152,-37.913],[144.183,-37.913],[144.202,-37.925],[144.213,-37.901],[144.224,-37.897],[144.244,-37.872],[144.233,-37.861],[144.229,-37.833],[144.211,-37.825],[144.222,-37.81],[144.176,-37.803],[144.173,-37.793],[144.19,-37.778],[144.165,-37.76],[144.181,-37.73],[144.154,-37.727],[144.173,-37.691],[144.171,-37.655],[144.153,-37.653],[144.156,-37.632],[144.133,-37.624],[144.139,-37.593],[144.132,-37.576],[144.144,-37.567],[144.162,-37.569],[144.187,-37.562],[144.198,-37.552],[144.182,-37.516],[144.173,-37.513],[144.162,-37.488],[144.165,-37.455],[144.174,-37.436],[144.264,-37.446],[144.273,-37.43],[144.291,-37.437],[144.307,-37.424],[144.342,-37.421],[144.347,-37.432],[144.379,-37.439],[144.382,-37.393],[144.414,-37.397],[144.415,-37.382]]]}},{"type":"Feature","properties":{"name":"Bendigo"},"geometry":{"type":"Polygon","coordinates":[[[144.812,-37.214],[144.808,-37.171],[144.857,-37.168],[144.866,-37.175],[144.892,-37.169],[144.908,-37.158],[144.903,-37.14],[144.916,-37.123],[144.917,-37.092],[144.906,-37.09],[144.912,-37.069],[144.91,-37.046],[144.932,-37.043],[144.939,-37.014],[144.915,-37.008],[144.913,-37.019],[144.848,-37.025],[144.81,-37.006],[144.814,-36.986],[144.797,-36.966],[144.806,-36.956],[144.8,-36.939],[144.804,-36.926],[144.822,-36.9],[144.848,-36.885],[144.844,-36.872],[144.821,-36.855],[144.799,-36.833],[144.787,-36.805],[144.792,-36.8],[144.795,-36.751],[144.767,-36.747],[144.75,-36.758],[144.723,-36.761],[144.666,-36.763],[144.666,-36.726],[144.519,-36.725],[144.52,-36.711],[144.531,-36.691],[144.526,-36.659],[144.546,-36.646],[144.549,-36.633],[144.563,-36.613],[144.59,-36.594],[144.598,-36.575],[144.587,-36.558],[144.605,-36.555],[144.626,-36.525],[144.611,-36.513],[144.612,-36.497],[144.661,-36.459],[144.671,-36.442],[144.714,-36.442],[144.714,-36.427],[144.768,-36.427],[144.768,-36.399],[144.759,-36.386],[144.759,-36.299],[144.703,-36.299],[144.685,-36.315],[144.488,-36.316],[144.471,-36.299],[144.471,-36.286],[144.432,-36.286],[144.432,-36.262],[144.332,-36.261],[144.332,-36.255],[144.274,-36.255],[144.282,-36.263],[144.282,-36.328],[144.332,-36.328],[144.33,-36.385],[144.344,-36.385],[144.344,-36.487],[144.21,-36.488],[144.199,-36.524],[144.171,-36.524],[144.163,-36.565],[144.174,-36.582],[144.184,-36.618],[144.14,-36.618],[144.14,-36.647],[144.126,-36.662],[144.068,-36.662],[144.068,-36.72],[144.06,-36.731],[144.076,-36.743],[144.071,-36.766],[144.05,-36.799],[144.033,-36.885],[144.026,-36.898],[143.892,-36.882],[143.888,-36.895],[143.867,-36.907],[143.847,-36.928],[143.86,-36.949],[143.834,-36.981],[143.884,-36.986],[143.9,-37.001],[143.9,-37.021],[143.973,-37.029],[143.99,-37.049],[144.013,-37.067],[144,-37.079],[143.972,-37.092],[143.964,-37.108],[143.963,-37.177],[143.949,-37.198],[143.959,-37.22],[143.992,-37.233],[144.003,-37.255],[144.017,-37.263],[144.038,-37.264],[144.061,-37.236],[144.068,-37.21],[144.064,-37.202],[144.074,-37.148],[144.122,-37.153],[144.121,-37.159],[144.19,-37.166],[144.185,-37.195],[144.284,-37.208],[144.292,-37.164],[144.374,-37.173],[144.363,-37.179],[144.361,-37.208],[144.344,-37.226],[144.338,-37.245],[144.325,-37.258],[144.321,-37.277],[144.31,-37.293],[144.34,-37.31],[144.395,-37.332],[144.393,-37.358],[144.419,-37.361],[144.415,-37.382],[144.446,-37.386],[144.456,-37.365],[144.461,-37.339],[144.48,-37.333],[144.501,-37.307],[144.494,-37.292],[144.565,-37.299],[144.569,-37.274],[144.58,-37.275],[144.595,-37.243],[144.617,-37.241],[144.626,-37.23],[144.647,-37.222],[144.66,-37.208],[144.691,-37.22],[144.704,-37.213],[144.731,-37.221],[144.77,-37.221],[144.786,-37.213],[144.812,-37.214]]]}},{"type":"Feature","properties":{"name":"Bruce"},"geometry":{"type":"Polygon","coordinates":[[[145.333,-38.089],[145.341,-38.046],[145.36,-38.053],[145.385,-38.013],[145.376,-37.99],[145.379,-37.975],[145.293,-37.964],[145.28,-37.948],[145.233,-37.942],[145.206,-37.931],[145.206,-37.924],[145.195,-37.923],[145.191,-37.96],[145.194,-37.967],[145.226,-38.001],[145.252,-38.004],[145.249,-38.017],[145.287,-38.022],[145.286,-38.036],[145.301,-38.054],[145.295,-38.085],[145.333,-38.089]]]}},{"type":"Feature","properties":{"name":"Calwell"},"geometry":{"type":"Polygon","coordinates":[[[144.959,-37.692],[144.945,-37.602],[144.939,-37.576],[144.945,-37.54],[144.95,-37.511],[144.89,-37.504],[144.871,-37.516],[144.851,-37.536],[144.848,-37.556],[144.832,-37.556],[144.811,-37.591],[144.822,-37.608],[144.818,-37.628],[144.836,-37.63],[144.834,-37.644],[144.866,-37.678],[144.905,-37.681],[144.915,-37.694],[144.959,-37.692]]]}},{"type":"Feature","properties":{"name":"Casey"},"geometry":{"type":"Polygon","coordinates":[[[146.192,-37.588],[146.184,-37.561],[146.186,-37.535],[145.866,-37.532],[145.847,-37.528],[145.82,-37.534],[145.81,-37.564],[145.781,-37.566],[145.766,-37.574],[145.737,-37.568],[145.731,-37.586],[145.737,-37.594],[145.676,-37.624],[145.659,-37.618],[145.654,-37.602],[145.618,-37.572],[145.602,-37.567],[145.578,-37.572],[145.573,-37.586],[145.559,-37.591],[145.538,-37.563],[145.525,-37.566],[145.508,-37.556],[145.48,-37.561],[145.459,-37.544],[145.438,-37.543],[145.418,-37.526],[145.386,-37.543],[145.368,-37.545],[145.333,-37.54],[145.331,-37.549],[145.31,-37.563],[145.313,-37.584],[145.286,-37.584],[145.268,-37.603],[145.263,-37.62],[145.241,-37.643],[145.251,-37.665],[145.265,-37.678],[145.263,-37.708],[145.242,-37.728],[145.242,-37.736],[145.259,-37.765],[145.278,-37.762],[145.296,-37.766],[145.309,-37.795],[145.304,-37.822],[145.317,-37.818],[145.318,-37.845],[145.337,-37.856],[145.308,-37.871],[145.297,-37.901],[145.302,-37.923],[145.293,-37.964],[145.379,-37.975],[145.388,-37.971],[145.382,-37.941],[145.42,-37.938],[145.429,-37.913],[145.443,-37.907],[145.468,-37.911],[145.469,-37.928],[145.49,-37.919],[145.526,-37.887],[145.532,-37.867],[145.553,-37.874],[145.575,-37.899],[145.604,-37.898],[145.625,-37.917],[145.642,-37.918],[145.671,-37.907],[145.672,-37.893],[145.694,-37.886],[145.722,-37.885],[145.73,-37.903],[145.748,-37.907],[145.759,-37.901],[145.768,-37.88],[145.793,-37.878],[145.812,-37.856],[145.811,-37.836],[145.795,-37.815],[145.815,-37.807],[145.828,-37.812],[145.845,-37.798],[145.895,-37.826],[145.931,-37.821],[145.918,-37.786],[145.924,-37.772],[145.944,-37.758],[145.964,-37.766],[146,-37.765],[146.021,-37.775],[146.044,-37.774],[146.098,-37.758],[146.124,-37.789],[146.159,-37.762],[146.163,-37.748],[146.151,-37.715],[146.139,-37.71],[146.142,-37.692],[146.134,-37.679],[146.131,-37.644],[146.15,-37.624],[146.166,-37.617],[146.176,-37.585],[146.192,-37.588]]]}},{"type":"Feature","properties":{"name":"Chisholm"},"geometry":{"type":"Polygon","coordinates":[[[145.206,-37.924],[145.201,-37.894],[145.191,-37.879],[145.196,-37.865],[145.169,-37.862],[145.153,-37.848],[145.121,-37.844],[145.098,-37.836],[145.082,-37.849],[145.049,-37.845],[145.038,-37.874],[145.05,-37.881],[145.09,-37.883],[145.142,-37.894],[145.153,-37.903],[145.18,-37.906],[145.177,-37.921],[145.195,-37.923],[145.206,-37.924]]]}},{"type":"Feature","properties":{"name":"Cooper"},"geometry":{"type":"Polygon","coordinates":[[[145.04,-37.784],[145.028,-37.763],[145.039,-37.727],[145.061,-37.73],[145.075,-37.709],[145.058,-37.7],[144.972,-37.691],[144.983,-37.703],[144.969,-37.722],[144.982,-37.752],[144.984,-37.771],[144.996,-37.787],[144.985,-37.794],[145.002,-37.797],[145.04,-37.79],[145.04,-37.784]]]}},{"type":"Feature","properties":{"name":"Corangamite"},"geometry":{"type":"Polygon","coordinates":[[[144.229,-38.398],[144.286,-38.368],[144.303,-38.348],[144.317,-38.345],[144.329,-38.326],[144.37,-38.311],[144.378,-38.302],[144.436,-38.281],[144.5,-38.29],[144.512,-38.273],[144.549,-38.273],[144.614,-38.292],[144.618,-38.277],[144.644,-38.272],[144.625,-38.257],[144.666,-38.21],[144.693,-38.194],[144.711,-38.198],[144.72,-38.173],[144.72,-38.146],[144.693,-38.12],[144.669,-38.113],[144.632,-38.107],[144.584,-38.136],[144.565,-38.152],[144.527,-38.16],[144.481,-38.164],[144.452,-38.156],[144.433,-38.14],[144.419,-38.14],[144.407,-38.155],[144.395,-38.215],[144.38,-38.193],[144.35,-38.189],[144.321,-38.196],[144.291,-38.172],[144.294,-38.156],[144.285,-38.146],[144.262,-38.141],[144.255,-38.158],[144.241,-38.238],[144.278,-38.242],[144.265,-38.309],[144.211,-38.302],[144.208,-38.317],[144.188,-38.322],[144.185,-38.339],[144.203,-38.341],[144.196,-38.36],[144.204,-38.381],[144.234,-38.373],[144.229,-38.398]]]}},{"type":"Feature","properties":{"name":"Corio"},"geometry":{"type":"Polygon","coordinates":[[[144.688,-37.974],[144.671,-37.972],[144.658,-37.92],[144.628,-37.93],[144.609,-37.919],[144.589,-37.897],[144.591,-37.882],[144.571,-37.88],[144.454,-37.867],[144.422,-37.846],[144.42,-37.821],[144.362,-37.811],[144.355,-37.843],[144.33,-37.846],[144.305,-37.837],[144.296,-37.82],[144.222,-37.81],[144.211,-37.825],[144.229,-37.833],[144.233,-37.861],[144.244,-37.872],[144.224,-37.897],[144.213,-37.901],[144.202,-37.925],[144.183,-37.913],[144.152,-37.913],[144.15,-37.93],[144.16,-37.943],[144.16,-37.985],[144.144,-37.989],[144.134,-38.003],[144.113,-38],[144.097,-38.01],[144.093,-38.034],[144.101,-38.036],[144.096,-38.064],[144.095,-38.082],[144.106,-38.089],[144.099,-38.115],[144.117,-38.122],[144.129,-38.111],[144.144,-38.113],[144.173,-38.135],[144.188,-38.135],[144.197,-38.147],[144.219,-38.138],[144.262,-38.141],[144.285,-38.146],[144.294,-38.156],[144.291,-38.172],[144.321,-38.196],[144.35,-38.189],[144.38,-38.193],[144.395,-38.215],[144.407,-38.155],[144.385,-38.144],[144.369,-38.147],[144.356,-38.138],[144.366,-38.105],[144.382,-38.097],[144.383,-38.084],[144.398,-38.074],[144.413,-38.084],[144.448,-38.087],[144.459,-38.077],[144.487,-38.078],[144.507,-38.09],[144.516,-38.064],[144.516,-38.046],[144.562,-38.033],[144.568,-38.022],[144.592,-38.005],[144.623,-38],[144.65,-38.002],[144.688,-37.974]]]}},{"type":"Feature","properties":{"name":"Deakin"},"geometry":{"type":"Polygon","coordinates":[[[145.304,-37.822],[145.309,-37.795],[145.296,-37.766],[145.278,-37.762],[145.259,-37.765],[145.232,-37.763],[145.215,-37.772],[145.186,-37.778],[145.178,-37.803],[145.16,-37.801],[145.153,-37.848],[145.169,-37.862],[145.196,-37.865],[145.21,-37.851],[145.218,-37.832],[145.268,-37.833],[145.304,-37.822]]]}},{"type":"Feature","properties":{"name":"Dunkley"},"geometry":{"type":"Polygon","coordinates":[[[145.24,-38.078],[145.15,-38.067],[145.142,-38.043],[145.113,-38.052],[145.122,-38.083],[145.121,-38.133],[145.112,-38.152],[145.098,-38.162],[145.095,-38.191],[145.11,-38.21],[145.129,-38.2],[145.152,-38.194],[145.159,-38.182],[145.182,-38.199],[145.216,-38.201],[145.24,-38.078]]]}},{"type":"Feature","properties":{"name":"Flinders"},"geometry":{"type":"Polygon","coordinates":[[[145.098,-38.162],[145.078,-38.174],[145.062,-38.201],[145.034,-38.215],[145.026,-38.23],[145.026,-38.253],[144.983,-38.296],[144.994,-38.304],[144.975,-38.327],[144.924,-38.349],[144.859,-38.367],[144.837,-38.37],[144.775,-38.359],[144.749,-38.342],[144.739,-38.325],[144.707,-38.318],[144.68,-38.305],[144.666,-38.312],[144.695,-38.33],[144.738,-38.353],[144.841,-38.432],[144.872,-38.46],[144.887,-38.477],[144.885,-38.494],[144.911,-38.489],[144.924,-38.497],[144.951,-38.488],[144.976,-38.49],[145.011,-38.48],[145.026,-38.48],[145.032,-38.457],[145.05,-38.43],[145.068,-38.425],[145.096,-38.402],[145.13,-38.39],[145.187,-38.399],[145.216,-38.407],[145.336,-38.424],[145.368,-38.424],[145.392,-38.396],[145.393,-38.383],[145.411,-38.371],[145.476,-38.366],[145.503,-38.353],[145.49,-38.339],[145.473,-38.333],[145.454,-38.307],[145.411,-38.304],[145.374,-38.314],[145.348,-38.31],[145.33,-38.292],[145.3,-38.282],[145.26,-38.245],[145.254,-38.224],[145.23,-38.221],[145.216,-38.201],[145.182,-38.199],[145.159,-38.182],[145.152,-38.194],[145.129,-38.2],[145.11,-38.21],[145.095,-38.191],[145.098,-38.162]]]}},{"type":"Feature","properties":{"name":"Fraser"},"geometry":{"type":"Polygon","coordinates":[[[144.907,-37.822],[144.916,-37.798],[144.903,-37.791],[144.884,-37.761],[144.871,-37.773],[144.853,-37.773],[144.847,-37.748],[144.83,-37.727],[144.782,-37.728],[144.769,-37.812],[144.827,-37.817],[144.839,-37.826],[144.867,-37.824],[144.893,-37.84],[144.896,-37.848],[144.898,-37.841],[144.907,-37.822]]]}},{"type":"Feature","properties":{"name":"Gellibrand"},"geometry":{"type":"Polygon","coordinates":[[[144.74,-37.941],[144.761,-37.937],[144.799,-37.923],[144.798,-37.905],[144.808,-37.88],[144.825,-37.871],[144.84,-37.871],[144.869,-37.859],[144.878,-37.867],[144.904,-37.862],[144.896,-37.848],[144.893,-37.84],[144.867,-37.824],[144.839,-37.826],[144.827,-37.817],[144.769,-37.812],[144.709,-37.807],[144.703,-37.835],[144.712,-37.853],[144.737,-37.873],[144.715,-37.879],[144.714,-37.915],[144.74,-37.941]]]}},{"type":"Feature","properties":{"name":"Gippsland"},"geometry":{"type":"Polygon","coordinates":[[[146.426,-38.721],[146.427,-38.739],[146.439,-38.755],[146.483,-38.778],[146.495,-38.775],[146.545,-38.791],[146.565,-38.783],[146.598,-38.759],[146.657,-38.755],[146.676,-38.742],[146.698,-38.718],[146.723,-38.701],[146.75,-38.695],[146.782,-38.682],[146.825,-38.685],[146.867,-38.647],[146.911,-38.614],[146.99,-38.541],[147.067,-38.475],[147.126,-38.43],[147.173,-38.391],[147.239,-38.341],[147.467,-38.159],[147.543,-38.104],[147.629,-38.046],[147.706,-37.998],[147.788,-37.955],[147.851,-37.93],[147.95,-37.895],[147.979,-37.89],[148.052,-37.867],[148.074,-37.864],[148.12,-37.848],[148.179,-37.832],[148.26,-37.815],[148.366,-37.804],[148.46,-37.801],[148.52,-37.801],[148.611,-37.804],[148.626,-37.808],[148.674,-37.802],[148.705,-37.802],[148.726,-37.809],[148.749,-37.797],[148.809,-37.786],[148.842,-37.785],[148.89,-37.787],[148.926,-37.781],[149.046,-37.78],[149.124,-37.777],[149.195,-37.779],[149.213,-37.777],[149.252,-37.782],[149.275,-37.804],[149.289,-37.789],[149.332,-37.778],[149.366,-37.775],[149.386,-37.778],[149.41,-37.773],[149.495,-37.768],[149.497,-37.754],[149.547,-37.729],[149.577,-37.723],[149.594,-37.726],[149.617,-37.701],[149.675,-37.686],[149.689,-37.658],[149.706,-37.644],[149.72,-37.61],[149.739,-37.585],[149.766,-37.574],[149.782,-37.555],[149.822,-37.545],[149.845,-37.546],[149.868,-37.541],[149.907,-37.543],[149.916,-37.532],[149.941,-37.52],[149.962,-37.515],[149.976,-37.505],[149.592,-37.356],[149.356,-37.263],[148.993,-37.118],[148.798,-37.041],[148.524,-36.93],[148.201,-36.799],[148.186,-36.804],[148.17,-36.793],[148.109,-36.797],[148.105,-36.781],[148.121,-36.756],[148.134,-36.744],[147.96,-36.612],[147.542,-36.738],[147.53,-36.769],[147.496,-36.782],[147.471,-36.783],[147.464,-36.803],[147.439,-36.801],[147.408,-36.765],[147.388,-36.757],[147.367,-36.734],[147.326,-36.739],[147.312,-36.731],[147.29,-36.738],[147.29,-36.766],[147.268,-36.778],[147.276,-36.794],[147.293,-36.81],[147.302,-36.83],[147.318,-36.823],[147.337,-36.83],[147.345,-36.869],[147.29,-36.904],[147.293,-36.917],[147.281,-36.926],[147.263,-37.007],[147.294,-37.007],[147.343,-37.032],[147.362,-37.035],[147.386,-37.03],[147.39,-37.052],[147.38,-37.059],[147.381,-37.099],[147.359,-37.114],[147.325,-37.122],[147.325,-37.141],[147.345,-37.161],[147.371,-37.2],[147.385,-37.212],[147.337,-37.276],[147.144,-37.248],[146.838,-37.205],[146.823,-37.192],[146.788,-37.178],[146.771,-37.151],[146.758,-37.147],[146.719,-37.159],[146.685,-37.145],[146.681,-37.137],[146.655,-37.122],[146.638,-37.133],[146.647,-37.163],[146.547,-37.369],[146.436,-37.618],[146.454,-37.616],[146.474,-37.641],[146.489,-37.642],[146.516,-37.679],[146.505,-37.695],[146.473,-37.995],[146.491,-37.985],[146.515,-37.983],[146.523,-37.964],[146.547,-37.968],[146.57,-37.984],[146.587,-37.978],[146.57,-38.058],[146.535,-38.057],[146.528,-38.084],[146.484,-38.075],[146.479,-38.104],[146.424,-38.097],[146.419,-38.11],[146.377,-38.094],[146.341,-38.084],[146.321,-38.094],[146.319,-38.138],[146.307,-38.156],[146.34,-38.17],[146.328,-38.183],[146.328,-38.201],[146.304,-38.206],[146.287,-38.24],[146.258,-38.265],[146.252,-38.299],[146.229,-38.324],[146.251,-38.327],[146.243,-38.356],[146.233,-38.354],[146.218,-38.374],[146.235,-38.385],[146.223,-38.44],[146.272,-38.446],[146.269,-38.457],[146.237,-38.453],[146.238,-38.468],[146.263,-38.471],[146.255,-38.496],[146.292,-38.5],[146.284,-38.517],[146.29,-38.528],[146.316,-38.52],[146.327,-38.531],[146.311,-38.551],[146.317,-38.562],[146.365,-38.577],[146.394,-38.598],[146.428,-38.605],[146.463,-38.598],[146.462,-38.607],[146.526,-38.619],[146.52,-38.664],[146.523,-38.691],[146.523,-38.692],[146.518,-38.707],[146.465,-38.704],[146.435,-38.712],[146.426,-38.721]]]}},{"type":"Feature","properties":{"name":"Goldstein"},"geometry":{"type":"Polygon","coordinates":[[[145.061,-37.936],[145.053,-37.906],[145.045,-37.89],[144.992,-37.883],[144.985,-37.891],[144.986,-37.926],[145.011,-37.97],[145.031,-37.994],[145.052,-37.987],[145.061,-37.936]]]}},{"type":"Feature","properties":{"name":"Gorton"},"geometry":{"type":"Polygon","coordinates":[[[144.83,-37.727],[144.84,-37.721],[144.763,-37.671],[144.756,-37.693],[144.639,-37.68],[144.624,-37.682],[144.605,-37.795],[144.709,-37.807],[144.769,-37.812],[144.782,-37.728],[144.83,-37.727]]]}},{"type":"Feature","properties":{"name":"Hawke"},"geometry":{"type":"Polygon","coordinates":[[[144.871,-37.516],[144.773,-37.503],[144.741,-37.489],[144.711,-37.482],[144.692,-37.487],[144.679,-37.5],[144.645,-37.495],[144.638,-37.5],[144.632,-37.53],[144.672,-37.568],[144.627,-37.56],[144.561,-37.552],[144.556,-37.559],[144.459,-37.546],[144.47,-37.507],[144.459,-37.497],[144.472,-37.431],[144.45,-37.451],[144.433,-37.451],[144.379,-37.439],[144.347,-37.432],[144.342,-37.421],[144.307,-37.424],[144.291,-37.437],[144.273,-37.43],[144.264,-37.446],[144.174,-37.436],[144.165,-37.455],[144.162,-37.488],[144.173,-37.513],[144.182,-37.516],[144.198,-37.552],[144.187,-37.562],[144.162,-37.569],[144.144,-37.567],[144.132,-37.576],[144.139,-37.593],[144.133,-37.624],[144.156,-37.632],[144.153,-37.653],[144.171,-37.655],[144.173,-37.691],[144.154,-37.727],[144.181,-37.73],[144.165,-37.76],[144.19,-37.778],[144.173,-37.793],[144.176,-37.803],[144.222,-37.81],[144.296,-37.82],[144.305,-37.837],[144.33,-37.846],[144.355,-37.843],[144.362,-37.811],[144.42,-37.821],[144.422,-37.846],[144.454,-37.867],[144.571,-37.88],[144.582,-37.851],[144.604,-37.828],[144.578,-37.815],[144.578,-37.799],[144.605,-37.795],[144.624,-37.682],[144.639,-37.68],[144.756,-37.693],[144.763,-37.671],[144.84,-37.721],[144.85,-37.726],[144.868,-37.704],[144.866,-37.678],[144.834,-37.644],[144.836,-37.63],[144.818,-37.628],[144.822,-37.608],[144.811,-37.591],[144.832,-37.556],[144.848,-37.556],[144.851,-37.536],[144.871,-37.516]]]}},{"type":"Feature","properties":{"name":"Holt"},"geometry":{"type":"Polygon","coordinates":[[[145.43,-38.215],[145.418,-38.198],[145.389,-38.193],[145.399,-38.143],[145.384,-38.126],[145.327,-38.119],[145.333,-38.089],[145.295,-38.085],[145.301,-38.054],[145.286,-38.036],[145.287,-38.022],[145.249,-38.017],[145.24,-38.078],[145.216,-38.201],[145.23,-38.221],[145.254,-38.224],[145.271,-38.224],[145.28,-38.247],[145.311,-38.248],[145.341,-38.23],[145.344,-38.214],[145.365,-38.222],[145.384,-38.221],[145.412,-38.228],[145.43,-38.215]]]}},{"type":"Feature","properties":{"name":"Hotham"},"geometry":{"type":"Polygon","coordinates":[[[145.195,-37.923],[145.177,-37.921],[145.18,-37.906],[145.153,-37.903],[145.142,-37.894],[145.09,-37.883],[145.05,-37.881],[145.045,-37.89],[145.053,-37.906],[145.061,-37.936],[145.087,-37.94],[145.103,-37.956],[145.194,-37.967],[145.191,-37.96],[145.195,-37.923]]]}},{"type":"Feature","properties":{"name":"Indi"},"geometry":{"type":"Polygon","coordinates":[[[148.134,-36.744],[148.139,-36.732],[148.185,-36.692],[148.19,-36.675],[148.208,-36.651],[148.22,-36.62],[148.217,-36.599],[148.204,-36.589],[148.165,-36.578],[148.152,-36.561],[148.133,-36.567],[148.124,-36.551],[148.14,-36.526],[148.128,-36.503],[148.121,-36.461],[148.088,-36.452],[148.08,-36.422],[148.058,-36.414],[148.038,-36.366],[148.055,-36.333],[148.037,-36.294],[148.027,-36.226],[148.041,-36.207],[148.025,-36.186],[148.034,-36.143],[148.014,-36.137],[147.991,-36.121],[147.996,-36.098],[147.98,-36.086],[147.996,-36.048],[147.972,-36.043],[147.949,-36.046],[147.923,-36.042],[147.912,-36.027],[147.917,-36.011],[147.913,-35.996],[147.885,-35.999],[147.873,-35.991],[147.849,-35.99],[147.817,-35.98],[147.811,-35.967],[147.777,-35.969],[147.758,-35.955],[147.741,-35.956],[147.708,-35.929],[147.689,-35.938],[147.68,-35.944],[147.654,-35.944],[147.638,-35.962],[147.605,-35.977],[147.582,-35.968],[147.584,-35.986],[147.555,-36.003],[147.526,-35.986],[147.499,-35.947],[147.464,-35.944],[147.456,-35.958],[147.404,-35.944],[147.384,-35.972],[147.361,-35.989],[147.346,-36.024],[147.352,-36.032],[147.318,-36.06],[147.3,-36.045],[147.242,-36.039],[147.226,-36.048],[147.204,-36.05],[147.162,-36.031],[147.137,-36.029],[147.114,-36.001],[147.105,-36.019],[147.095,-36.053],[147.085,-36.052],[147.06,-36.074],[147.049,-36.104],[147.035,-36.115],[147.016,-36.089],[146.973,-36.082],[146.951,-36.094],[146.946,-36.116],[146.912,-36.106],[146.902,-36.083],[146.881,-36.088],[146.873,-36.074],[146.849,-36.087],[146.825,-36.089],[146.814,-36.064],[146.796,-36.057],[146.76,-36.058],[146.731,-36.045],[146.732,-36.031],[146.717,-36.027],[146.683,-36.039],[146.657,-36.026],[146.622,-35.995],[146.613,-35.995],[146.608,-35.975],[146.57,-35.979],[146.55,-35.992],[146.532,-35.982],[146.527,-35.97],[146.501,-35.965],[146.5,-35.978],[146.488,-35.99],[146.457,-35.967],[146.436,-35.967],[146.403,-35.989],[146.398,-36.008],[146.381,-36.013],[146.387,-36.037],[146.367,-36.05],[146.347,-36.038],[146.346,-36.029],[146.306,-36.043],[146.291,-36.035],[146.288,-36.015],[146.256,-36.013],[146.244,-36.028],[146.198,-36.03],[146.177,-36.034],[146.198,-36.044],[146.202,-36.073],[146.198,-36.086],[146.215,-36.089],[146.209,-36.126],[146.239,-36.136],[146.236,-36.165],[146.245,-36.179],[146.221,-36.187],[146.131,-36.187],[146.131,-36.255],[146.037,-36.255],[146.031,-36.265],[146.031,-36.299],[145.799,-36.299],[145.799,-36.331],[145.775,-36.444],[145.74,-36.432],[145.731,-36.443],[145.732,-36.499],[145.632,-36.499],[145.632,-36.563],[145.615,-36.563],[145.626,-36.59],[145.645,-36.591],[145.645,-36.623],[145.589,-36.682],[145.597,-36.695],[145.585,-36.709],[145.572,-36.702],[145.516,-36.702],[145.513,-36.687],[145.498,-36.687],[145.494,-36.7],[145.496,-36.73],[145.453,-36.73],[145.453,-36.774],[145.462,-36.786],[145.478,-36.789],[145.47,-36.84],[145.484,-36.84],[145.482,-36.87],[145.461,-36.876],[145.464,-36.91],[145.453,-36.932],[145.425,-36.966],[145.413,-36.992],[145.426,-36.999],[145.429,-37.022],[145.393,-37.044],[145.393,-37.076],[145.375,-37.076],[145.372,-37.094],[145.353,-37.101],[145.321,-37.104],[145.288,-37.1],[145.291,-37.111],[145.285,-37.139],[145.257,-37.135],[145.243,-37.144],[145.229,-37.135],[145.232,-37.168],[145.219,-37.191],[145.202,-37.2],[145.175,-37.205],[145.166,-37.22],[145.177,-37.236],[145.166,-37.252],[145.173,-37.261],[145.163,-37.278],[145.196,-37.278],[145.195,-37.294],[145.227,-37.294],[145.227,-37.305],[145.252,-37.305],[145.279,-37.338],[145.27,-37.347],[145.266,-37.373],[145.266,-37.419],[145.235,-37.438],[145.222,-37.473],[145.239,-37.488],[145.294,-37.499],[145.297,-37.514],[145.333,-37.54],[145.368,-37.545],[145.386,-37.543],[145.418,-37.526],[145.438,-37.543],[145.459,-37.544],[145.48,-37.561],[145.508,-37.556],[145.525,-37.566],[145.538,-37.563],[145.559,-37.591],[145.573,-37.586],[145.578,-37.572],[145.602,-37.567],[145.618,-37.572],[145.654,-37.602],[145.659,-37.618],[145.676,-37.624],[145.737,-37.594],[145.731,-37.586],[145.737,-37.568],[145.766,-37.574],[145.781,-37.566],[145.81,-37.564],[145.82,-37.534],[145.847,-37.528],[145.866,-37.532],[146.186,-37.535],[146.184,-37.561],[146.192,-37.588],[146.204,-37.599],[146.25,-37.61],[146.276,-37.605],[146.299,-37.591],[146.32,-37.599],[146.347,-37.624],[146.368,-37.629],[146.383,-37.622],[146.383,-37.61],[146.403,-37.604],[146.426,-37.619],[146.436,-37.618],[146.547,-37.369],[146.647,-37.163],[146.638,-37.133],[146.655,-37.122],[146.681,-37.137],[146.685,-37.145],[146.719,-37.159],[146.758,-37.147],[146.771,-37.151],[146.788,-37.178],[146.823,-37.192],[146.838,-37.205],[147.144,-37.248],[147.337,-37.276],[147.385,-37.212],[147.371,-37.2],[147.345,-37.161],[147.325,-37.141],[147.325,-37.122],[147.359,-37.114],[147.381,-37.099],[147.38,-37.059],[147.39,-37.052],[147.386,-37.03],[147.362,-37.035],[147.343,-37.032],[147.294,-37.007],[147.263,-37.007],[147.281,-36.926],[147.293,-36.917],[147.29,-36.904],[147.345,-36.869],[147.337,-36.83],[147.318,-36.823],[147.302,-36.83],[147.293,-36.81],[147.276,-36.794],[147.268,-36.778],[147.29,-36.766],[147.29,-36.738],[147.312,-36.731],[147.326,-36.739],[147.367,-36.734],[147.388,-36.757],[147.408,-36.765],[147.439,-36.801],[147.464,-36.803],[147.471,-36.783],[147.496,-36.782],[147.53,-36.769],[147.542,-36.738],[147.96,-36.612],[148.134,-36.744]]]}},{"type":"Feature","properties":{"name":"Isaacs"},"geometry":{"type":"Polygon","coordinates":[[[145.249,-38.017],[145.252,-38.004],[145.226,-38.001],[145.194,-37.967],[145.103,-37.956],[145.087,-37.94],[145.061,-37.936],[145.052,-37.987],[145.074,-37.999],[145.091,-38.015],[145.113,-38.052],[145.142,-38.043],[145.15,-38.067],[145.24,-38.078],[145.249,-38.017]]]}},{"type":"Feature","properties":{"name":"Jagajaga"},"geometry":{"type":"Polygon","coordinates":[[[145.242,-37.736],[145.242,-37.728],[145.263,-37.708],[145.265,-37.678],[145.251,-37.665],[145.225,-37.663],[145.21,-37.657],[145.2,-37.667],[145.198,-37.683],[145.179,-37.691],[145.143,-37.687],[145.119,-37.679],[145.085,-37.679],[145.07,-37.678],[145.058,-37.7],[145.075,-37.709],[145.061,-37.73],[145.039,-37.727],[145.028,-37.763],[145.04,-37.784],[145.067,-37.781],[145.078,-37.754],[145.107,-37.755],[145.155,-37.734],[145.177,-37.735],[145.212,-37.73],[145.242,-37.736]]]}},{"type":"Feature","properties":{"name":"Kooyong"},"geometry":{"type":"Polygon","coordinates":[[[145.098,-37.836],[145.101,-37.804],[145.096,-37.78],[145.067,-37.781],[145.04,-37.784],[145.04,-37.79],[145.002,-37.797],[145.016,-37.824],[145.006,-37.832],[145.002,-37.853],[145.038,-37.874],[145.049,-37.845],[145.082,-37.849],[145.098,-37.836]]]}},{"type":"Feature","properties":{"name":"La Trobe"},"geometry":{"type":"Polygon","coordinates":[[[145.521,-38.307],[145.542,-38.309],[145.554,-38.294],[145.606,-38.332],[145.612,-38.286],[145.635,-38.285],[145.68,-38.29],[145.681,-38.282],[145.733,-38.289],[145.736,-38.249],[145.713,-38.251],[145.717,-38.207],[145.701,-38.206],[145.73,-38.154],[145.748,-38.143],[145.763,-38.109],[145.739,-38.101],[145.754,-38.079],[145.757,-38.026],[145.765,-38.019],[145.763,-37.991],[145.74,-37.972],[145.731,-37.959],[145.747,-37.939],[145.741,-37.929],[145.748,-37.907],[145.73,-37.903],[145.722,-37.885],[145.694,-37.886],[145.672,-37.893],[145.671,-37.907],[145.642,-37.918],[145.625,-37.917],[145.604,-37.898],[145.575,-37.899],[145.553,-37.874],[145.532,-37.867],[145.526,-37.887],[145.49,-37.919],[145.469,-37.928],[145.468,-37.911],[145.443,-37.907],[145.429,-37.913],[145.42,-37.938],[145.382,-37.941],[145.388,-37.971],[145.379,-37.975],[145.376,-37.99],[145.385,-38.013],[145.36,-38.053],[145.341,-38.046],[145.333,-38.089],[145.327,-38.119],[145.384,-38.126],[145.399,-38.143],[145.389,-38.193],[145.418,-38.198],[145.43,-38.215],[145.488,-38.236],[145.498,-38.274],[145.516,-38.29],[145.521,-38.307]]]}},{"type":"Feature","properties":{"name":"Lalor"},"geometry":{"type":"Polygon","coordinates":[[[144.74,-37.941],[144.714,-37.915],[144.715,-37.879],[144.737,-37.873],[144.712,-37.853],[144.703,-37.835],[144.709,-37.807],[144.605,-37.795],[144.578,-37.799],[144.578,-37.815],[144.604,-37.828],[144.582,-37.851],[144.571,-37.88],[144.591,-37.882],[144.589,-37.897],[144.609,-37.919],[144.628,-37.93],[144.658,-37.92],[144.671,-37.972],[144.688,-37.974],[144.699,-37.973],[144.74,-37.941]]]}},{"type":"Feature","properties":{"name":"Macnamara"},"geometry":{"type":"Polygon","coordinates":[[[145.05,-37.881],[145.038,-37.874],[145.002,-37.853],[144.981,-37.85],[144.968,-37.819],[144.955,-37.823],[144.928,-37.819],[144.907,-37.822],[144.898,-37.841],[144.936,-37.843],[144.964,-37.856],[144.985,-37.891],[144.992,-37.883],[145.045,-37.89],[145.05,-37.881]]]}},{"type":"Feature","properties":{"name":"Mallee"},"geometry":{"type":"Polygon","coordinates":[[[144.409,-35.899],[144.405,-35.862],[144.39,-35.859],[144.375,-35.841],[144.376,-35.824],[144.365,-35.82],[144.376,-35.801],[144.352,-35.786],[144.353,-35.778],[144.285,-35.737],[144.268,-35.754],[144.247,-35.729],[144.248,-35.721],[144.215,-35.704],[144.214,-35.687],[144.195,-35.686],[144.185,-35.67],[144.162,-35.672],[144.153,-35.646],[144.141,-35.646],[144.118,-35.626],[144.113,-35.602],[144.106,-35.592],[144.062,-35.577],[144.048,-35.556],[143.989,-35.553],[143.996,-35.535],[143.978,-35.534],[143.959,-35.504],[143.919,-35.501],[143.868,-35.481],[143.841,-35.459],[143.827,-35.455],[143.818,-35.438],[143.803,-35.434],[143.79,-35.422],[143.764,-35.424],[143.768,-35.401],[143.746,-35.389],[143.71,-35.393],[143.677,-35.372],[143.642,-35.401],[143.629,-35.392],[143.582,-35.341],[143.567,-35.344],[143.563,-35.318],[143.578,-35.303],[143.591,-35.282],[143.576,-35.265],[143.565,-35.236],[143.579,-35.214],[143.564,-35.203],[143.546,-35.207],[143.529,-35.22],[143.52,-35.213],[143.492,-35.22],[143.471,-35.219],[143.465,-35.203],[143.446,-35.19],[143.418,-35.195],[143.396,-35.193],[143.383,-35.174],[143.391,-35.147],[143.374,-35.123],[143.349,-35.105],[143.341,-35.089],[143.34,-35.056],[143.335,-35.035],[143.336,-35.003],[143.318,-34.986],[143.32,-34.948],[143.343,-34.934],[143.333,-34.911],[143.332,-34.885],[143.349,-34.864],[143.346,-34.855],[143.359,-34.817],[143.347,-34.805],[143.352,-34.796],[143.307,-34.78],[143.284,-34.795],[143.274,-34.777],[143.254,-34.767],[143.243,-34.747],[143.229,-34.747],[143.201,-34.733],[143.194,-34.713],[143.17,-34.72],[143.165,-34.701],[143.147,-34.71],[143.134,-34.701],[143.09,-34.701],[143.066,-34.688],[143.04,-34.703],[143.031,-34.694],[143.014,-34.695],[143.013,-34.671],[142.991,-34.668],[142.982,-34.683],[142.963,-34.677],[142.934,-34.66],[142.925,-34.65],[142.902,-34.655],[142.899,-34.669],[142.874,-34.673],[142.872,-34.652],[142.854,-34.62],[142.836,-34.611],[142.805,-34.609],[142.788,-34.591],[142.809,-34.562],[142.793,-34.55],[142.781,-34.565],[142.781,-34.579],[142.757,-34.579],[142.764,-34.597],[142.746,-34.603],[142.732,-34.6],[142.7,-34.603],[142.704,-34.612],[142.689,-34.651],[142.709,-34.662],[142.71,-34.677],[142.689,-34.672],[142.679,-34.68],[142.697,-34.72],[142.68,-34.739],[142.655,-34.728],[142.617,-34.738],[142.619,-34.754],[142.646,-34.764],[142.631,-34.784],[142.616,-34.785],[142.596,-34.773],[142.526,-34.76],[142.5,-34.739],[142.513,-34.723],[142.519,-34.704],[142.498,-34.672],[142.472,-34.667],[142.472,-34.64],[142.459,-34.617],[142.471,-34.593],[142.468,-34.564],[142.452,-34.573],[142.429,-34.573],[142.411,-34.553],[142.377,-34.541],[142.368,-34.527],[142.392,-34.492],[142.361,-34.488],[142.375,-34.477],[142.354,-34.471],[142.365,-34.447],[142.353,-34.419],[142.352,-34.395],[142.371,-34.383],[142.369,-34.37],[142.391,-34.36],[142.384,-34.347],[142.397,-34.338],[142.365,-34.327],[142.349,-34.337],[142.322,-34.337],[142.292,-34.324],[142.272,-34.304],[142.239,-34.308],[142.232,-34.297],[142.249,-34.287],[142.25,-34.267],[142.236,-34.249],[142.244,-34.232],[142.244,-34.217],[142.229,-34.207],[142.22,-34.182],[142.199,-34.183],[142.184,-34.176],[142.166,-34.183],[142.159,-34.171],[142.166,-34.152],[142.148,-34.149],[142.138,-34.16],[142.119,-34.16],[142.121,-34.174],[142.104,-34.177],[142.082,-34.173],[142.078,-34.158],[142.067,-34.153],[142.074,-34.13],[142.052,-34.125],[142.034,-34.129],[142.033,-34.113],[142.013,-34.105],[142.013,-34.125],[141.983,-34.112],[141.97,-34.12],[141.964,-34.137],[141.947,-34.12],[141.904,-34.111],[141.885,-34.115],[141.888,-34.126],[141.842,-34.133],[141.802,-34.116],[141.775,-34.114],[141.745,-34.103],[141.717,-34.115],[141.705,-34.096],[141.677,-34.101],[141.654,-34.117],[141.635,-34.12],[141.632,-34.14],[141.59,-34.175],[141.583,-34.199],[141.568,-34.192],[141.545,-34.201],[141.533,-34.212],[141.517,-34.207],[141.507,-34.19],[141.511,-34.178],[141.495,-34.155],[141.453,-34.161],[141.412,-34.15],[141.403,-34.127],[141.349,-34.112],[141.346,-34.124],[141.332,-34.132],[141.313,-34.124],[141.313,-34.112],[141.283,-34.103],[141.261,-34.079],[141.242,-34.081],[141.237,-34.07],[141.207,-34.061],[141.179,-34.089],[141.153,-34.08],[141.153,-34.064],[141.135,-34.06],[141.098,-34.069],[141.092,-34.077],[141.062,-34.054],[141.039,-34.053],[141.009,-34.045],[141.003,-34.022],[141.002,-34.021],[141.002,-34.021],[140.985,-34.013],[140.985,-34.013],[140.969,-33.997],[140.966,-33.981],[140.964,-33.99],[140.963,-34.096],[140.962,-34.151],[140.963,-34.203],[140.964,-34.369],[140.964,-34.439],[140.964,-34.503],[140.965,-34.638],[140.965,-34.869],[140.966,-34.928],[140.966,-34.961],[140.966,-35.008],[140.966,-35.107],[140.966,-35.238],[140.966,-35.416],[140.963,-35.748],[140.964,-35.963],[140.966,-36.176],[140.966,-36.257],[140.967,-36.374],[140.968,-36.449],[140.968,-36.487],[140.969,-36.604],[140.969,-36.669],[140.969,-36.694],[140.969,-36.694],[140.97,-36.849],[140.97,-36.857],[140.97,-36.865],[140.97,-36.886],[140.971,-36.97],[140.972,-37.092],[140.972,-37.111],[140.972,-37.131],[140.972,-37.162],[140.972,-37.179],[140.972,-37.271],[140.973,-37.31],[140.973,-37.343],[140.973,-37.358],[140.973,-37.358],[140.992,-37.374],[141.046,-37.402],[141.098,-37.45],[141.168,-37.42],[141.261,-37.43],[141.269,-37.422],[141.279,-37.393],[141.248,-37.369],[141.221,-37.365],[141.221,-37.349],[141.432,-37.372],[141.432,-37.298],[141.531,-37.298],[141.523,-37.275],[141.511,-37.261],[141.492,-37.251],[141.491,-37.221],[141.529,-37.204],[141.576,-37.188],[141.599,-37.161],[141.634,-37.164],[141.668,-37.155],[141.692,-37.165],[141.708,-37.185],[141.747,-37.174],[141.786,-37.169],[141.81,-37.177],[141.842,-37.166],[141.838,-37.154],[141.882,-37.146],[141.91,-37.133],[141.923,-37.121],[141.934,-37.167],[141.93,-37.18],[141.912,-37.19],[141.937,-37.207],[141.989,-37.212],[142.003,-37.224],[142.079,-37.224],[142.092,-37.171],[142.108,-37.164],[142.108,-37.13],[142.114,-37.112],[142.142,-37.112],[142.164,-37.106],[142.191,-37.109],[142.212,-37.091],[142.216,-37.111],[142.233,-37.123],[142.24,-37.148],[142.334,-37.205],[142.369,-37.229],[142.403,-37.237],[142.423,-37.26],[142.455,-37.265],[142.466,-37.282],[142.501,-37.293],[142.592,-37.29],[142.581,-37.27],[142.597,-37.262],[142.593,-37.241],[142.595,-37.218],[142.543,-37.157],[142.717,-37.157],[142.717,-37.143],[142.74,-37.148],[142.769,-37.143],[142.784,-37.169],[142.824,-37.172],[142.838,-37.192],[142.877,-37.195],[142.883,-37.2],[142.954,-37.208],[142.961,-37.167],[142.994,-37.183],[143.049,-37.19],[143.062,-37.171],[143.067,-37.147],[143.113,-37.158],[143.131,-37.174],[143.152,-37.172],[143.18,-37.189],[143.191,-37.182],[143.202,-37.161],[143.225,-37.154],[143.242,-37.174],[143.264,-37.182],[143.283,-37.195],[143.294,-37.211],[143.318,-37.204],[143.336,-37.206],[143.338,-37.223],[143.406,-37.234],[143.44,-37.251],[143.467,-37.269],[143.475,-37.213],[143.49,-37.172],[143.585,-37.185],[143.582,-37.202],[143.641,-37.208],[143.636,-37.231],[143.665,-37.237],[143.714,-37.23],[143.727,-37.214],[143.753,-37.231],[143.766,-37.228],[143.82,-37.235],[143.86,-37.234],[143.867,-37.196],[143.875,-37.186],[143.935,-37.193],[143.949,-37.198],[143.963,-37.177],[143.964,-37.108],[143.972,-37.092],[144,-37.079],[144.013,-37.067],[143.99,-37.049],[143.973,-37.029],[143.9,-37.021],[143.9,-37.001],[143.884,-36.986],[143.834,-36.981],[143.86,-36.949],[143.847,-36.928],[143.867,-36.907],[143.888,-36.895],[143.892,-36.882],[144.026,-36.898],[144.033,-36.885],[144.05,-36.799],[144.071,-36.766],[144.076,-36.743],[144.06,-36.731],[144.068,-36.72],[144.068,-36.662],[144.126,-36.662],[144.14,-36.647],[144.14,-36.618],[144.184,-36.618],[144.174,-36.582],[144.163,-36.565],[144.171,-36.524],[144.199,-36.524],[144.21,-36.488],[144.344,-36.487],[144.344,-36.385],[144.33,-36.385],[144.332,-36.328],[144.282,-36.328],[144.282,-36.263],[144.274,-36.255],[144.271,-36.244],[144.272,-36.202],[144.281,-36.174],[144.289,-36.167],[144.286,-36.145],[144.291,-36.126],[144.302,-36.125],[144.318,-36.091],[144.304,-36.061],[144.314,-36.051],[144.309,-36.037],[144.28,-36.014],[144.278,-35.993],[144.291,-35.984],[144.26,-35.949],[144.266,-35.929],[144.289,-35.924],[144.306,-35.934],[144.336,-35.934],[144.353,-35.92],[144.342,-35.907],[144.344,-35.894],[144.382,-35.884],[144.409,-35.899]]]}},{"type":"Feature","properties":{"name":"Maribyrnong"},"geometry":{"type":"Polygon","coordinates":[[[144.916,-37.798],[144.936,-37.802],[144.937,-37.777],[144.934,-37.745],[144.924,-37.729],[144.924,-37.729],[144.915,-37.694],[144.905,-37.681],[144.866,-37.678],[144.868,-37.704],[144.85,-37.726],[144.84,-37.721],[144.83,-37.727],[144.847,-37.748],[144.853,-37.773],[144.871,-37.773],[144.884,-37.761],[144.903,-37.791],[144.916,-37.798]]]}},{"type":"Feature","properties":{"name":"Mcewen"},"geometry":{"type":"Polygon","coordinates":[[[145.333,-37.54],[145.297,-37.514],[145.294,-37.499],[145.239,-37.488],[145.222,-37.473],[145.235,-37.438],[145.266,-37.419],[145.266,-37.373],[145.27,-37.347],[145.279,-37.338],[145.252,-37.305],[145.227,-37.305],[145.227,-37.294],[145.195,-37.294],[145.125,-37.294],[145.118,-37.263],[145.056,-37.264],[145.053,-37.303],[145.047,-37.318],[145.03,-37.33],[145.006,-37.33],[144.982,-37.341],[144.932,-37.335],[144.918,-37.348],[144.892,-37.345],[144.865,-37.324],[144.849,-37.322],[144.846,-37.29],[144.825,-37.284],[144.822,-37.272],[144.829,-37.236],[144.817,-37.23],[144.812,-37.214],[144.786,-37.213],[144.77,-37.221],[144.731,-37.221],[144.704,-37.213],[144.691,-37.22],[144.66,-37.208],[144.647,-37.222],[144.626,-37.23],[144.617,-37.241],[144.595,-37.243],[144.58,-37.275],[144.569,-37.274],[144.565,-37.299],[144.494,-37.292],[144.501,-37.307],[144.48,-37.333],[144.461,-37.339],[144.456,-37.365],[144.446,-37.386],[144.415,-37.382],[144.414,-37.397],[144.382,-37.393],[144.379,-37.439],[144.433,-37.451],[144.45,-37.451],[144.472,-37.431],[144.459,-37.497],[144.47,-37.507],[144.459,-37.546],[144.556,-37.559],[144.561,-37.552],[144.627,-37.56],[144.672,-37.568],[144.632,-37.53],[144.638,-37.5],[144.645,-37.495],[144.679,-37.5],[144.692,-37.487],[144.711,-37.482],[144.741,-37.489],[144.773,-37.503],[144.871,-37.516],[144.89,-37.504],[144.95,-37.511],[144.945,-37.54],[144.961,-37.557],[145.016,-37.563],[145.06,-37.573],[145.051,-37.61],[145.116,-37.618],[145.103,-37.661],[145.087,-37.668],[145.085,-37.679],[145.119,-37.679],[145.143,-37.687],[145.179,-37.691],[145.198,-37.683],[145.2,-37.667],[145.21,-37.657],[145.225,-37.663],[145.251,-37.665],[145.241,-37.643],[145.263,-37.62],[145.268,-37.603],[145.286,-37.584],[145.313,-37.584],[145.31,-37.563],[145.331,-37.549],[145.333,-37.54]]]}},{"type":"Feature","properties":{"name":"Melbourne"},"geometry":{"type":"Polygon","coordinates":[[[145.002,-37.853],[145.006,-37.832],[145.016,-37.824],[145.002,-37.797],[144.985,-37.794],[144.959,-37.79],[144.96,-37.778],[144.937,-37.777],[144.936,-37.802],[144.916,-37.798],[144.907,-37.822],[144.928,-37.819],[144.955,-37.823],[144.968,-37.819],[144.981,-37.85],[145.002,-37.853]]]}},{"type":"Feature","properties":{"name":"Menzies"},"geometry":{"type":"Polygon","coordinates":[[[145.259,-37.765],[145.242,-37.736],[145.212,-37.73],[145.177,-37.735],[145.155,-37.734],[145.107,-37.755],[145.078,-37.754],[145.067,-37.781],[145.096,-37.78],[145.101,-37.804],[145.098,-37.836],[145.121,-37.844],[145.153,-37.848],[145.16,-37.801],[145.178,-37.803],[145.186,-37.778],[145.215,-37.772],[145.232,-37.763],[145.259,-37.765]]]}},{"type":"Feature","properties":{"name":"Monash"},"geometry":{"type":"Polygon","coordinates":[[[146.523,-38.691],[146.52,-38.664],[146.526,-38.619],[146.462,-38.607],[146.463,-38.598],[146.428,-38.605],[146.394,-38.598],[146.365,-38.577],[146.317,-38.562],[146.311,-38.551],[146.327,-38.531],[146.316,-38.52],[146.29,-38.528],[146.284,-38.517],[146.292,-38.5],[146.255,-38.496],[146.263,-38.471],[146.238,-38.468],[146.237,-38.453],[146.269,-38.457],[146.272,-38.446],[146.223,-38.44],[146.235,-38.385],[146.218,-38.374],[146.233,-38.354],[146.243,-38.356],[146.251,-38.327],[146.229,-38.324],[146.252,-38.299],[146.258,-38.265],[146.287,-38.24],[146.304,-38.206],[146.328,-38.201],[146.328,-38.183],[146.34,-38.17],[146.307,-38.156],[146.319,-38.138],[146.321,-38.094],[146.341,-38.084],[146.377,-38.094],[146.419,-38.11],[146.424,-38.097],[146.479,-38.104],[146.484,-38.075],[146.528,-38.084],[146.535,-38.057],[146.57,-38.058],[146.587,-37.978],[146.57,-37.984],[146.547,-37.968],[146.523,-37.964],[146.515,-37.983],[146.491,-37.985],[146.473,-37.995],[146.505,-37.695],[146.516,-37.679],[146.489,-37.642],[146.474,-37.641],[146.454,-37.616],[146.436,-37.618],[146.426,-37.619],[146.403,-37.604],[146.383,-37.61],[146.383,-37.622],[146.368,-37.629],[146.347,-37.624],[146.32,-37.599],[146.299,-37.591],[146.276,-37.605],[146.25,-37.61],[146.204,-37.599],[146.192,-37.588],[146.176,-37.585],[146.166,-37.617],[146.15,-37.624],[146.131,-37.644],[146.134,-37.679],[146.142,-37.692],[146.139,-37.71],[146.151,-37.715],[146.163,-37.748],[146.159,-37.762],[146.124,-37.789],[146.098,-37.758],[146.044,-37.774],[146.021,-37.775],[146,-37.765],[145.964,-37.766],[145.944,-37.758],[145.924,-37.772],[145.918,-37.786],[145.931,-37.821],[145.895,-37.826],[145.845,-37.798],[145.828,-37.812],[145.815,-37.807],[145.795,-37.815],[145.811,-37.836],[145.812,-37.856],[145.793,-37.878],[145.768,-37.88],[145.759,-37.901],[145.748,-37.907],[145.741,-37.929],[145.747,-37.939],[145.731,-37.959],[145.74,-37.972],[145.763,-37.991],[145.765,-38.019],[145.757,-38.026],[145.754,-38.079],[145.739,-38.101],[145.763,-38.109],[145.748,-38.143],[145.73,-38.154],[145.701,-38.206],[145.717,-38.207],[145.713,-38.251],[145.736,-38.249],[145.733,-38.289],[145.681,-38.282],[145.68,-38.29],[145.635,-38.285],[145.612,-38.286],[145.606,-38.332],[145.554,-38.294],[145.542,-38.309],[145.521,-38.307],[145.516,-38.336],[145.542,-38.338],[145.552,-38.355],[145.549,-38.372],[145.535,-38.398],[145.519,-38.414],[145.489,-38.415],[145.481,-38.407],[145.44,-38.408],[145.423,-38.412],[145.433,-38.429],[145.429,-38.457],[145.42,-38.471],[145.434,-38.493],[145.418,-38.514],[145.367,-38.52],[145.358,-38.508],[145.333,-38.505],[145.316,-38.51],[145.291,-38.48],[145.31,-38.46],[145.277,-38.451],[145.236,-38.447],[145.215,-38.449],[145.167,-38.466],[145.157,-38.475],[145.144,-38.506],[145.192,-38.515],[145.222,-38.528],[145.241,-38.507],[145.287,-38.51],[145.308,-38.519],[145.339,-38.543],[145.344,-38.524],[145.362,-38.517],[145.372,-38.536],[145.424,-38.536],[145.45,-38.549],[145.474,-38.551],[145.493,-38.564],[145.543,-38.618],[145.565,-38.654],[145.579,-38.658],[145.607,-38.679],[145.627,-38.673],[145.657,-38.677],[145.687,-38.652],[145.714,-38.646],[145.731,-38.648],[145.762,-38.665],[145.793,-38.688],[145.833,-38.729],[145.871,-38.779],[145.915,-38.872],[145.912,-38.892],[145.919,-38.907],[145.946,-38.895],[145.979,-38.895],[146.006,-38.877],[145.997,-38.858],[146.009,-38.826],[146.033,-38.814],[146.063,-38.812],[146.085,-38.816],[146.123,-38.832],[146.184,-38.87],[146.234,-38.919],[146.268,-38.972],[146.274,-38.996],[146.326,-39.041],[146.342,-39.06],[146.325,-39.094],[146.353,-39.125],[146.368,-39.134],[146.389,-39.134],[146.421,-39.126],[146.438,-39.093],[146.425,-39.084],[146.431,-39.066],[146.456,-39.054],[146.479,-39.066],[146.478,-39.044],[146.46,-39.037],[146.469,-39.023],[146.445,-39.018],[146.446,-38.998],[146.437,-38.979],[146.462,-38.931],[146.487,-38.906],[146.487,-38.893],[146.468,-38.874],[146.475,-38.843],[146.471,-38.831],[146.479,-38.799],[146.469,-38.782],[146.438,-38.779],[146.436,-38.796],[146.421,-38.811],[146.417,-38.849],[146.369,-38.86],[146.336,-38.881],[146.324,-38.903],[146.292,-38.904],[146.286,-38.866],[146.271,-38.86],[146.264,-38.827],[146.266,-38.805],[146.24,-38.811],[146.228,-38.801],[146.223,-38.778],[146.203,-38.764],[146.186,-38.743],[146.197,-38.718],[146.226,-38.706],[146.231,-38.69],[146.252,-38.695],[146.267,-38.688],[146.292,-38.695],[146.331,-38.687],[146.351,-38.673],[146.381,-38.686],[146.385,-38.72],[146.426,-38.721],[146.435,-38.712],[146.465,-38.704],[146.518,-38.707],[146.523,-38.692],[146.523,-38.691]]]}},{"type":"Feature","properties":{"name":"Nicholls"},"geometry":{"type":"Polygon","coordinates":[[[145.195,-37.294],[145.196,-37.278],[145.163,-37.278],[145.173,-37.261],[145.166,-37.252],[145.177,-37.236],[145.166,-37.22],[145.175,-37.205],[145.202,-37.2],[145.219,-37.191],[145.232,-37.168],[145.229,-37.135],[145.243,-37.144],[145.257,-37.135],[145.285,-37.139],[145.291,-37.111],[145.288,-37.1],[145.321,-37.104],[145.353,-37.101],[145.372,-37.094],[145.375,-37.076],[145.393,-37.076],[145.393,-37.044],[145.429,-37.022],[145.426,-36.999],[145.413,-36.992],[145.425,-36.966],[145.453,-36.932],[145.464,-36.91],[145.461,-36.876],[145.482,-36.87],[145.484,-36.84],[145.47,-36.84],[145.478,-36.789],[145.462,-36.786],[145.453,-36.774],[145.453,-36.73],[145.496,-36.73],[145.494,-36.7],[145.498,-36.687],[145.513,-36.687],[145.516,-36.702],[145.572,-36.702],[145.585,-36.709],[145.597,-36.695],[145.589,-36.682],[145.645,-36.623],[145.645,-36.591],[145.626,-36.59],[145.615,-36.563],[145.632,-36.563],[145.632,-36.499],[145.732,-36.499],[145.731,-36.443],[145.74,-36.432],[145.775,-36.444],[145.799,-36.331],[145.799,-36.299],[146.031,-36.299],[146.031,-36.265],[146.037,-36.255],[146.131,-36.255],[146.131,-36.187],[146.221,-36.187],[146.245,-36.179],[146.236,-36.165],[146.239,-36.136],[146.209,-36.126],[146.215,-36.089],[146.198,-36.086],[146.202,-36.073],[146.198,-36.044],[146.177,-36.034],[146.174,-36.02],[146.155,-36.025],[146.142,-36.017],[146.108,-36.014],[146.096,-36.02],[146.058,-36.013],[146.031,-35.995],[145.987,-36.013],[145.968,-36.006],[145.953,-35.992],[145.951,-35.975],[145.915,-35.965],[145.908,-35.954],[145.871,-35.955],[145.849,-35.969],[145.844,-35.983],[145.793,-35.983],[145.778,-35.96],[145.747,-35.964],[145.726,-35.942],[145.698,-35.925],[145.674,-35.926],[145.659,-35.903],[145.632,-35.889],[145.625,-35.862],[145.605,-35.874],[145.589,-35.863],[145.582,-35.848],[145.564,-35.832],[145.556,-35.815],[145.532,-35.805],[145.521,-35.819],[145.504,-35.81],[145.472,-35.811],[145.46,-35.827],[145.442,-35.836],[145.42,-35.828],[145.41,-35.849],[145.387,-35.85],[145.352,-35.866],[145.325,-35.851],[145.307,-35.86],[145.284,-35.857],[145.247,-35.83],[145.213,-35.836],[145.183,-35.835],[145.168,-35.842],[145.134,-35.828],[145.11,-35.824],[145.073,-35.828],[145.047,-35.837],[145.02,-35.856],[144.979,-35.858],[144.968,-35.866],[144.975,-35.883],[144.949,-35.932],[144.956,-35.962],[144.931,-35.969],[144.924,-35.989],[144.946,-36.005],[144.946,-36.013],[144.966,-36.029],[144.968,-36.042],[144.982,-36.048],[144.987,-36.064],[144.965,-36.079],[144.946,-36.082],[144.933,-36.067],[144.889,-36.064],[144.875,-36.058],[144.842,-36.083],[144.843,-36.097],[144.824,-36.103],[144.806,-36.124],[144.787,-36.128],[144.774,-36.121],[144.748,-36.121],[144.743,-36.109],[144.718,-36.114],[144.712,-36.091],[144.685,-36.091],[144.692,-36.069],[144.653,-36.074],[144.653,-36.053],[144.625,-36.052],[144.628,-36.067],[144.609,-36.065],[144.619,-36.04],[144.583,-36.039],[144.578,-36.021],[144.557,-36.014],[144.554,-36.003],[144.52,-35.996],[144.514,-35.974],[144.493,-35.968],[144.464,-35.941],[144.439,-35.931],[144.409,-35.899],[144.382,-35.884],[144.344,-35.894],[144.342,-35.907],[144.353,-35.92],[144.336,-35.934],[144.306,-35.934],[144.289,-35.924],[144.266,-35.929],[144.26,-35.949],[144.291,-35.984],[144.278,-35.993],[144.28,-36.014],[144.309,-36.037],[144.314,-36.051],[144.304,-36.061],[144.318,-36.091],[144.302,-36.125],[144.291,-36.126],[144.286,-36.145],[144.289,-36.167],[144.281,-36.174],[144.272,-36.202],[144.271,-36.244],[144.274,-36.255],[144.332,-36.255],[144.332,-36.261],[144.432,-36.262],[144.432,-36.286],[144.471,-36.286],[144.471,-36.299],[144.488,-36.316],[144.685,-36.315],[144.703,-36.299],[144.759,-36.299],[144.759,-36.386],[144.768,-36.399],[144.768,-36.427],[144.714,-36.427],[144.714,-36.442],[144.671,-36.442],[144.661,-36.459],[144.612,-36.497],[144.611,-36.513],[144.626,-36.525],[144.605,-36.555],[144.587,-36.558],[144.598,-36.575],[144.59,-36.594],[144.563,-36.613],[144.549,-36.633],[144.546,-36.646],[144.526,-36.659],[144.531,-36.691],[144.52,-36.711],[144.519,-36.725],[144.666,-36.726],[144.666,-36.763],[144.723,-36.761],[144.75,-36.758],[144.767,-36.747],[144.795,-36.751],[144.792,-36.8],[144.787,-36.805],[144.799,-36.833],[144.821,-36.855],[144.844,-36.872],[144.848,-36.885],[144.822,-36.9],[144.804,-36.926],[144.8,-36.939],[144.806,-36.956],[144.797,-36.966],[144.814,-36.986],[144.81,-37.006],[144.848,-37.025],[144.913,-37.019],[144.915,-37.008],[144.939,-37.014],[144.932,-37.043],[144.91,-37.046],[144.912,-37.069],[144.906,-37.09],[144.917,-37.092],[144.916,-37.123],[144.903,-37.14],[144.908,-37.158],[144.892,-37.169],[144.866,-37.175],[144.857,-37.168],[144.808,-37.171],[144.812,-37.214],[144.817,-37.23],[144.829,-37.236],[144.822,-37.272],[144.825,-37.284],[144.846,-37.29],[144.849,-37.322],[144.865,-37.324],[144.892,-37.345],[144.918,-37.348],[144.932,-37.335],[144.982,-37.341],[145.006,-37.33],[145.03,-37.33],[145.047,-37.318],[145.053,-37.303],[145.056,-37.264],[145.118,-37.263],[145.125,-37.294],[145.195,-37.294]]]}},{"type":"Feature","properties":{"name":"Scullin"},"geometry":{"type":"Polygon","coordinates":[[[145.085,-37.679],[145.087,-37.668],[145.103,-37.661],[145.116,-37.618],[145.051,-37.61],[145.06,-37.573],[145.016,-37.563],[144.961,-37.557],[144.945,-37.54],[144.939,-37.576],[144.945,-37.602],[144.959,-37.692],[144.972,-37.691],[145.058,-37.7],[145.07,-37.678],[145.085,-37.679]]]}},{"type":"Feature","properties":{"name":"Wannon"},"geometry":{"type":"Polygon","coordinates":[[[144.229,-38.398],[144.234,-38.373],[144.204,-38.381],[144.196,-38.36],[144.203,-38.341],[144.185,-38.339],[144.188,-38.322],[144.208,-38.317],[144.211,-38.302],[144.265,-38.309],[144.278,-38.242],[144.241,-38.238],[144.255,-38.158],[144.262,-38.141],[144.219,-38.138],[144.197,-38.147],[144.188,-38.135],[144.173,-38.135],[144.144,-38.113],[144.129,-38.111],[144.117,-38.122],[144.099,-38.115],[144.106,-38.089],[144.095,-38.082],[144.096,-38.064],[144.078,-38.058],[144.055,-38.062],[144.046,-38.052],[144.016,-38.048],[144.001,-38.055],[143.988,-38.049],[143.919,-38.042],[143.92,-38.038],[143.857,-38.03],[143.858,-38.06],[143.823,-38.056],[143.83,-38.022],[143.768,-38.02],[143.736,-38.027],[143.672,-38.029],[143.629,-38.023],[143.634,-38.012],[143.655,-38.012],[143.648,-37.989],[143.624,-37.978],[143.619,-37.966],[143.593,-37.955],[143.479,-37.941],[143.481,-37.931],[143.447,-37.9],[143.444,-37.887],[143.452,-37.873],[143.441,-37.859],[143.448,-37.821],[143.441,-37.806],[143.441,-37.785],[143.465,-37.655],[143.477,-37.652],[143.495,-37.661],[143.53,-37.666],[143.537,-37.648],[143.587,-37.654],[143.595,-37.644],[143.642,-37.65],[143.652,-37.647],[143.653,-37.624],[143.669,-37.538],[143.625,-37.529],[143.606,-37.535],[143.601,-37.52],[143.613,-37.501],[143.625,-37.437],[143.665,-37.237],[143.636,-37.231],[143.641,-37.208],[143.582,-37.202],[143.585,-37.185],[143.49,-37.172],[143.475,-37.213],[143.467,-37.269],[143.44,-37.251],[143.406,-37.234],[143.338,-37.223],[143.336,-37.206],[143.318,-37.204],[143.294,-37.211],[143.283,-37.195],[143.264,-37.182],[143.242,-37.174],[143.225,-37.154],[143.202,-37.161],[143.191,-37.182],[143.18,-37.189],[143.152,-37.172],[143.131,-37.174],[143.113,-37.158],[143.067,-37.147],[143.062,-37.171],[143.049,-37.19],[142.994,-37.183],[142.961,-37.167],[142.954,-37.208],[142.883,-37.2],[142.877,-37.195],[142.838,-37.192],[142.824,-37.172],[142.784,-37.169],[142.769,-37.143],[142.74,-37.148],[142.717,-37.143],[142.717,-37.157],[142.543,-37.157],[142.595,-37.218],[142.593,-37.241],[142.597,-37.262],[142.581,-37.27],[142.592,-37.29],[142.501,-37.293],[142.466,-37.282],[142.455,-37.265],[142.423,-37.26],[142.403,-37.237],[142.369,-37.229],[142.334,-37.205],[142.24,-37.148],[142.233,-37.123],[142.216,-37.111],[142.212,-37.091],[142.191,-37.109],[142.164,-37.106],[142.142,-37.112],[142.114,-37.112],[142.108,-37.13],[142.108,-37.164],[142.092,-37.171],[142.079,-37.224],[142.003,-37.224],[141.989,-37.212],[141.937,-37.207],[141.912,-37.19],[141.93,-37.18],[141.934,-37.167],[141.923,-37.121],[141.91,-37.133],[141.882,-37.146],[141.838,-37.154],[141.842,-37.166],[141.81,-37.177],[141.786,-37.169],[141.747,-37.174],[141.708,-37.185],[141.692,-37.165],[141.668,-37.155],[141.634,-37.164],[141.599,-37.161],[141.576,-37.188],[141.529,-37.204],[141.491,-37.221],[141.492,-37.251],[141.511,-37.261],[141.523,-37.275],[141.531,-37.298],[141.432,-37.298],[141.432,-37.372],[141.221,-37.349],[141.221,-37.365],[141.248,-37.369],[141.279,-37.393],[141.269,-37.422],[141.261,-37.43],[141.168,-37.42],[141.098,-37.45],[141.046,-37.402],[140.992,-37.374],[140.973,-37.358],[140.973,-37.358],[140.974,-37.411],[140.973,-37.554],[140.973,-37.64],[140.973,-37.654],[140.973,-37.663],[140.972,-37.718],[140.972,-37.731],[140.969,-37.876],[140.967,-37.994],[140.967,-37.999],[140.966,-38.056],[140.991,-38.06],[141.038,-38.075],[141.128,-38.116],[141.184,-38.145],[141.228,-38.171],[141.273,-38.203],[141.357,-38.275],[141.388,-38.312],[141.398,-38.338],[141.368,-38.361],[141.364,-38.377],[141.374,-38.387],[141.413,-38.394],[141.407,-38.369],[141.424,-38.362],[141.461,-38.362],[141.519,-38.39],[141.528,-38.405],[141.525,-38.421],[141.539,-38.431],[141.558,-38.422],[141.558,-38.406],[141.579,-38.388],[141.615,-38.394],[141.65,-38.392],[141.621,-38.354],[141.62,-38.342],[141.599,-38.321],[141.608,-38.307],[141.664,-38.275],[141.704,-38.259],[141.742,-38.253],[141.885,-38.266],[141.933,-38.279],[141.99,-38.304],[142.014,-38.317],[142.074,-38.356],[142.148,-38.39],[142.199,-38.395],[142.233,-38.392],[142.262,-38.365],[142.309,-38.356],[142.317,-38.36],[142.354,-38.35],[142.372,-38.349],[142.405,-38.363],[142.474,-38.402],[142.492,-38.394],[142.563,-38.422],[142.603,-38.448],[142.644,-38.471],[142.701,-38.51],[142.721,-38.521],[142.778,-38.563],[142.808,-38.572],[142.853,-38.592],[142.861,-38.606],[142.902,-38.611],[142.944,-38.624],[142.987,-38.622],[143.022,-38.626],[143.038,-38.637],[143.072,-38.648],[143.123,-38.677],[143.183,-38.731],[143.22,-38.76],[143.258,-38.771],[143.268,-38.763],[143.303,-38.75],[143.327,-38.757],[143.357,-38.754],[143.373,-38.76],[143.411,-38.783],[143.427,-38.783],[143.466,-38.81],[143.511,-38.858],[143.556,-38.855],[143.585,-38.83],[143.589,-38.818],[143.616,-38.796],[143.645,-38.792],[143.662,-38.783],[143.671,-38.749],[143.685,-38.735],[143.811,-38.693],[143.837,-38.693],[143.842,-38.679],[143.866,-38.672],[143.865,-38.661],[143.891,-38.635],[143.908,-38.626],[143.92,-38.597],[143.949,-38.577],[143.973,-38.566],[143.987,-38.548],[143.98,-38.532],[144.036,-38.476],[144.067,-38.469],[144.105,-38.469],[144.132,-38.436],[144.15,-38.43],[144.179,-38.429],[144.196,-38.409],[144.229,-38.398]]]}},{"type":"Feature","properties":{"name":"Wills"},"geometry":{"type":"Polygon","coordinates":[[[144.985,-37.794],[144.996,-37.787],[144.984,-37.771],[144.982,-37.752],[144.969,-37.722],[144.983,-37.703],[144.972,-37.691],[144.959,-37.692],[144.915,-37.694],[144.924,-37.729],[144.924,-37.729],[144.934,-37.745],[144.937,-37.777],[144.96,-37.778],[144.959,-37.79],[144.985,-37.794]]]}},{"type":"Feature","properties":{"name":"Blair"},"geometry":{"type":"Polygon","coordinates":[[[152.928,-27.685],[152.915,-27.686],[152.893,-27.668],[152.876,-27.667],[152.872,-27.647],[152.855,-27.637],[152.86,-27.598],[152.85,-27.566],[152.853,-27.542],[152.841,-27.516],[152.842,-27.496],[152.813,-27.478],[152.807,-27.493],[152.795,-27.497],[152.767,-27.488],[152.749,-27.495],[152.738,-27.465],[152.744,-27.46],[152.748,-27.423],[152.737,-27.373],[152.708,-27.352],[152.691,-27.37],[152.684,-27.349],[152.72,-27.323],[152.749,-27.319],[152.756,-27.31],[152.752,-27.295],[152.735,-27.297],[152.707,-27.292],[152.705,-27.277],[152.684,-27.272],[152.682,-27.254],[152.7,-27.23],[152.704,-27.199],[152.733,-27.171],[152.739,-27.151],[152.731,-27.126],[152.734,-27.107],[152.686,-27.083],[152.682,-27.057],[152.703,-27.031],[152.683,-26.992],[152.687,-26.981],[152.663,-26.948],[152.67,-26.928],[152.682,-26.915],[152.667,-26.906],[152.667,-26.896],[152.688,-26.897],[152.687,-26.878],[152.67,-26.855],[152.667,-26.836],[152.678,-26.83],[152.679,-26.8],[152.669,-26.79],[152.667,-26.773],[152.646,-26.774],[152.632,-26.764],[152.602,-26.758],[152.583,-26.74],[152.587,-26.733],[152.579,-26.716],[152.553,-26.706],[152.556,-26.68],[152.583,-26.645],[152.588,-26.614],[152.575,-26.584],[152.554,-26.573],[152.511,-26.567],[152.52,-26.588],[152.457,-26.581],[152.44,-26.557],[152.443,-26.544],[152.436,-26.524],[152.444,-26.506],[152.439,-26.486],[152.443,-26.46],[152.412,-26.464],[152.403,-26.474],[152.377,-26.472],[152.371,-26.462],[152.319,-26.478],[152.284,-26.452],[152.259,-26.47],[152.253,-26.485],[152.233,-26.492],[152.231,-26.507],[152.206,-26.509],[152.195,-26.495],[152.168,-26.475],[152.15,-26.483],[152.126,-26.507],[152.126,-26.532],[152.136,-26.566],[152.136,-26.614],[152.127,-26.638],[152.099,-26.654],[152.081,-26.658],[152.073,-26.668],[152.076,-26.686],[152.089,-26.7],[152.112,-26.706],[152.134,-26.731],[152.151,-26.741],[152.156,-26.769],[152.177,-26.78],[152.171,-26.796],[152.174,-26.821],[152.19,-26.824],[152.181,-26.847],[152.184,-26.871],[152.171,-26.867],[152.147,-26.879],[152.139,-26.895],[152.15,-26.905],[152.143,-26.925],[152.125,-26.954],[152.169,-26.978],[152.183,-26.977],[152.198,-27.008],[152.221,-27.022],[152.199,-27.028],[152.195,-27.057],[152.227,-27.061],[152.214,-27.075],[152.191,-27.072],[152.174,-27.098],[152.142,-27.127],[152.134,-27.142],[152.188,-27.169],[152.185,-27.176],[152.162,-27.189],[152.159,-27.206],[152.215,-27.209],[152.236,-27.204],[152.233,-27.222],[152.218,-27.233],[152.191,-27.242],[152.182,-27.252],[152.158,-27.259],[152.152,-27.269],[152.17,-27.287],[152.183,-27.274],[152.194,-27.275],[152.206,-27.292],[152.192,-27.311],[152.201,-27.322],[152.191,-27.366],[152.192,-27.387],[152.261,-27.393],[152.263,-27.416],[152.291,-27.4],[152.294,-27.427],[152.31,-27.429],[152.315,-27.399],[152.373,-27.402],[152.402,-27.415],[152.399,-27.428],[152.436,-27.442],[152.436,-27.458],[152.458,-27.464],[152.48,-27.483],[152.475,-27.508],[152.499,-27.512],[152.492,-27.551],[152.519,-27.552],[152.512,-27.574],[152.497,-27.583],[152.504,-27.596],[152.488,-27.603],[152.472,-27.627],[152.465,-27.647],[152.455,-27.661],[152.431,-27.651],[152.411,-27.681],[152.396,-27.686],[152.391,-27.698],[152.413,-27.701],[152.405,-27.749],[152.392,-27.757],[152.389,-27.77],[152.409,-27.796],[152.392,-27.818],[152.402,-27.864],[152.44,-27.86],[152.451,-27.802],[152.462,-27.804],[152.467,-27.783],[152.494,-27.783],[152.499,-27.758],[152.519,-27.761],[152.523,-27.727],[152.529,-27.718],[152.598,-27.726],[152.608,-27.737],[152.638,-27.742],[152.656,-27.738],[152.663,-27.749],[152.684,-27.752],[152.704,-27.75],[152.708,-27.758],[152.758,-27.767],[152.761,-27.785],[152.785,-27.789],[152.803,-27.786],[152.808,-27.759],[152.857,-27.757],[152.883,-27.747],[152.891,-27.704],[152.923,-27.708],[152.928,-27.685]]]}},{"type":"Feature","properties":{"name":"Bonner"},"geometry":{"type":"Polygon","coordinates":[[[153.453,-27.388],[153.43,-27.365],[153.437,-27.342],[153.434,-27.318],[153.424,-27.303],[153.418,-27.274],[153.418,-27.217],[153.424,-27.172],[153.442,-27.102],[153.459,-27.051],[153.468,-27.028],[153.455,-27.024],[153.437,-27.032],[153.404,-27.033],[153.361,-27.061],[153.166,-27.365],[153.153,-27.398],[153.144,-27.415],[153.1,-27.445],[153.096,-27.482],[153.102,-27.491],[153.095,-27.531],[153.084,-27.522],[153.072,-27.529],[153.056,-27.526],[153.061,-27.543],[153.078,-27.563],[153.098,-27.575],[153.111,-27.594],[153.123,-27.587],[153.156,-27.592],[153.176,-27.607],[153.183,-27.545],[153.172,-27.535],[153.189,-27.518],[153.184,-27.503],[153.188,-27.484],[153.201,-27.468],[153.217,-27.468],[153.218,-27.448],[153.444,-27.389],[153.449,-27.39],[153.449,-27.39],[153.453,-27.388]]]}},{"type":"Feature","properties":{"name":"Bowman"},"geometry":{"type":"Polygon","coordinates":[[[153.449,-27.732],[153.462,-27.656],[153.474,-27.604],[153.484,-27.571],[153.512,-27.498],[153.542,-27.437],[153.527,-27.426],[153.483,-27.416],[153.453,-27.388],[153.449,-27.39],[153.449,-27.39],[153.444,-27.389],[153.218,-27.448],[153.217,-27.468],[153.201,-27.468],[153.188,-27.484],[153.184,-27.503],[153.189,-27.518],[153.172,-27.535],[153.183,-27.545],[153.176,-27.607],[153.184,-27.613],[153.174,-27.634],[153.187,-27.641],[153.239,-27.649],[153.255,-27.65],[153.28,-27.658],[153.281,-27.683],[153.287,-27.694],[153.308,-27.709],[153.359,-27.691],[153.365,-27.705],[153.401,-27.718],[153.406,-27.733],[153.418,-27.741],[153.449,-27.732]]]}},{"type":"Feature","properties":{"name":"Brisbane"},"geometry":{"type":"Polygon","coordinates":[[[153.1,-27.445],[153.1,-27.443],[153.1,-27.443],[153.083,-27.433],[153.075,-27.407],[153.051,-27.404],[153.034,-27.413],[152.992,-27.413],[152.988,-27.439],[152.978,-27.45],[153.004,-27.476],[153.007,-27.474],[153.027,-27.48],[153.055,-27.472],[153.048,-27.444],[153.1,-27.445]]]}},{"type":"Feature","properties":{"name":"Capricornia"},"geometry":{"type":"Polygon","coordinates":[[[152.909,-23.165],[152.868,-22.991],[152.721,-22.364],[152.734,-22.345],[152.739,-22.287],[152.757,-22.268],[152.766,-22.25],[152.762,-22.21],[152.767,-22.151],[152.752,-22.116],[152.75,-22.091],[152.74,-22.05],[152.734,-22],[152.676,-21.901],[152.655,-21.843],[152.655,-21.822],[152.619,-21.767],[152.604,-21.753],[152.586,-21.719],[152.576,-21.706],[152.56,-21.667],[152.554,-21.558],[152.567,-21.537],[152.565,-21.493],[152.577,-21.482],[152.586,-21.44],[152.589,-21.395],[152.587,-21.336],[152.589,-21.315],[152.601,-21.292],[152.654,-21.236],[151.837,-21.245],[150.092,-21.249],[149.751,-21.248],[149.258,-21.224],[149.235,-21.239],[149.202,-21.278],[149.199,-21.268],[149.214,-21.242],[149.21,-21.232],[149.186,-21.216],[149.185,-21.205],[149.173,-21.198],[149.149,-21.196],[149.155,-21.16],[149.14,-21.143],[149.096,-21.148],[149.057,-21.139],[149.027,-21.141],[148.991,-21.137],[148.967,-21.127],[148.953,-21.113],[148.93,-21.105],[148.923,-21.093],[148.905,-21.09],[148.902,-21.076],[148.88,-21.076],[148.863,-21.069],[148.861,-21.083],[148.83,-21.078],[148.816,-21.07],[148.765,-21.067],[148.754,-21.08],[148.721,-21.072],[148.582,-21.058],[148.58,-21.051],[148.6,-21.033],[148.597,-21.017],[148.626,-21.008],[148.643,-21.008],[148.636,-20.968],[148.64,-20.952],[148.627,-20.95],[148.614,-20.925],[148.6,-20.917],[148.597,-20.873],[148.573,-20.836],[148.561,-20.838],[148.525,-20.815],[148.517,-20.795],[148.505,-20.804],[148.484,-20.803],[148.465,-20.773],[148.47,-20.76],[148.465,-20.745],[148.44,-20.726],[148.432,-20.706],[148.419,-20.708],[148.399,-20.695],[148.375,-20.702],[148.368,-20.693],[148.374,-20.674],[148.364,-20.653],[148.337,-20.626],[148.33,-20.607],[148.296,-20.595],[148.294,-20.566],[148.278,-20.559],[148.273,-20.571],[148.259,-20.577],[148.243,-20.573],[148.227,-20.559],[148.195,-20.568],[148.188,-20.554],[148.171,-20.555],[148.153,-20.532],[148.133,-20.53],[148.117,-20.537],[148.124,-20.561],[148.116,-20.573],[148.101,-20.564],[148.095,-20.548],[148.079,-20.536],[148.059,-20.507],[148.026,-20.522],[148.017,-20.542],[147.992,-20.533],[147.985,-20.512],[147.987,-20.493],[147.968,-20.491],[147.951,-20.474],[147.936,-20.469],[147.936,-20.452],[147.923,-20.447],[147.907,-20.425],[147.895,-20.426],[147.868,-20.404],[147.856,-20.406],[147.849,-20.442],[147.839,-20.452],[147.82,-20.437],[147.809,-20.419],[147.785,-20.39],[147.78,-20.366],[147.762,-20.357],[147.747,-20.338],[147.751,-20.329],[147.722,-20.309],[147.686,-20.3],[147.663,-20.309],[147.638,-20.303],[147.611,-20.313],[147.603,-20.331],[147.574,-20.334],[147.56,-20.35],[147.565,-20.364],[147.553,-20.38],[147.467,-20.375],[147.457,-20.465],[147.433,-20.454],[147.4,-20.454],[147.389,-20.443],[147.397,-20.41],[147.361,-20.403],[147.343,-20.389],[147.348,-20.401],[147.339,-20.427],[147.309,-20.438],[147.298,-20.447],[147.291,-20.473],[147.301,-20.497],[147.299,-20.508],[147.285,-20.525],[147.28,-20.552],[147.267,-20.558],[147.241,-20.584],[147.215,-20.577],[147.21,-20.587],[147.179,-20.606],[147.163,-20.643],[147.149,-20.652],[147.124,-20.638],[147.106,-20.637],[147.086,-20.652],[147.073,-20.649],[147.065,-20.63],[147.036,-20.629],[147.012,-20.606],[146.976,-20.62],[146.973,-20.635],[146.986,-20.658],[146.983,-20.669],[146.965,-20.676],[146.961,-20.689],[146.966,-20.714],[146.96,-20.742],[146.944,-20.752],[146.92,-20.757],[146.91,-20.787],[146.888,-20.791],[146.876,-20.801],[146.862,-20.796],[146.852,-20.813],[146.863,-20.847],[146.856,-20.871],[146.866,-20.886],[146.853,-20.919],[146.864,-20.939],[146.876,-20.978],[146.882,-21.006],[146.86,-21.031],[146.861,-21.064],[146.849,-21.101],[146.862,-21.119],[146.863,-21.138],[146.882,-21.173],[146.868,-21.183],[146.867,-21.194],[146.886,-21.218],[146.95,-21.24],[146.961,-21.252],[146.966,-21.279],[146.963,-21.295],[146.929,-21.322],[146.918,-21.325],[146.905,-21.35],[146.883,-21.362],[146.874,-21.394],[146.882,-21.411],[146.91,-21.441],[146.905,-21.469],[146.883,-21.489],[146.866,-21.512],[146.87,-21.527],[146.852,-21.545],[146.845,-21.564],[146.835,-21.574],[146.834,-21.643],[146.756,-21.637],[146.652,-21.609],[146.657,-21.583],[146.492,-21.566],[146.493,-21.589],[146.488,-21.647],[146.484,-21.68],[146.447,-21.668],[146.396,-21.663],[146.341,-21.57],[146.347,-21.518],[146.151,-21.5],[146.132,-21.514],[146.093,-21.51],[146.084,-21.61],[146.069,-21.809],[146.127,-21.814],[146.118,-21.901],[146.211,-21.908],[146.201,-22.008],[146.072,-21.997],[146.067,-22.027],[146.039,-22.023],[146.031,-22.105],[146.066,-22.116],[146.074,-22.123],[146.065,-22.186],[146.071,-22.227],[146.052,-22.339],[146.122,-22.347],[146.109,-22.446],[146.113,-22.447],[146.283,-22.463],[146.269,-22.507],[146.311,-22.493],[146.347,-22.5],[146.372,-22.519],[146.388,-22.519],[146.414,-22.503],[146.429,-22.488],[146.452,-22.499],[146.439,-22.549],[146.424,-22.547],[146.401,-22.756],[146.549,-22.769],[146.54,-22.789],[146.524,-22.8],[146.526,-22.812],[146.546,-22.839],[146.553,-22.869],[146.561,-22.881],[146.577,-22.89],[146.61,-22.881],[146.624,-22.887],[146.642,-22.883],[146.669,-22.918],[146.664,-22.924],[146.695,-22.957],[146.735,-22.976],[146.755,-22.99],[146.786,-23.034],[146.782,-23.055],[146.786,-23.076],[146.778,-23.092],[146.785,-23.104],[146.79,-23.13],[146.815,-23.155],[146.847,-23.164],[146.863,-23.174],[146.874,-23.199],[146.871,-23.21],[146.884,-23.225],[146.875,-23.275],[146.863,-23.281],[146.855,-23.305],[146.933,-23.316],[146.94,-23.26],[146.976,-23.264],[147.079,-23.28],[147.075,-23.307],[147.158,-23.326],[147.162,-23.34],[147.287,-23.351],[147.283,-23.331],[147.293,-23.324],[147.279,-23.303],[147.287,-23.279],[147.271,-23.268],[147.261,-23.244],[147.261,-23.21],[147.278,-23.196],[147.315,-23.193],[147.34,-23.183],[147.351,-23.187],[147.383,-23.165],[147.395,-23.147],[147.412,-23.134],[147.442,-23.12],[147.447,-23.107],[147.464,-23.092],[147.477,-23.093],[147.487,-23.079],[147.484,-23.046],[147.506,-23.03],[147.52,-23.028],[147.497,-23.001],[147.504,-22.986],[147.553,-23.009],[147.555,-22.977],[147.568,-22.962],[147.582,-22.962],[147.588,-22.922],[147.618,-22.894],[147.626,-22.919],[147.64,-22.926],[147.662,-22.915],[147.7,-22.909],[147.703,-22.886],[147.737,-22.862],[147.756,-22.855],[147.773,-22.827],[147.784,-22.819],[147.794,-22.801],[147.821,-22.783],[147.844,-22.785],[147.877,-22.765],[147.895,-22.762],[147.907,-22.749],[147.92,-22.717],[147.929,-22.719],[147.955,-22.707],[147.994,-22.694],[147.994,-22.677],[148.01,-22.66],[148.023,-22.693],[148.051,-22.699],[148.061,-22.71],[148.064,-22.739],[148.11,-22.767],[148.132,-22.769],[148.149,-22.78],[148.184,-22.789],[148.196,-22.781],[148.213,-22.782],[148.235,-22.772],[148.239,-22.74],[148.263,-22.739],[148.281,-22.73],[148.298,-22.732],[148.33,-22.725],[148.343,-22.726],[148.371,-22.766],[148.368,-22.795],[148.353,-22.809],[148.332,-22.817],[148.33,-22.827],[148.277,-22.874],[148.28,-22.886],[148.325,-22.95],[148.458,-22.868],[148.542,-22.877],[148.541,-22.92],[148.553,-22.942],[148.554,-22.974],[148.573,-22.969],[148.562,-22.999],[148.585,-22.999],[148.604,-22.999],[148.585,-23.071],[148.585,-23.076],[148.562,-23.116],[148.579,-23.118],[148.624,-23.149],[148.565,-23.222],[148.582,-23.234],[148.512,-23.289],[148.502,-23.33],[148.55,-23.347],[148.57,-23.38],[148.55,-23.407],[148.573,-23.469],[148.523,-23.505],[148.525,-23.55],[148.537,-23.556],[148.569,-23.553],[148.578,-23.532],[148.592,-23.543],[148.619,-23.536],[148.634,-23.51],[148.634,-23.479],[148.654,-23.476],[148.679,-23.449],[148.7,-23.441],[148.705,-23.431],[148.675,-23.425],[148.68,-23.406],[148.695,-23.402],[148.711,-23.388],[148.705,-23.364],[148.712,-23.354],[148.737,-23.348],[148.748,-23.379],[148.765,-23.381],[148.776,-23.372],[148.778,-23.353],[148.797,-23.352],[148.8,-23.362],[148.824,-23.379],[148.851,-23.368],[148.869,-23.352],[148.867,-23.315],[148.856,-23.31],[148.846,-23.291],[148.856,-23.266],[148.88,-23.248],[148.887,-23.256],[148.91,-23.265],[148.925,-23.262],[148.927,-23.244],[148.947,-23.242],[148.947,-23.218],[148.968,-23.196],[148.985,-23.195],[149.006,-23.166],[149.006,-23.15],[148.987,-23.143],[148.991,-23.13],[148.973,-23.124],[148.972,-23.107],[148.978,-23.093],[149.025,-23.081],[149.04,-23.062],[149.055,-23.058],[149.082,-23.061],[149.111,-23.056],[149.125,-23.063],[149.179,-23.048],[149.203,-23.047],[149.214,-23.023],[149.229,-23.003],[149.234,-22.983],[149.285,-22.958],[149.288,-22.938],[149.302,-22.928],[149.315,-22.905],[149.329,-22.897],[149.33,-22.876],[149.368,-22.878],[149.383,-22.895],[149.401,-22.896],[149.415,-22.918],[149.422,-22.962],[149.411,-22.988],[149.428,-23.005],[149.429,-23.02],[149.442,-23.033],[149.486,-23.058],[149.492,-23.084],[149.48,-23.099],[149.482,-23.113],[149.503,-23.124],[149.617,-23.093],[149.637,-23.074],[149.673,-23.082],[149.719,-23.061],[149.72,-23.042],[149.731,-23.026],[149.745,-23.02],[149.778,-23.014],[149.803,-22.992],[149.826,-22.982],[149.834,-22.997],[149.851,-22.987],[149.866,-22.994],[149.878,-22.988],[149.902,-22.997],[149.91,-23.008],[149.933,-23.014],[149.932,-23.036],[149.925,-23.055],[149.965,-23.078],[150.001,-23.087],[150.025,-23.071],[150.033,-23.045],[150.065,-23.035],[150.077,-23.045],[150.067,-23.075],[150.068,-23.086],[150.098,-23.093],[150.123,-23.09],[150.139,-23.103],[150.134,-23.122],[150.143,-23.134],[150.163,-23.146],[150.188,-23.132],[150.216,-23.108],[150.25,-23.113],[150.275,-23.129],[150.297,-23.138],[150.369,-23.147],[150.383,-23.142],[150.393,-23.161],[150.382,-23.169],[150.387,-23.183],[150.402,-23.19],[150.38,-23.207],[150.342,-23.244],[150.356,-23.263],[150.373,-23.265],[150.393,-23.243],[150.409,-23.24],[150.427,-23.254],[150.434,-23.285],[150.448,-23.306],[150.46,-23.337],[150.472,-23.321],[150.482,-23.319],[150.492,-23.333],[150.493,-23.359],[150.467,-23.379],[150.451,-23.385],[150.435,-23.372],[150.434,-23.406],[150.459,-23.418],[150.468,-23.427],[150.507,-23.433],[150.52,-23.428],[150.536,-23.445],[150.545,-23.426],[150.531,-23.395],[150.552,-23.378],[150.562,-23.385],[150.578,-23.41],[150.595,-23.426],[150.604,-23.445],[150.62,-23.451],[150.627,-23.472],[150.64,-23.486],[150.658,-23.488],[150.662,-23.501],[150.681,-23.499],[150.706,-23.505],[150.727,-23.492],[150.772,-23.506],[150.843,-23.51],[150.868,-23.503],[150.921,-23.503],[150.968,-23.499],[150.978,-23.474],[151.001,-23.432],[151.251,-23.165],[151.648,-23.166],[152.048,-23.167],[152.909,-23.165]]]}},{"type":"Feature","properties":{"name":"Dawson"},"geometry":{"type":"Polygon","coordinates":[[[152.654,-21.236],[152.663,-21.217],[152.678,-21.153],[152.676,-21.12],[152.652,-21.065],[152.639,-21.044],[152.596,-21.027],[152.549,-21.02],[152.401,-21.005],[152.309,-20.983],[152.236,-20.962],[152.184,-20.937],[152.117,-20.88],[152.091,-20.855],[152.055,-20.865],[152.043,-20.891],[152.039,-20.931],[152.041,-20.985],[152.051,-21.015],[152.073,-21.054],[152.116,-21.126],[152.12,-21.16],[152.096,-21.188],[152.043,-21.208],[151.996,-21.213],[151.946,-21.211],[151.891,-21.201],[151.85,-21.175],[151.831,-21.139],[151.808,-21.11],[151.769,-21.068],[151.729,-21.045],[151.684,-21.031],[151.637,-21.009],[151.598,-20.993],[151.528,-20.935],[151.492,-20.914],[151.442,-20.894],[151.4,-20.875],[151.361,-20.841],[151.285,-20.785],[151.189,-20.729],[151.035,-20.666],[150.962,-20.62],[150.927,-20.605],[150.889,-20.584],[150.852,-20.561],[150.822,-20.529],[150.8,-20.502],[150.764,-20.462],[150.692,-20.367],[150.63,-20.299],[150.602,-20.253],[150.562,-20.166],[150.52,-20.123],[150.447,-20.069],[150.405,-20.024],[150.401,-19.995],[150.384,-19.949],[150.37,-19.945],[150.349,-19.924],[150.33,-19.92],[150.301,-19.892],[150.291,-19.873],[150.247,-19.858],[150.23,-19.845],[150.198,-19.807],[150.192,-19.788],[150.147,-19.772],[150.123,-19.755],[150.052,-19.713],[150.037,-19.713],[150.012,-19.703],[149.984,-19.685],[149.95,-19.648],[149.879,-19.623],[149.862,-19.608],[149.652,-19.462],[149.642,-19.458],[149.421,-19.334],[149.326,-19.298],[148.001,-19.298],[147.427,-19.299],[147.168,-19.298],[147.119,-19.411],[147.114,-19.402],[147.114,-19.402],[147.108,-19.381],[147.075,-19.353],[147.075,-19.352],[147.066,-19.343],[147.065,-19.342],[147.047,-19.299],[147.045,-19.281],[147.045,-19.281],[147.046,-19.277],[147.046,-19.277],[147.046,-19.276],[147.046,-19.276],[147.047,-19.275],[147.047,-19.275],[147.061,-19.275],[147.061,-19.275],[147.06,-19.256],[147.061,-19.256],[147.051,-19.242],[147.051,-19.242],[147.047,-19.24],[147.047,-19.24],[147.044,-19.223],[147.044,-19.223],[147.044,-19.222],[147.044,-19.222],[147.043,-19.218],[147.043,-19.218],[147.039,-19.206],[147.023,-19.194],[147.023,-19.194],[147.02,-19.187],[147.014,-19.183],[147.014,-19.183],[147.015,-19.186],[147.015,-19.186],[147.019,-19.195],[147.02,-19.197],[147.022,-19.215],[147.021,-19.217],[147.002,-19.236],[147.002,-19.236],[147.002,-19.247],[147.002,-19.248],[146.979,-19.283],[146.961,-19.293],[146.937,-19.296],[146.937,-19.296],[146.925,-19.301],[146.925,-19.301],[146.914,-19.301],[146.914,-19.301],[146.914,-19.301],[146.913,-19.301],[146.913,-19.301],[146.912,-19.301],[146.911,-19.302],[146.911,-19.302],[146.907,-19.303],[146.907,-19.303],[146.904,-19.304],[146.904,-19.304],[146.886,-19.305],[146.858,-19.283],[146.858,-19.283],[146.837,-19.271],[146.837,-19.271],[146.826,-19.281],[146.804,-19.288],[146.768,-19.318],[146.808,-19.319],[146.806,-19.342],[146.825,-19.343],[146.843,-19.365],[146.875,-19.356],[146.909,-19.379],[146.917,-19.381],[146.915,-19.401],[146.943,-19.43],[146.951,-19.424],[146.95,-19.396],[146.977,-19.388],[147.023,-19.397],[147.043,-19.43],[147.036,-19.472],[147.013,-19.475],[147.011,-19.492],[147.025,-19.505],[147.031,-19.521],[147.031,-19.552],[147.021,-19.579],[147.003,-19.597],[147.02,-19.611],[147.018,-19.625],[147.029,-19.632],[147.021,-19.715],[147.05,-19.704],[147.158,-19.792],[147.215,-19.836],[147.217,-19.818],[147.23,-19.819],[147.237,-19.86],[147.227,-19.897],[147.219,-19.913],[147.23,-19.94],[147.244,-19.949],[147.254,-19.969],[147.262,-20.009],[147.285,-20.046],[147.294,-20.065],[147.275,-20.115],[147.275,-20.126],[147.295,-20.161],[147.308,-20.215],[147.311,-20.262],[147.308,-20.286],[147.3,-20.305],[147.301,-20.322],[147.321,-20.371],[147.343,-20.389],[147.361,-20.403],[147.397,-20.41],[147.389,-20.443],[147.4,-20.454],[147.433,-20.454],[147.457,-20.465],[147.467,-20.375],[147.553,-20.38],[147.565,-20.364],[147.56,-20.35],[147.574,-20.334],[147.603,-20.331],[147.611,-20.313],[147.638,-20.303],[147.663,-20.309],[147.686,-20.3],[147.722,-20.309],[147.751,-20.329],[147.747,-20.338],[147.762,-20.357],[147.78,-20.366],[147.785,-20.39],[147.809,-20.419],[147.82,-20.437],[147.839,-20.452],[147.849,-20.442],[147.856,-20.406],[147.868,-20.404],[147.895,-20.426],[147.907,-20.425],[147.923,-20.447],[147.936,-20.452],[147.936,-20.469],[147.951,-20.474],[147.968,-20.491],[147.987,-20.493],[147.985,-20.512],[147.992,-20.533],[148.017,-20.542],[148.026,-20.522],[148.059,-20.507],[148.079,-20.536],[148.095,-20.548],[148.101,-20.564],[148.116,-20.573],[148.124,-20.561],[148.117,-20.537],[148.133,-20.53],[148.153,-20.532],[148.171,-20.555],[148.188,-20.554],[148.195,-20.568],[148.227,-20.559],[148.243,-20.573],[148.259,-20.577],[148.273,-20.571],[148.278,-20.559],[148.294,-20.566],[148.296,-20.595],[148.33,-20.607],[148.337,-20.626],[148.364,-20.653],[148.374,-20.674],[148.368,-20.693],[148.375,-20.702],[148.399,-20.695],[148.419,-20.708],[148.432,-20.706],[148.44,-20.726],[148.465,-20.745],[148.47,-20.76],[148.465,-20.773],[148.484,-20.803],[148.505,-20.804],[148.517,-20.795],[148.525,-20.815],[148.561,-20.838],[148.573,-20.836],[148.597,-20.873],[148.6,-20.917],[148.614,-20.925],[148.627,-20.95],[148.64,-20.952],[148.636,-20.968],[148.643,-21.008],[148.626,-21.008],[148.597,-21.017],[148.6,-21.033],[148.58,-21.051],[148.582,-21.058],[148.721,-21.072],[148.754,-21.08],[148.765,-21.067],[148.816,-21.07],[148.83,-21.078],[148.861,-21.083],[148.863,-21.069],[148.88,-21.076],[148.902,-21.076],[148.905,-21.09],[148.923,-21.093],[148.93,-21.105],[148.953,-21.113],[148.967,-21.127],[148.991,-21.137],[149.027,-21.141],[149.057,-21.139],[149.096,-21.148],[149.14,-21.143],[149.155,-21.16],[149.149,-21.196],[149.173,-21.198],[149.185,-21.205],[149.186,-21.216],[149.21,-21.232],[149.214,-21.242],[149.199,-21.268],[149.202,-21.278],[149.235,-21.239],[149.258,-21.224],[149.751,-21.248],[150.092,-21.249],[151.837,-21.245],[152.654,-21.236]]]}},{"type":"Feature","properties":{"name":"Dickson"},"geometry":{"type":"Polygon","coordinates":[[[152.999,-27.357],[152.979,-27.348],[152.994,-27.334],[153.007,-27.301],[153.02,-27.282],[153.018,-27.249],[153.009,-27.243],[152.977,-27.233],[152.963,-27.205],[152.946,-27.198],[152.887,-27.189],[152.862,-27.189],[152.845,-27.183],[152.851,-27.14],[152.829,-27.131],[152.829,-27.116],[152.807,-27.108],[152.784,-27.086],[152.78,-27.104],[152.765,-27.111],[152.734,-27.107],[152.731,-27.126],[152.739,-27.151],[152.733,-27.171],[152.704,-27.199],[152.7,-27.23],[152.682,-27.254],[152.684,-27.272],[152.705,-27.277],[152.707,-27.292],[152.735,-27.297],[152.752,-27.295],[152.756,-27.31],[152.749,-27.319],[152.749,-27.332],[152.768,-27.335],[152.762,-27.372],[152.776,-27.389],[152.776,-27.402],[152.814,-27.402],[152.837,-27.419],[152.861,-27.422],[152.873,-27.414],[152.897,-27.417],[152.899,-27.404],[152.915,-27.406],[152.925,-27.393],[152.945,-27.406],[152.966,-27.397],[152.977,-27.401],[152.975,-27.392],[152.998,-27.365],[152.998,-27.365],[152.999,-27.357]]]}},{"type":"Feature","properties":{"name":"Fadden"},"geometry":{"type":"Polygon","coordinates":[[[153.449,-27.732],[153.418,-27.741],[153.406,-27.733],[153.401,-27.718],[153.365,-27.705],[153.359,-27.691],[153.308,-27.709],[153.287,-27.694],[153.273,-27.698],[153.257,-27.692],[153.243,-27.698],[153.221,-27.726],[153.239,-27.756],[153.268,-27.808],[153.299,-27.828],[153.315,-27.877],[153.296,-27.886],[153.292,-27.904],[153.305,-27.94],[153.299,-27.954],[153.318,-27.956],[153.322,-27.968],[153.344,-27.977],[153.347,-27.961],[153.377,-27.965],[153.384,-27.954],[153.413,-27.958],[153.424,-27.937],[153.434,-27.934],[153.425,-27.907],[153.427,-27.868],[153.435,-27.813],[153.449,-27.732]]]}},{"type":"Feature","properties":{"name":"Fairfax"},"geometry":{"type":"Polygon","coordinates":[[[152.587,-26.733],[152.611,-26.729],[152.633,-26.694],[152.649,-26.692],[152.651,-26.673],[152.625,-26.673],[152.629,-26.659],[152.646,-26.649],[152.648,-26.636],[152.666,-26.616],[152.697,-26.623],[152.715,-26.635],[152.73,-26.66],[152.746,-26.637],[152.794,-26.645],[152.796,-26.671],[152.845,-26.677],[152.854,-26.669],[152.879,-26.672],[152.886,-26.661],[152.9,-26.663],[152.908,-26.653],[152.942,-26.655],[152.981,-26.679],[153.003,-26.681],[153.005,-26.691],[153.026,-26.714],[153.043,-26.721],[153.065,-26.711],[153.105,-26.716],[153.115,-26.698],[153.095,-26.673],[153.106,-26.665],[153.101,-26.64],[153.102,-26.615],[153.098,-26.58],[153.103,-26.547],[153.093,-26.532],[153.096,-26.499],[153.083,-26.483],[153.057,-26.477],[153.039,-26.463],[153.031,-26.443],[153.006,-26.435],[152.966,-26.432],[152.945,-26.445],[152.922,-26.443],[152.892,-26.455],[152.869,-26.474],[152.814,-26.498],[152.803,-26.477],[152.758,-26.468],[152.766,-26.482],[152.745,-26.499],[152.762,-26.511],[152.76,-26.525],[152.767,-26.537],[152.745,-26.55],[152.728,-26.537],[152.681,-26.584],[152.68,-26.598],[152.66,-26.597],[152.644,-26.586],[152.626,-26.582],[152.575,-26.584],[152.588,-26.614],[152.583,-26.645],[152.556,-26.68],[152.553,-26.706],[152.579,-26.716],[152.587,-26.733]]]}},{"type":"Feature","properties":{"name":"Fisher"},"geometry":{"type":"Polygon","coordinates":[[[153.133,-26.812],[153.149,-26.792],[153.137,-26.771],[153.135,-26.739],[153.138,-26.682],[153.122,-26.681],[153.106,-26.665],[153.095,-26.673],[153.115,-26.698],[153.105,-26.716],[153.065,-26.711],[153.043,-26.721],[153.026,-26.714],[153.005,-26.691],[153.003,-26.681],[152.981,-26.679],[152.942,-26.655],[152.908,-26.653],[152.9,-26.663],[152.886,-26.661],[152.879,-26.672],[152.854,-26.669],[152.845,-26.677],[152.796,-26.671],[152.794,-26.645],[152.746,-26.637],[152.73,-26.66],[152.715,-26.635],[152.697,-26.623],[152.666,-26.616],[152.648,-26.636],[152.646,-26.649],[152.629,-26.659],[152.625,-26.673],[152.651,-26.673],[152.649,-26.692],[152.633,-26.694],[152.611,-26.729],[152.587,-26.733],[152.583,-26.74],[152.602,-26.758],[152.632,-26.764],[152.646,-26.774],[152.667,-26.773],[152.669,-26.79],[152.679,-26.8],[152.75,-26.816],[152.753,-26.797],[152.779,-26.797],[152.792,-26.827],[152.813,-26.829],[152.832,-26.856],[152.848,-26.858],[152.857,-26.871],[152.859,-26.911],[152.875,-26.914],[152.872,-26.931],[152.861,-26.936],[152.858,-26.956],[152.891,-26.961],[152.904,-26.954],[152.953,-26.968],[152.967,-26.979],[153.003,-26.985],[153.018,-26.978],[153.018,-26.966],[153.043,-26.969],[153.066,-26.984],[153.074,-26.971],[153.07,-26.955],[153.079,-26.936],[153.073,-26.923],[153.077,-26.906],[153.109,-26.891],[153.122,-26.859],[153.12,-26.844],[153.133,-26.812]]]}},{"type":"Feature","properties":{"name":"Flynn"},"geometry":{"type":"Polygon","coordinates":[[[153.265,-24.697],[153.226,-24.516],[153.145,-24.173],[153.042,-23.732],[152.909,-23.165],[152.048,-23.167],[151.648,-23.166],[151.251,-23.165],[151.001,-23.432],[150.978,-23.474],[150.968,-23.499],[150.921,-23.503],[150.868,-23.503],[150.843,-23.51],[150.772,-23.506],[150.727,-23.492],[150.706,-23.505],[150.681,-23.499],[150.662,-23.501],[150.658,-23.488],[150.64,-23.486],[150.627,-23.472],[150.62,-23.451],[150.604,-23.445],[150.595,-23.426],[150.578,-23.41],[150.562,-23.385],[150.552,-23.378],[150.531,-23.395],[150.545,-23.426],[150.536,-23.445],[150.52,-23.428],[150.507,-23.433],[150.468,-23.427],[150.459,-23.418],[150.434,-23.406],[150.435,-23.372],[150.451,-23.385],[150.467,-23.379],[150.493,-23.359],[150.492,-23.333],[150.482,-23.319],[150.472,-23.321],[150.46,-23.337],[150.448,-23.306],[150.434,-23.285],[150.427,-23.254],[150.409,-23.24],[150.393,-23.243],[150.373,-23.265],[150.356,-23.263],[150.342,-23.244],[150.38,-23.207],[150.402,-23.19],[150.387,-23.183],[150.382,-23.169],[150.393,-23.161],[150.383,-23.142],[150.369,-23.147],[150.297,-23.138],[150.275,-23.129],[150.25,-23.113],[150.216,-23.108],[150.188,-23.132],[150.163,-23.146],[150.143,-23.134],[150.134,-23.122],[150.139,-23.103],[150.123,-23.09],[150.098,-23.093],[150.068,-23.086],[150.067,-23.075],[150.077,-23.045],[150.065,-23.035],[150.033,-23.045],[150.025,-23.071],[150.001,-23.087],[149.965,-23.078],[149.925,-23.055],[149.932,-23.036],[149.933,-23.014],[149.91,-23.008],[149.902,-22.997],[149.878,-22.988],[149.866,-22.994],[149.851,-22.987],[149.834,-22.997],[149.826,-22.982],[149.803,-22.992],[149.778,-23.014],[149.745,-23.02],[149.731,-23.026],[149.72,-23.042],[149.719,-23.061],[149.673,-23.082],[149.637,-23.074],[149.617,-23.093],[149.503,-23.124],[149.482,-23.113],[149.48,-23.099],[149.492,-23.084],[149.486,-23.058],[149.442,-23.033],[149.429,-23.02],[149.428,-23.005],[149.411,-22.988],[149.422,-22.962],[149.415,-22.918],[149.401,-22.896],[149.383,-22.895],[149.368,-22.878],[149.33,-22.876],[149.329,-22.897],[149.315,-22.905],[149.302,-22.928],[149.288,-22.938],[149.285,-22.958],[149.234,-22.983],[149.229,-23.003],[149.214,-23.023],[149.203,-23.047],[149.179,-23.048],[149.125,-23.063],[149.111,-23.056],[149.082,-23.061],[149.055,-23.058],[149.04,-23.062],[149.025,-23.081],[148.978,-23.093],[148.972,-23.107],[148.973,-23.124],[148.991,-23.13],[148.987,-23.143],[149.006,-23.15],[149.006,-23.166],[148.985,-23.195],[148.968,-23.196],[148.947,-23.218],[148.947,-23.242],[148.927,-23.244],[148.925,-23.262],[148.91,-23.265],[148.887,-23.256],[148.88,-23.248],[148.856,-23.266],[148.846,-23.291],[148.856,-23.31],[148.867,-23.315],[148.869,-23.352],[148.851,-23.368],[148.824,-23.379],[148.8,-23.362],[148.797,-23.352],[148.778,-23.353],[148.776,-23.372],[148.765,-23.381],[148.748,-23.379],[148.737,-23.348],[148.712,-23.354],[148.705,-23.364],[148.711,-23.388],[148.695,-23.402],[148.68,-23.406],[148.675,-23.425],[148.705,-23.431],[148.7,-23.441],[148.679,-23.449],[148.654,-23.476],[148.634,-23.479],[148.634,-23.51],[148.619,-23.536],[148.592,-23.543],[148.578,-23.532],[148.569,-23.553],[148.537,-23.556],[148.525,-23.55],[148.523,-23.505],[148.573,-23.469],[148.55,-23.407],[148.57,-23.38],[148.55,-23.347],[148.502,-23.33],[148.512,-23.289],[148.582,-23.234],[148.565,-23.222],[148.624,-23.149],[148.579,-23.118],[148.562,-23.116],[148.585,-23.076],[148.585,-23.071],[148.604,-22.999],[148.585,-22.999],[148.562,-22.999],[148.573,-22.969],[148.554,-22.974],[148.553,-22.942],[148.541,-22.92],[148.542,-22.877],[148.458,-22.868],[148.325,-22.95],[148.28,-22.886],[148.277,-22.874],[148.33,-22.827],[148.332,-22.817],[148.353,-22.809],[148.368,-22.795],[148.371,-22.766],[148.343,-22.726],[148.33,-22.725],[148.298,-22.732],[148.281,-22.73],[148.263,-22.739],[148.239,-22.74],[148.235,-22.772],[148.213,-22.782],[148.196,-22.781],[148.184,-22.789],[148.149,-22.78],[148.132,-22.769],[148.11,-22.767],[148.064,-22.739],[148.061,-22.71],[148.051,-22.699],[148.023,-22.693],[148.01,-22.66],[147.994,-22.677],[147.994,-22.694],[147.955,-22.707],[147.929,-22.719],[147.92,-22.717],[147.907,-22.749],[147.895,-22.762],[147.877,-22.765],[147.844,-22.785],[147.821,-22.783],[147.794,-22.801],[147.784,-22.819],[147.773,-22.827],[147.756,-22.855],[147.737,-22.862],[147.703,-22.886],[147.7,-22.909],[147.662,-22.915],[147.64,-22.926],[147.626,-22.919],[147.618,-22.894],[147.588,-22.922],[147.582,-22.962],[147.568,-22.962],[147.555,-22.977],[147.553,-23.009],[147.504,-22.986],[147.497,-23.001],[147.52,-23.028],[147.506,-23.03],[147.484,-23.046],[147.487,-23.079],[147.477,-23.093],[147.464,-23.092],[147.447,-23.107],[147.442,-23.12],[147.412,-23.134],[147.395,-23.147],[147.383,-23.165],[147.351,-23.187],[147.34,-23.183],[147.315,-23.193],[147.278,-23.196],[147.261,-23.21],[147.261,-23.244],[147.271,-23.268],[147.287,-23.279],[147.279,-23.303],[147.293,-23.324],[147.283,-23.331],[147.287,-23.351],[147.265,-23.384],[147.265,-23.413],[147.26,-23.438],[147.251,-23.447],[147.26,-23.469],[147.273,-23.469],[147.282,-23.501],[147.284,-23.525],[147.275,-23.535],[147.234,-23.552],[147.221,-23.55],[147.212,-23.576],[147.218,-23.596],[147.2,-23.606],[147.203,-23.631],[147.211,-23.637],[147.201,-23.655],[147.21,-23.676],[147.196,-23.684],[147.201,-23.727],[147.195,-23.746],[147.2,-23.773],[147.23,-23.787],[147.237,-23.81],[147.228,-23.832],[147.239,-23.862],[147.234,-23.881],[147.241,-23.903],[147.215,-23.924],[147.203,-23.94],[147.181,-23.942],[147.169,-23.955],[147.164,-23.976],[147.173,-23.978],[147.184,-24.007],[147.179,-24.019],[147.187,-24.036],[147.174,-24.06],[147.183,-24.086],[147.156,-24.093],[147.142,-24.086],[147.122,-24.094],[147.11,-24.093],[147.074,-24.118],[147.05,-24.119],[147.037,-24.126],[147.029,-24.141],[146.99,-24.161],[146.974,-24.16],[146.957,-24.17],[146.95,-24.188],[146.953,-24.207],[146.94,-24.219],[146.944,-24.229],[146.928,-24.254],[146.923,-24.295],[146.9,-24.329],[146.874,-24.338],[146.875,-24.348],[146.864,-24.369],[146.848,-24.369],[146.814,-24.377],[146.805,-24.405],[146.791,-24.41],[146.76,-24.404],[146.73,-24.419],[146.713,-24.378],[146.691,-24.375],[146.663,-24.401],[146.642,-24.399],[146.618,-24.412],[146.596,-24.417],[146.589,-24.432],[146.596,-24.453],[146.62,-24.467],[146.626,-24.494],[146.64,-24.5],[146.646,-24.523],[146.664,-24.548],[146.667,-24.562],[146.681,-24.579],[146.667,-24.591],[146.682,-24.606],[146.721,-24.626],[146.738,-24.628],[146.741,-24.65],[146.758,-24.663],[146.774,-24.663],[146.78,-24.636],[146.8,-24.621],[146.834,-24.624],[146.857,-24.594],[146.883,-24.601],[146.899,-24.646],[146.935,-24.678],[146.942,-24.704],[146.921,-24.717],[146.909,-24.744],[146.882,-24.762],[146.903,-24.805],[147.092,-24.814],[147.089,-24.846],[147.139,-24.849],[147.137,-24.883],[147.291,-24.895],[147.322,-24.871],[147.369,-24.877],[147.381,-24.871],[147.42,-24.881],[147.486,-24.876],[147.496,-24.849],[147.505,-24.841],[147.506,-24.825],[147.521,-24.829],[147.544,-24.819],[147.558,-24.819],[147.577,-24.834],[147.611,-24.807],[147.642,-24.798],[147.644,-24.775],[147.682,-24.772],[147.712,-24.752],[147.733,-24.732],[147.762,-24.729],[147.784,-24.734],[147.821,-24.736],[147.828,-24.75],[147.848,-24.766],[147.853,-24.781],[147.889,-24.799],[147.915,-24.823],[147.916,-24.843],[147.939,-24.859],[147.953,-24.881],[147.973,-24.882],[147.995,-24.899],[148.014,-24.899],[148.03,-24.911],[148.058,-24.916],[148.066,-24.936],[148.075,-24.943],[148.076,-24.976],[148.085,-25.002],[148.099,-25.018],[148.116,-25.023],[148.122,-25.042],[148.134,-25.043],[148.15,-25.061],[148.161,-25.084],[148.181,-25.08],[148.213,-25.086],[148.235,-25.101],[148.236,-25.114],[148.276,-25.153],[148.295,-25.166],[148.293,-25.182],[148.306,-25.204],[148.348,-25.22],[148.352,-25.229],[148.376,-25.235],[148.4,-25.246],[148.41,-25.259],[148.421,-25.251],[148.453,-25.254],[148.476,-25.245],[148.538,-25.246],[148.554,-25.254],[148.567,-25.25],[148.593,-25.263],[148.6,-25.273],[148.643,-25.284],[148.667,-25.311],[148.68,-25.295],[148.682,-25.283],[148.7,-25.285],[148.708,-25.278],[148.727,-25.288],[148.745,-25.28],[148.759,-25.311],[148.747,-25.319],[148.727,-25.343],[148.719,-25.387],[148.726,-25.401],[148.744,-25.413],[148.762,-25.417],[148.776,-25.435],[148.833,-25.46],[148.9,-25.472],[148.938,-25.459],[149.024,-25.56],[148.984,-25.589],[148.995,-25.601],[149.02,-25.604],[149.038,-25.632],[149.06,-25.653],[149.053,-25.666],[149.016,-25.682],[149.009,-25.695],[148.996,-25.698],[148.974,-25.713],[148.958,-25.693],[148.942,-25.686],[148.922,-25.725],[148.924,-25.74],[148.901,-25.76],[148.911,-25.768],[148.945,-25.771],[148.961,-25.79],[149.012,-25.777],[149.032,-25.776],[149.025,-25.799],[149.044,-25.822],[149.068,-25.842],[149.105,-25.866],[149.111,-25.876],[149.094,-25.895],[149.08,-25.925],[149.086,-25.941],[149.125,-25.951],[149.138,-25.946],[149.303,-25.966],[149.328,-25.925],[149.342,-25.921],[149.365,-25.898],[149.402,-25.883],[149.484,-25.892],[149.477,-25.934],[149.575,-25.944],[149.584,-25.886],[149.649,-25.894],[149.682,-25.872],[149.736,-25.85],[149.767,-25.905],[149.783,-25.891],[149.766,-25.859],[149.787,-25.858],[149.798,-25.849],[149.823,-25.849],[149.824,-25.828],[149.851,-25.837],[149.882,-25.829],[149.906,-25.817],[149.932,-25.839],[149.95,-25.84],[149.961,-25.851],[149.99,-25.847],[150.022,-25.865],[150.031,-25.836],[150.052,-25.838],[150.056,-25.813],[150.085,-25.812],[150.097,-25.795],[150.115,-25.811],[150.142,-25.823],[150.159,-25.819],[150.181,-25.806],[150.174,-25.78],[150.237,-25.789],[150.258,-25.788],[150.279,-25.796],[150.282,-25.779],[150.337,-25.79],[150.341,-25.815],[150.361,-25.818],[150.389,-25.815],[150.387,-25.806],[150.404,-25.79],[150.418,-25.789],[150.426,-25.774],[150.43,-25.737],[150.434,-25.734],[150.418,-25.675],[150.436,-25.661],[150.443,-25.622],[150.437,-25.606],[150.446,-25.599],[150.484,-25.606],[150.495,-25.628],[150.525,-25.645],[150.57,-25.638],[150.591,-25.653],[150.654,-25.66],[150.664,-25.685],[150.647,-25.706],[150.65,-25.727],[150.665,-25.733],[150.66,-25.773],[150.644,-25.785],[150.658,-25.801],[150.659,-25.815],[150.671,-25.821],[150.697,-25.851],[150.694,-25.872],[150.681,-25.883],[150.685,-25.902],[150.68,-25.929],[150.669,-25.943],[150.673,-25.97],[150.702,-25.974],[150.714,-25.985],[150.725,-25.981],[150.763,-25.981],[150.774,-25.998],[150.781,-26.028],[150.79,-26.049],[150.85,-26.056],[150.904,-26.019],[150.92,-26.005],[150.933,-26.013],[150.962,-26.014],[150.984,-26.008],[151.003,-26.043],[151.016,-26.077],[151.04,-26.088],[151.067,-26.085],[151.074,-26.095],[151.098,-26.111],[151.126,-26.115],[151.134,-26.105],[151.15,-26.105],[151.16,-26.121],[151.162,-26.15],[151.139,-26.159],[151.116,-26.141],[151.099,-26.15],[151.1,-26.16],[151.076,-26.162],[151.073,-26.173],[151.023,-26.195],[151.013,-26.192],[151.017,-26.256],[151.066,-26.255],[151.136,-26.263],[151.115,-26.38],[151.077,-26.463],[151.208,-26.479],[151.201,-26.449],[151.285,-26.393],[151.307,-26.404],[151.333,-26.405],[151.365,-26.401],[151.39,-26.383],[151.427,-26.434],[151.484,-26.393],[151.484,-26.383],[151.508,-26.376],[151.53,-26.382],[151.538,-26.377],[151.671,-26.394],[151.678,-26.403],[151.717,-26.389],[151.719,-26.374],[151.768,-26.38],[151.786,-26.375],[151.83,-26.381],[151.829,-26.4],[151.855,-26.401],[151.871,-26.391],[151.892,-26.391],[151.923,-26.418],[151.963,-26.423],[151.973,-26.431],[151.996,-26.433],[152.018,-26.419],[152.037,-26.4],[152.012,-26.375],[152.001,-26.363],[152.009,-26.35],[151.977,-26.346],[151.981,-26.313],[151.888,-26.302],[151.901,-26.28],[151.918,-26.274],[151.908,-26.26],[151.893,-26.258],[151.894,-26.238],[151.885,-26.221],[151.872,-26.21],[151.869,-26.195],[151.848,-26.204],[151.83,-26.203],[151.824,-26.178],[151.81,-26.167],[151.798,-26.176],[151.758,-26.139],[151.746,-26.144],[151.744,-26.122],[151.724,-26.119],[151.721,-26.093],[151.735,-26.067],[151.723,-26.047],[151.753,-26.035],[151.742,-26.02],[151.748,-25.996],[151.748,-25.962],[151.763,-25.933],[151.78,-25.919],[151.781,-25.897],[151.774,-25.885],[151.773,-25.852],[151.765,-25.828],[151.775,-25.814],[151.762,-25.8],[151.778,-25.774],[151.79,-25.772],[151.8,-25.757],[151.811,-25.764],[151.814,-25.78],[151.829,-25.794],[151.853,-25.807],[151.863,-25.806],[151.893,-25.849],[151.901,-25.87],[151.929,-25.868],[151.948,-25.851],[151.96,-25.833],[151.986,-25.801],[151.986,-25.779],[151.997,-25.771],[151.995,-25.737],[151.98,-25.733],[151.982,-25.715],[152.016,-25.704],[152.017,-25.68],[152.011,-25.668],[152.038,-25.643],[152.041,-25.62],[152.073,-25.624],[152.093,-25.632],[152.112,-25.627],[152.111,-25.598],[152.129,-25.588],[152.152,-25.584],[152.164,-25.575],[152.165,-25.548],[152.179,-25.529],[152.193,-25.519],[152.215,-25.513],[152.27,-25.522],[152.273,-25.483],[152.262,-25.477],[152.26,-25.462],[152.273,-25.432],[152.272,-25.419],[152.253,-25.403],[152.234,-25.401],[152.217,-25.391],[152.199,-25.396],[152.169,-25.366],[152.167,-25.337],[152.133,-25.335],[152.124,-25.327],[152.106,-25.328],[152.091,-25.313],[152.076,-25.322],[152.059,-25.308],[152.049,-25.288],[152.025,-25.274],[152.013,-25.274],[152.006,-25.249],[152.012,-25.219],[151.991,-25.172],[151.982,-25.133],[151.995,-25.084],[152.004,-25.074],[152.029,-25.088],[152.044,-25.084],[152.027,-25.061],[152.058,-25.039],[152.072,-25.037],[152.087,-25.056],[152.102,-25.046],[152.109,-25.026],[152.093,-24.996],[152.089,-24.975],[152.107,-24.967],[152.142,-24.967],[152.168,-24.995],[152.177,-24.977],[152.197,-24.972],[152.187,-24.94],[152.222,-24.946],[152.249,-24.944],[152.253,-24.929],[152.234,-24.909],[152.24,-24.891],[152.258,-24.888],[152.283,-24.897],[152.294,-24.873],[152.317,-24.859],[152.316,-24.846],[152.342,-24.844],[152.344,-24.831],[152.371,-24.833],[152.359,-24.804],[152.378,-24.801],[152.383,-24.791],[152.381,-24.773],[152.382,-24.763],[152.4,-24.748],[152.819,-24.748],[153.171,-24.747],[153.178,-24.743],[153.178,-24.743],[153.191,-24.732],[153.191,-24.732],[153.192,-24.731],[153.193,-24.731],[153.202,-24.723],[153.202,-24.723],[153.203,-24.723],[153.203,-24.723],[153.211,-24.717],[153.211,-24.717],[153.212,-24.716],[153.213,-24.716],[153.213,-24.715],[153.213,-24.715],[153.213,-24.715],[153.222,-24.711],[153.222,-24.711],[153.226,-24.709],[153.227,-24.709],[153.24,-24.703],[153.24,-24.703],[153.241,-24.702],[153.241,-24.702],[153.251,-24.697],[153.251,-24.697],[153.251,-24.697],[153.251,-24.697],[153.258,-24.698],[153.259,-24.698],[153.264,-24.697],[153.264,-24.697],[153.265,-24.697]]]}},{"type":"Feature","properties":{"name":"Forde"},"geometry":{"type":"Polygon","coordinates":[[[153.292,-27.904],[153.296,-27.886],[153.315,-27.877],[153.299,-27.828],[153.268,-27.808],[153.239,-27.756],[153.221,-27.726],[153.243,-27.698],[153.257,-27.692],[153.273,-27.698],[153.287,-27.694],[153.281,-27.683],[153.28,-27.658],[153.255,-27.65],[153.239,-27.649],[153.187,-27.641],[153.174,-27.634],[153.163,-27.64],[153.164,-27.655],[153.155,-27.667],[153.125,-27.668],[153.099,-27.7],[153.078,-27.694],[153.032,-27.687],[153.017,-27.679],[153.006,-27.687],[153.002,-27.707],[152.987,-27.72],[153.03,-27.726],[153.025,-27.753],[153.013,-27.777],[153.03,-27.778],[153.052,-27.768],[153.058,-27.753],[153.086,-27.77],[153.12,-27.744],[153.138,-27.753],[153.139,-27.764],[153.159,-27.769],[153.16,-27.805],[153.176,-27.808],[153.183,-27.82],[153.173,-27.834],[153.189,-27.855],[153.181,-27.895],[153.212,-27.9],[153.244,-27.897],[153.268,-27.919],[153.292,-27.904]]]}},{"type":"Feature","properties":{"name":"Griffith"},"geometry":{"type":"Polygon","coordinates":[[[153.056,-27.526],[153.072,-27.529],[153.084,-27.522],[153.095,-27.531],[153.102,-27.491],[153.096,-27.482],[153.1,-27.445],[153.048,-27.444],[153.055,-27.472],[153.027,-27.48],[153.007,-27.474],[153.003,-27.477],[152.998,-27.491],[153.022,-27.5],[153.04,-27.502],[153.042,-27.514],[153.056,-27.526]]]}},{"type":"Feature","properties":{"name":"Groom"},"geometry":{"type":"Polygon","coordinates":[[[152.148,-27.863],[152.152,-27.834],[152.14,-27.821],[152.147,-27.799],[152.132,-27.772],[152.101,-27.765],[152.087,-27.757],[152.074,-27.731],[152.049,-27.718],[152.032,-27.716],[152.034,-27.703],[152.01,-27.7],[151.992,-27.673],[151.985,-27.649],[151.972,-27.644],[151.956,-27.65],[151.942,-27.632],[151.948,-27.618],[151.978,-27.621],[151.995,-27.6],[152.001,-27.557],[151.988,-27.536],[151.998,-27.526],[151.955,-27.514],[151.968,-27.503],[151.967,-27.474],[151.992,-27.46],[152.006,-27.447],[152.019,-27.449],[152.029,-27.416],[152.055,-27.413],[152.071,-27.403],[152.08,-27.381],[152.069,-27.358],[152.071,-27.345],[152.062,-27.328],[152.036,-27.298],[152.022,-27.312],[152.002,-27.319],[151.993,-27.334],[151.989,-27.355],[151.962,-27.367],[151.946,-27.351],[151.945,-27.321],[151.915,-27.316],[151.933,-27.276],[151.952,-27.271],[151.958,-27.241],[151.922,-27.255],[151.906,-27.246],[151.882,-27.224],[151.873,-27.195],[151.862,-27.191],[151.853,-27.168],[151.813,-27.155],[151.793,-27.133],[151.792,-27.108],[151.774,-27.082],[151.762,-27.074],[151.762,-27.051],[151.78,-27.026],[151.768,-27.018],[151.773,-26.99],[151.754,-26.974],[151.717,-26.969],[151.694,-26.969],[151.664,-26.99],[151.628,-27.003],[151.623,-27.03],[151.601,-27.031],[151.597,-27.058],[151.581,-27.056],[151.576,-27.1],[151.569,-27.125],[151.546,-27.115],[151.525,-27.126],[151.497,-27.122],[151.483,-27.113],[151.465,-27.111],[151.47,-27.136],[151.458,-27.146],[151.45,-27.201],[151.46,-27.203],[151.454,-27.242],[151.451,-27.279],[151.338,-27.208],[151.318,-27.331],[151.312,-27.336],[151.309,-27.414],[151.193,-27.399],[151.197,-27.384],[151.166,-27.384],[151.113,-27.377],[151.088,-27.376],[151.077,-27.451],[151.082,-27.493],[151.202,-27.511],[151.205,-27.494],[151.222,-27.486],[151.23,-27.509],[151.266,-27.53],[151.26,-27.541],[151.275,-27.566],[151.287,-27.578],[151.297,-27.601],[151.31,-27.603],[151.327,-27.629],[151.323,-27.642],[151.333,-27.67],[151.35,-27.67],[151.363,-27.694],[151.361,-27.709],[151.38,-27.72],[151.385,-27.736],[151.405,-27.743],[151.417,-27.766],[151.417,-27.779],[151.433,-27.792],[151.457,-27.801],[151.473,-27.796],[151.524,-27.836],[151.58,-27.859],[151.573,-27.903],[151.624,-27.907],[151.652,-27.887],[151.66,-27.859],[151.683,-27.845],[151.694,-27.85],[151.712,-27.843],[151.728,-27.827],[151.76,-27.823],[151.827,-27.832],[151.832,-27.843],[151.866,-27.832],[151.895,-27.849],[151.909,-27.845],[151.942,-27.849],[151.965,-27.845],[151.984,-27.836],[151.999,-27.84],[152.014,-27.835],[152.047,-27.857],[152.072,-27.86],[152.074,-27.85],[152.133,-27.858],[152.148,-27.863]]]}},{"type":"Feature","properties":{"name":"Herbert"},"geometry":{"type":"Polygon","coordinates":[[[149.326,-19.298],[149.098,-19.214],[149.031,-19.201],[149.019,-19.192],[148.966,-19.183],[148.923,-19.115],[148.916,-19.107],[148.701,-19.072],[148.489,-18.998],[148.436,-18.981],[148.421,-18.97],[148.38,-18.95],[148.345,-18.928],[148.164,-18.851],[148.117,-18.835],[148.066,-18.838],[148.031,-18.814],[147.984,-18.795],[147.955,-18.765],[147.95,-18.752],[147.929,-18.742],[147.87,-18.695],[147.854,-18.689],[147.725,-18.655],[147.615,-18.609],[147.599,-18.582],[147.281,-18.582],[147.001,-18.582],[147.001,-18.498],[146.851,-18.499],[146.485,-18.499],[146.397,-18.502],[146.336,-18.501],[146.342,-18.547],[146.342,-18.547],[146.345,-18.554],[146.345,-18.554],[146.338,-18.612],[146.329,-18.643],[146.302,-18.705],[146.288,-18.76],[146.288,-18.76],[146.277,-18.806],[146.276,-18.855],[146.289,-18.891],[146.316,-18.917],[146.331,-18.94],[146.335,-18.954],[146.364,-18.967],[146.379,-18.996],[146.396,-18.999],[146.405,-19.008],[146.436,-19.052],[146.457,-19.075],[146.478,-19.082],[146.481,-19.087],[146.5,-19.099],[146.514,-19.099],[146.528,-19.109],[146.528,-19.11],[146.532,-19.114],[146.533,-19.114],[146.533,-19.114],[146.534,-19.115],[146.534,-19.115],[146.516,-19.142],[146.514,-19.177],[146.499,-19.18],[146.469,-19.2],[146.42,-19.201],[146.421,-19.221],[146.404,-19.235],[146.4,-19.251],[146.413,-19.258],[146.422,-19.278],[146.41,-19.283],[146.426,-19.3],[146.46,-19.319],[146.444,-19.33],[146.462,-19.342],[146.459,-19.355],[146.47,-19.372],[146.499,-19.377],[146.529,-19.395],[146.554,-19.416],[146.564,-19.407],[146.582,-19.402],[146.59,-19.355],[146.588,-19.338],[146.596,-19.316],[146.619,-19.323],[146.654,-19.315],[146.702,-19.319],[146.715,-19.358],[146.702,-19.379],[146.703,-19.41],[146.733,-19.413],[146.73,-19.393],[146.737,-19.381],[146.729,-19.33],[146.742,-19.331],[146.75,-19.347],[146.804,-19.357],[146.806,-19.342],[146.808,-19.319],[146.768,-19.318],[146.804,-19.288],[146.826,-19.281],[146.837,-19.271],[146.837,-19.271],[146.858,-19.283],[146.858,-19.283],[146.886,-19.305],[146.904,-19.304],[146.904,-19.304],[146.907,-19.303],[146.907,-19.303],[146.911,-19.302],[146.911,-19.302],[146.912,-19.301],[146.913,-19.301],[146.913,-19.301],[146.914,-19.301],[146.914,-19.301],[146.914,-19.301],[146.925,-19.301],[146.925,-19.301],[146.937,-19.296],[146.937,-19.296],[146.961,-19.293],[146.979,-19.283],[147.002,-19.248],[147.002,-19.247],[147.002,-19.236],[147.002,-19.236],[147.021,-19.217],[147.022,-19.215],[147.02,-19.197],[147.019,-19.195],[147.015,-19.186],[147.015,-19.186],[147.014,-19.183],[147.014,-19.183],[147.02,-19.187],[147.023,-19.194],[147.023,-19.194],[147.039,-19.206],[147.043,-19.218],[147.043,-19.218],[147.044,-19.222],[147.044,-19.222],[147.044,-19.223],[147.044,-19.223],[147.047,-19.24],[147.047,-19.24],[147.051,-19.242],[147.051,-19.242],[147.061,-19.256],[147.06,-19.256],[147.061,-19.275],[147.061,-19.275],[147.047,-19.275],[147.047,-19.275],[147.046,-19.276],[147.046,-19.276],[147.046,-19.277],[147.046,-19.277],[147.045,-19.281],[147.045,-19.281],[147.047,-19.299],[147.065,-19.342],[147.066,-19.343],[147.075,-19.352],[147.075,-19.353],[147.108,-19.381],[147.114,-19.402],[147.114,-19.402],[147.119,-19.411],[147.168,-19.298],[147.427,-19.299],[148.001,-19.298],[149.326,-19.298]]]}},{"type":"Feature","properties":{"name":"Hinkler"},"geometry":{"type":"Polygon","coordinates":[[[153.168,-25.075],[153.2,-25.032],[153.223,-24.99],[153.233,-24.939],[153.229,-24.919],[153.197,-24.868],[153.175,-24.839],[153.145,-24.818],[153.12,-24.806],[153.155,-24.769],[153.164,-24.756],[153.17,-24.75],[153.171,-24.749],[153.171,-24.747],[152.819,-24.748],[152.4,-24.748],[152.382,-24.763],[152.381,-24.773],[152.383,-24.791],[152.378,-24.801],[152.359,-24.804],[152.371,-24.833],[152.344,-24.831],[152.342,-24.844],[152.316,-24.846],[152.317,-24.859],[152.294,-24.873],[152.283,-24.897],[152.258,-24.888],[152.24,-24.891],[152.234,-24.909],[152.253,-24.929],[152.249,-24.944],[152.222,-24.946],[152.187,-24.94],[152.197,-24.972],[152.177,-24.977],[152.168,-24.995],[152.142,-24.967],[152.107,-24.967],[152.089,-24.975],[152.093,-24.996],[152.109,-25.026],[152.102,-25.046],[152.087,-25.056],[152.072,-25.037],[152.058,-25.039],[152.027,-25.061],[152.044,-25.084],[152.029,-25.088],[152.004,-25.074],[151.995,-25.084],[151.982,-25.133],[151.991,-25.172],[152.012,-25.219],[152.006,-25.249],[152.013,-25.274],[152.025,-25.274],[152.049,-25.288],[152.059,-25.308],[152.076,-25.322],[152.091,-25.313],[152.106,-25.328],[152.124,-25.327],[152.133,-25.335],[152.167,-25.337],[152.169,-25.366],[152.199,-25.396],[152.217,-25.391],[152.234,-25.401],[152.253,-25.403],[152.272,-25.419],[152.273,-25.432],[152.299,-25.41],[152.328,-25.402],[152.364,-25.406],[152.39,-25.401],[152.396,-25.409],[152.416,-25.413],[152.411,-25.438],[152.401,-25.465],[152.406,-25.483],[152.422,-25.476],[152.45,-25.481],[152.464,-25.468],[152.493,-25.464],[152.498,-25.456],[152.574,-25.467],[152.603,-25.481],[152.627,-25.473],[152.639,-25.461],[152.65,-25.467],[152.673,-25.468],[152.684,-25.474],[152.726,-25.474],[152.742,-25.469],[152.752,-25.501],[152.764,-25.51],[152.787,-25.504],[152.806,-25.487],[152.824,-25.494],[152.849,-25.486],[152.866,-25.461],[152.869,-25.447],[152.896,-25.434],[152.906,-25.42],[152.922,-25.432],[153.034,-25.385],[153.034,-25.383],[153.034,-25.383],[153.046,-25.36],[153.05,-25.343],[153.046,-25.292],[153.04,-25.274],[153.05,-25.258],[153.05,-25.258],[153.048,-25.258],[153.048,-25.258],[153.044,-25.238],[153.032,-25.223],[153.031,-25.223],[153.017,-25.23],[152.995,-25.23],[152.995,-25.23],[153,-25.208],[153.031,-25.176],[153.073,-25.156],[153.125,-25.116],[153.168,-25.075],[153.168,-25.075]]]}},{"type":"Feature","properties":{"name":"Kennedy"},"geometry":{"type":"Polygon","coordinates":[[[147.599,-18.582],[147.557,-18.484],[147.552,-18.461],[147.531,-18.435],[147.463,-18.405],[147.397,-18.265],[147.383,-18.258],[147.042,-18.184],[146.983,-18.134],[146.902,-18.056],[146.891,-18.054],[146.867,-18.023],[146.85,-18.011],[146.843,-17.993],[146.797,-17.921],[146.744,-17.867],[146.68,-17.769],[146.72,-17.678],[146.719,-17.669],[146.684,-17.581],[146.56,-17.436],[146.55,-17.422],[146.565,-17.382],[146.555,-17.361],[146.54,-17.345],[146.539,-17.321],[146.556,-17.305],[146.54,-17.26],[146.545,-17.208],[146.551,-17.193],[146.542,-17.178],[146.514,-17.097],[146.473,-17.048],[146.474,-17.035],[146.527,-16.994],[146.526,-16.99],[146.484,-16.971],[146.453,-16.941],[146.448,-16.928],[146.397,-16.87],[146.356,-16.855],[145.927,-16.865],[145.923,-16.865],[145.919,-16.864],[145.919,-16.873],[145.919,-16.873],[145.917,-16.876],[145.916,-16.876],[145.916,-16.876],[145.916,-16.877],[145.916,-16.877],[145.909,-16.888],[145.909,-16.888],[145.907,-16.895],[145.907,-16.896],[145.906,-16.897],[145.902,-16.896],[145.901,-16.896],[145.898,-16.895],[145.897,-16.897],[145.894,-16.899],[145.891,-16.899],[145.891,-16.899],[145.89,-16.9],[145.89,-16.9],[145.889,-16.901],[145.889,-16.903],[145.888,-16.904],[145.888,-16.904],[145.887,-16.904],[145.887,-16.905],[145.885,-16.906],[145.885,-16.906],[145.885,-16.907],[145.872,-16.907],[145.854,-16.88],[145.839,-16.878],[145.825,-16.891],[145.825,-16.891],[145.825,-16.891],[145.825,-16.891],[145.812,-16.906],[145.811,-16.907],[145.81,-16.908],[145.808,-16.908],[145.807,-16.908],[145.806,-16.908],[145.8,-16.91],[145.799,-16.91],[145.792,-16.918],[145.793,-16.918],[145.788,-16.922],[145.788,-16.922],[145.787,-16.923],[145.784,-16.923],[145.782,-16.94],[145.782,-16.941],[145.768,-16.961],[145.776,-16.975],[145.771,-16.986],[145.734,-17.004],[145.727,-16.995],[145.707,-16.998],[145.704,-17.02],[145.689,-17.032],[145.689,-17.045],[145.668,-17.038],[145.66,-17.029],[145.635,-17.018],[145.63,-17.005],[145.64,-16.986],[145.651,-16.977],[145.65,-16.957],[145.617,-16.937],[145.6,-16.938],[145.601,-16.916],[145.579,-16.924],[145.557,-16.909],[145.547,-16.892],[145.55,-16.882],[145.531,-16.858],[145.535,-16.844],[145.521,-16.839],[145.513,-16.821],[145.542,-16.81],[145.549,-16.794],[145.539,-16.778],[145.515,-16.759],[145.505,-16.741],[145.512,-16.725],[145.539,-16.707],[145.515,-16.69],[145.514,-16.665],[145.524,-16.646],[145.523,-16.623],[145.502,-16.641],[145.459,-16.649],[145.447,-16.644],[145.449,-16.599],[145.433,-16.552],[145.404,-16.512],[145.385,-16.51],[145.355,-16.556],[145.307,-16.531],[145.298,-16.538],[145.272,-16.51],[145.266,-16.472],[145.244,-16.457],[145.24,-16.446],[145.209,-16.417],[145.181,-16.429],[145.179,-16.451],[145.162,-16.454],[145.152,-16.465],[145.119,-16.461],[145.096,-16.437],[145.084,-16.433],[145.081,-16.413],[145.061,-16.401],[145.046,-16.416],[145.028,-16.447],[145.013,-16.486],[144.999,-16.504],[144.963,-16.506],[144.939,-16.513],[144.925,-16.502],[144.917,-16.513],[144.923,-16.535],[144.92,-16.543],[144.9,-16.544],[144.88,-16.575],[144.86,-16.574],[144.856,-16.591],[144.847,-16.597],[144.824,-16.579],[144.809,-16.576],[144.79,-16.584],[144.774,-16.582],[144.771,-16.562],[144.731,-16.578],[144.705,-16.572],[144.668,-16.579],[144.663,-16.593],[144.665,-16.62],[144.649,-16.626],[144.641,-16.637],[144.641,-16.661],[144.631,-16.68],[144.616,-16.666],[144.614,-16.645],[144.598,-16.612],[144.589,-16.609],[144.573,-16.624],[144.563,-16.613],[144.541,-16.612],[144.528,-16.603],[144.496,-16.596],[144.486,-16.579],[144.484,-16.557],[144.478,-16.541],[144.453,-16.535],[144.445,-16.517],[144.426,-16.504],[144.386,-16.514],[144.371,-16.493],[144.34,-16.49],[144.333,-16.474],[144.301,-16.466],[144.288,-16.473],[144.25,-16.48],[144.238,-16.461],[144.212,-16.459],[144.196,-16.481],[144.162,-16.498],[144.139,-16.489],[144.127,-16.495],[144.092,-16.487],[144.083,-16.471],[144.055,-16.46],[144.054,-16.434],[144.035,-16.395],[143.979,-16.377],[143.97,-16.365],[143.936,-16.361],[143.891,-16.38],[143.863,-16.383],[143.848,-16.374],[143.814,-16.4],[143.797,-16.432],[143.765,-16.45],[143.758,-16.477],[143.73,-16.473],[143.718,-16.481],[143.712,-16.503],[143.697,-16.509],[143.696,-16.532],[143.68,-16.535],[143.667,-16.524],[143.605,-16.51],[143.583,-16.529],[143.55,-16.533],[143.527,-16.53],[143.502,-16.509],[143.482,-16.518],[143.454,-16.497],[143.436,-16.496],[143.431,-16.522],[143.409,-16.506],[143.397,-16.485],[143.38,-16.48],[143.357,-16.489],[143.328,-16.464],[143.308,-16.462],[143.283,-16.449],[143.27,-16.431],[143.248,-16.447],[143.232,-16.433],[143.215,-16.427],[143.185,-16.43],[143.161,-16.415],[143.131,-16.389],[143.112,-16.385],[143.065,-16.36],[143.054,-16.321],[143.03,-16.307],[143.014,-16.304],[143.008,-16.27],[142.97,-16.222],[142.955,-16.215],[142.844,-16.175],[142.828,-16.156],[142.821,-16.138],[142.81,-16.132],[142.773,-16.136],[142.757,-16.119],[142.736,-16.105],[142.71,-16.072],[142.667,-16.068],[142.647,-16.052],[142.634,-16.022],[142.624,-16.013],[142.468,-15.962],[142.38,-15.963],[142.368,-15.901],[142.235,-16.005],[142.095,-16.005],[141.926,-15.867],[141.905,-15.903],[141.855,-15.889],[141.747,-15.896],[141.616,-15.868],[141.533,-15.881],[141.517,-15.842],[141.416,-15.838],[141.409,-15.871],[141.396,-15.902],[141.396,-15.902],[141.398,-15.91],[141.373,-15.917],[141.393,-15.951],[141.404,-16],[141,-16],[137.992,-16],[138.001,-16.545],[138.001,-16.667],[138.001,-17.153],[138.001,-17.397],[138.001,-17.611],[138.001,-17.999],[138.001,-18.182],[138.001,-18.563],[138.001,-18.647],[137.997,-18.868],[137.996,-19.102],[137.996,-19.293],[137.996,-19.602],[137.996,-19.852],[137.996,-20.006],[137.997,-20.224],[137.997,-20.506],[137.997,-20.745],[137.997,-20.94],[137.997,-21.173],[137.997,-21.506],[137.998,-21.84],[137.998,-22.002],[137.998,-22.419],[137.998,-22.768],[137.998,-23],[137.998,-23.417],[137.998,-23.521],[138.464,-23.555],[138.592,-23.463],[138.642,-23.512],[138.736,-23.611],[138.871,-23.512],[138.921,-23.476],[138.899,-23.448],[139.076,-23.307],[139.123,-23.352],[139.175,-23.31],[139.339,-23.474],[139.295,-23.51],[139.476,-23.521],[139.464,-23.671],[139.636,-23.679],[139.893,-23.694],[139.889,-23.677],[139.878,-23.672],[139.875,-23.655],[139.863,-23.629],[139.889,-23.614],[139.936,-23.577],[139.939,-23.55],[139.929,-23.549],[139.936,-23.486],[140.154,-23.506],[140.356,-23.526],[140.342,-23.418],[140.413,-23.346],[140.573,-23.231],[140.662,-23.158],[140.719,-23.189],[140.76,-23.223],[140.829,-23.17],[140.822,-23.162],[140.947,-23.068],[140.925,-23.044],[140.979,-23],[141.046,-22.948],[141.021,-22.922],[140.986,-22.912],[141.122,-22.804],[141.114,-22.775],[141.123,-22.749],[141.117,-22.703],[141.103,-22.69],[141.091,-22.618],[141.134,-22.621],[141.146,-22.633],[141.199,-22.598],[141.08,-22.466],[141.246,-22.335],[141.253,-22.321],[141.228,-22.298],[141.183,-22.25],[141.199,-22.055],[141.294,-22.062],[141.291,-22.024],[141.284,-22.01],[141.285,-21.989],[141.305,-21.95],[141.481,-21.964],[141.508,-21.75],[141.583,-21.756],[141.58,-21.793],[141.739,-21.806],[141.741,-21.791],[142.049,-21.815],[142.066,-21.694],[142.072,-21.541],[142.161,-21.543],[142.232,-21.551],[142.228,-21.596],[142.335,-21.607],[142.332,-21.636],[142.491,-21.644],[142.495,-21.597],[142.657,-21.61],[142.651,-21.667],[142.718,-21.615],[142.694,-21.588],[142.815,-21.493],[142.862,-21.545],[142.942,-21.482],[142.953,-21.494],[143,-21.455],[143.188,-21.309],[143.237,-21.311],[143.36,-21.322],[143.332,-21.577],[143.33,-21.612],[143.358,-21.616],[143.448,-21.625],[143.45,-21.623],[143.649,-21.641],[143.631,-21.797],[143.782,-21.814],[143.782,-21.811],[143.929,-21.82],[143.934,-21.822],[144.045,-21.83],[144.039,-21.895],[144.057,-21.898],[144.092,-21.899],[144.111,-21.906],[144.186,-21.914],[144.18,-21.99],[144.263,-21.997],[144.27,-22.033],[144.268,-22.048],[144.417,-22.062],[144.413,-22.098],[144.403,-22.113],[144.398,-22.157],[144.502,-22.165],[144.501,-22.186],[144.637,-22.195],[144.717,-22.204],[144.737,-22.211],[144.742,-22.164],[144.746,-22.148],[144.752,-22.094],[144.796,-22.098],[144.801,-22.046],[144.943,-22.059],[144.956,-21.93],[145.082,-21.943],[145.084,-21.91],[145.075,-21.891],[145.153,-21.899],[145.166,-21.785],[145.244,-21.793],[145.262,-21.829],[145.418,-21.846],[145.435,-21.692],[145.529,-21.702],[145.533,-21.658],[145.678,-21.668],[145.673,-21.716],[145.662,-21.724],[145.646,-21.798],[145.641,-21.894],[145.63,-21.893],[145.627,-21.927],[145.668,-21.932],[145.661,-22.041],[145.77,-22.049],[145.77,-22.067],[145.881,-22.08],[145.88,-22.085],[146.031,-22.105],[146.039,-22.023],[146.067,-22.027],[146.072,-21.997],[146.201,-22.008],[146.211,-21.908],[146.118,-21.901],[146.127,-21.814],[146.069,-21.809],[146.084,-21.61],[146.093,-21.51],[146.132,-21.514],[146.151,-21.5],[146.347,-21.518],[146.341,-21.57],[146.396,-21.663],[146.447,-21.668],[146.484,-21.68],[146.488,-21.647],[146.493,-21.589],[146.492,-21.566],[146.657,-21.583],[146.652,-21.609],[146.756,-21.637],[146.834,-21.643],[146.835,-21.574],[146.845,-21.564],[146.852,-21.545],[146.87,-21.527],[146.866,-21.512],[146.883,-21.489],[146.905,-21.469],[146.91,-21.441],[146.882,-21.411],[146.874,-21.394],[146.883,-21.362],[146.905,-21.35],[146.918,-21.325],[146.929,-21.322],[146.963,-21.295],[146.966,-21.279],[146.961,-21.252],[146.95,-21.24],[146.886,-21.218],[146.867,-21.194],[146.868,-21.183],[146.882,-21.173],[146.863,-21.138],[146.862,-21.119],[146.849,-21.101],[146.861,-21.064],[146.86,-21.031],[146.882,-21.006],[146.876,-20.978],[146.864,-20.939],[146.853,-20.919],[146.866,-20.886],[146.856,-20.871],[146.863,-20.847],[146.852,-20.813],[146.862,-20.796],[146.876,-20.801],[146.888,-20.791],[146.91,-20.787],[146.92,-20.757],[146.944,-20.752],[146.96,-20.742],[146.966,-20.714],[146.961,-20.689],[146.965,-20.676],[146.983,-20.669],[146.986,-20.658],[146.973,-20.635],[146.976,-20.62],[147.012,-20.606],[147.036,-20.629],[147.065,-20.63],[147.073,-20.649],[147.086,-20.652],[147.106,-20.637],[147.124,-20.638],[147.149,-20.652],[147.163,-20.643],[147.179,-20.606],[147.21,-20.587],[147.215,-20.577],[147.241,-20.584],[147.267,-20.558],[147.28,-20.552],[147.285,-20.525],[147.299,-20.508],[147.301,-20.497],[147.291,-20.473],[147.298,-20.447],[147.309,-20.438],[147.339,-20.427],[147.348,-20.401],[147.343,-20.389],[147.321,-20.371],[147.301,-20.322],[147.3,-20.305],[147.308,-20.286],[147.311,-20.262],[147.308,-20.215],[147.295,-20.161],[147.275,-20.126],[147.275,-20.115],[147.294,-20.065],[147.285,-20.046],[147.262,-20.009],[147.254,-19.969],[147.244,-19.949],[147.23,-19.94],[147.219,-19.913],[147.227,-19.897],[147.237,-19.86],[147.23,-19.819],[147.217,-19.818],[147.215,-19.836],[147.158,-19.792],[147.05,-19.704],[147.021,-19.715],[147.029,-19.632],[147.018,-19.625],[147.02,-19.611],[147.003,-19.597],[147.021,-19.579],[147.031,-19.552],[147.031,-19.521],[147.025,-19.505],[147.011,-19.492],[147.013,-19.475],[147.036,-19.472],[147.043,-19.43],[147.023,-19.397],[146.977,-19.388],[146.95,-19.396],[146.951,-19.424],[146.943,-19.43],[146.915,-19.401],[146.917,-19.381],[146.909,-19.379],[146.875,-19.356],[146.843,-19.365],[146.825,-19.343],[146.806,-19.342],[146.804,-19.357],[146.75,-19.347],[146.742,-19.331],[146.729,-19.33],[146.737,-19.381],[146.73,-19.393],[146.733,-19.413],[146.703,-19.41],[146.702,-19.379],[146.715,-19.358],[146.702,-19.319],[146.654,-19.315],[146.619,-19.323],[146.596,-19.316],[146.588,-19.338],[146.59,-19.355],[146.582,-19.402],[146.564,-19.407],[146.554,-19.416],[146.529,-19.395],[146.499,-19.377],[146.47,-19.372],[146.459,-19.355],[146.462,-19.342],[146.444,-19.33],[146.46,-19.319],[146.426,-19.3],[146.41,-19.283],[146.422,-19.278],[146.413,-19.258],[146.4,-19.251],[146.404,-19.235],[146.421,-19.221],[146.42,-19.201],[146.469,-19.2],[146.499,-19.18],[146.514,-19.177],[146.516,-19.142],[146.534,-19.115],[146.534,-19.115],[146.533,-19.114],[146.533,-19.114],[146.532,-19.114],[146.528,-19.11],[146.528,-19.109],[146.514,-19.099],[146.5,-19.099],[146.481,-19.087],[146.478,-19.082],[146.457,-19.075],[146.436,-19.052],[146.405,-19.008],[146.396,-18.999],[146.379,-18.996],[146.364,-18.967],[146.335,-18.954],[146.331,-18.94],[146.316,-18.917],[146.289,-18.891],[146.276,-18.855],[146.277,-18.806],[146.288,-18.76],[146.288,-18.76],[146.302,-18.705],[146.329,-18.643],[146.338,-18.612],[146.345,-18.554],[146.345,-18.554],[146.342,-18.547],[146.342,-18.547],[146.336,-18.501],[146.397,-18.502],[146.485,-18.499],[146.851,-18.499],[147.001,-18.498],[147.001,-18.582],[147.281,-18.582],[147.599,-18.582]]]}},{"type":"Feature","properties":{"name":"Leichhardt"},"geometry":{"type":"Polygon","coordinates":[[[145.927,-16.865],[146.356,-16.855],[146.353,-16.849],[146.362,-16.815],[146.356,-16.803],[146.288,-16.784],[146.28,-16.777],[146.281,-16.733],[146.273,-16.725],[146.25,-16.682],[146.164,-16.606],[146.134,-16.527],[146.104,-16.492],[146.083,-16.424],[146.051,-16.39],[146.045,-16.389],[145.921,-16.337],[145.892,-16.248],[145.908,-16.226],[145.911,-16.205],[145.908,-16.188],[145.894,-16.178],[145.863,-16.114],[145.867,-16.04],[145.845,-16.009],[145.828,-15.955],[145.83,-15.942],[145.818,-15.881],[145.817,-15.858],[145.828,-15.831],[145.817,-15.782],[145.797,-15.754],[145.796,-15.739],[145.806,-15.729],[145.806,-15.708],[145.814,-15.662],[145.815,-15.637],[145.797,-15.612],[145.793,-15.596],[145.782,-15.576],[145.795,-15.545],[145.787,-15.523],[145.797,-15.505],[145.802,-15.471],[145.794,-15.445],[145.796,-15.42],[145.786,-15.401],[145.776,-15.333],[145.763,-15.312],[145.744,-15.256],[145.745,-15.219],[145.749,-15.204],[145.735,-15.187],[145.738,-15.167],[145.73,-15.155],[145.733,-15.142],[145.723,-15.115],[145.727,-15.095],[145.735,-15.081],[145.728,-15.045],[145.716,-15.034],[145.713,-15.014],[145.73,-14.985],[145.714,-14.954],[145.726,-14.922],[145.734,-14.913],[145.743,-14.884],[145.742,-14.854],[145.724,-14.769],[145.722,-14.747],[145.705,-14.701],[145.691,-14.691],[145.689,-14.678],[145.664,-14.648],[145.657,-14.627],[145.647,-14.625],[145.638,-14.609],[145.636,-14.584],[145.62,-14.569],[145.62,-14.558],[145.596,-14.527],[145.579,-14.517],[145.557,-14.493],[145.554,-14.484],[145.535,-14.463],[145.504,-14.453],[145.481,-14.428],[145.469,-14.426],[145.428,-14.427],[145.421,-14.423],[145.406,-14.378],[145.373,-14.362],[145.369,-14.356],[145.338,-14.34],[145.324,-14.342],[145.296,-14.339],[145.269,-14.321],[145.261,-14.306],[145.248,-14.297],[145.199,-14.286],[145.164,-14.272],[145.141,-14.27],[145.115,-14.253],[145.083,-14.243],[145.062,-14.226],[145.05,-14.228],[145.024,-14.221],[144.965,-14.216],[144.952,-14.196],[144.938,-14.188],[144.921,-14.193],[144.914,-14.186],[144.888,-14.186],[144.868,-14.171],[144.844,-14.135],[144.815,-14.119],[144.795,-14.086],[144.781,-14.048],[144.792,-14.017],[144.782,-14.002],[144.743,-13.995],[144.736,-13.987],[144.698,-13.982],[144.697,-13.971],[144.678,-13.954],[144.676,-13.944],[144.655,-13.917],[144.609,-13.913],[144.591,-13.927],[144.569,-13.959],[144.537,-13.971],[144.47,-13.971],[144.421,-13.944],[144.413,-13.935],[144.377,-13.929],[144.368,-13.891],[144.348,-13.857],[144.321,-13.832],[144.315,-13.809],[144.299,-13.795],[144.279,-13.792],[144.263,-13.758],[144.262,-13.741],[144.213,-13.709],[144.184,-13.679],[144.171,-13.67],[144.162,-13.644],[144.118,-13.617],[144.106,-13.602],[144.111,-13.569],[144.119,-13.55],[144.093,-13.534],[144.095,-13.509],[144.06,-13.493],[144.068,-13.455],[144.009,-13.47],[143.979,-13.441],[143.988,-13.416],[143.979,-13.391],[143.968,-13.375],[143.967,-13.359],[143.979,-13.332],[143.991,-13.322],[143.981,-13.301],[143.964,-13.284],[143.953,-13.281],[143.949,-13.261],[143.973,-13.243],[143.979,-13.228],[143.965,-13.205],[143.966,-13.194],[143.957,-13.177],[143.948,-13.147],[143.97,-13.119],[143.979,-13.101],[143.964,-13.086],[143.964,-13.051],[143.953,-13.05],[143.895,-13.065],[143.877,-13.044],[143.867,-13.026],[143.861,-12.998],[143.839,-12.97],[143.827,-12.933],[143.829,-12.922],[143.821,-12.892],[143.826,-12.851],[143.84,-12.848],[143.853,-12.829],[143.846,-12.808],[143.808,-12.775],[143.819,-12.726],[143.81,-12.698],[143.822,-12.69],[143.848,-12.685],[143.857,-12.67],[143.844,-12.657],[143.839,-12.616],[143.82,-12.601],[143.812,-12.585],[143.788,-12.559],[143.785,-12.51],[143.777,-12.489],[143.767,-12.481],[143.748,-12.453],[143.739,-12.433],[143.737,-12.417],[143.755,-12.409],[143.768,-12.393],[143.768,-12.376],[143.797,-12.351],[143.819,-12.342],[143.83,-12.331],[143.863,-12.34],[143.862,-12.32],[143.875,-12.313],[143.869,-12.297],[143.888,-12.289],[143.918,-12.259],[143.91,-12.237],[143.925,-12.205],[143.957,-12.104],[143.963,-12.098],[143.956,-12.081],[143.968,-12.065],[143.962,-12.049],[143.969,-12.036],[143.985,-11.977],[144,-11.962],[143.994,-11.953],[144.021,-11.849],[144.027,-11.846],[144.066,-11.843],[144.079,-11.829],[144.069,-11.817],[144.07,-11.804],[144.051,-11.78],[144.049,-11.761],[144.055,-11.752],[144.076,-11.752],[144.095,-11.759],[144.101,-11.752],[144.088,-11.722],[144.067,-11.712],[144.044,-11.712],[144.021,-11.7],[144.02,-11.681],[144.013,-11.669],[144.041,-11.599],[144.049,-11.525],[144.066,-11.517],[144.068,-11.495],[144.057,-11.453],[144.034,-11.441],[144.01,-11.423],[144.001,-11.41],[143.958,-11.377],[143.959,-11.349],[143.95,-11.337],[143.968,-11.296],[143.993,-11.286],[144.003,-11.271],[144.013,-11.272],[144.047,-11.294],[144.069,-11.262],[144.073,-11.239],[144.072,-11.212],[144.06,-11.18],[144.067,-11.157],[144.08,-11.141],[144.056,-11.118],[144.062,-11.097],[144.051,-11.074],[144.046,-11.045],[144.034,-11.023],[144.014,-11.013],[144.02,-11],[144.039,-11.001],[144.039,-10.983],[144.03,-10.944],[144.03,-10.919],[144.025,-10.896],[144.004,-10.827],[143.993,-10.782],[143.934,-10.702],[143.928,-10.677],[143.936,-10.67],[143.935,-10.647],[143.94,-10.632],[143.927,-10.595],[143.924,-10.573],[143.928,-10.553],[143.924,-10.523],[143.928,-10.463],[143.938,-10.45],[143.938,-10.42],[143.945,-10.41],[143.95,-10.365],[143.958,-10.353],[143.955,-10.325],[143.957,-10.292],[143.965,-10.251],[143.978,-10.224],[143.978,-10.19],[143.993,-10.155],[143.988,-10.149],[143.994,-10.114],[144.033,-10.075],[144.066,-10.034],[144.076,-10.006],[144.094,-9.985],[144.106,-9.977],[144.126,-9.947],[144.132,-9.908],[144.145,-9.882],[144.158,-9.867],[144.175,-9.866],[144.194,-9.871],[144.212,-9.85],[144.203,-9.809],[144.206,-9.795],[144.218,-9.785],[144.247,-9.749],[144.257,-9.388],[143.874,-9.116],[142.707,-9.322],[142.638,-9.34],[142.601,-9.34],[142.564,-9.349],[142.518,-9.335],[142.306,-9.233],[142.266,-9.206],[142.241,-9.176],[142.137,-9.179],[142.089,-9.204],[142.054,-9.233],[141.955,-9.231],[141.004,-9.698],[141.003,-10.375],[141.001,-10.962],[140.999,-11.303],[140.996,-11.958],[140.998,-13.339],[141.001,-14.765],[141,-16],[141.404,-16],[141.393,-15.951],[141.373,-15.917],[141.398,-15.91],[141.396,-15.902],[141.396,-15.902],[141.409,-15.871],[141.416,-15.838],[141.517,-15.842],[141.533,-15.881],[141.616,-15.868],[141.747,-15.896],[141.855,-15.889],[141.905,-15.903],[141.926,-15.867],[142.095,-16.005],[142.235,-16.005],[142.368,-15.901],[142.38,-15.963],[142.468,-15.962],[142.624,-16.013],[142.634,-16.022],[142.647,-16.052],[142.667,-16.068],[142.71,-16.072],[142.736,-16.105],[142.757,-16.119],[142.773,-16.136],[142.81,-16.132],[142.821,-16.138],[142.828,-16.156],[142.844,-16.175],[142.955,-16.215],[142.97,-16.222],[143.008,-16.27],[143.014,-16.304],[143.03,-16.307],[143.054,-16.321],[143.065,-16.36],[143.112,-16.385],[143.131,-16.389],[143.161,-16.415],[143.185,-16.43],[143.215,-16.427],[143.232,-16.433],[143.248,-16.447],[143.27,-16.431],[143.283,-16.449],[143.308,-16.462],[143.328,-16.464],[143.357,-16.489],[143.38,-16.48],[143.397,-16.485],[143.409,-16.506],[143.431,-16.522],[143.436,-16.496],[143.454,-16.497],[143.482,-16.518],[143.502,-16.509],[143.527,-16.53],[143.55,-16.533],[143.583,-16.529],[143.605,-16.51],[143.667,-16.524],[143.68,-16.535],[143.696,-16.532],[143.697,-16.509],[143.712,-16.503],[143.718,-16.481],[143.73,-16.473],[143.758,-16.477],[143.765,-16.45],[143.797,-16.432],[143.814,-16.4],[143.848,-16.374],[143.863,-16.383],[143.891,-16.38],[143.936,-16.361],[143.97,-16.365],[143.979,-16.377],[144.035,-16.395],[144.054,-16.434],[144.055,-16.46],[144.083,-16.471],[144.092,-16.487],[144.127,-16.495],[144.139,-16.489],[144.162,-16.498],[144.196,-16.481],[144.212,-16.459],[144.238,-16.461],[144.25,-16.48],[144.288,-16.473],[144.301,-16.466],[144.333,-16.474],[144.34,-16.49],[144.371,-16.493],[144.386,-16.514],[144.426,-16.504],[144.445,-16.517],[144.453,-16.535],[144.478,-16.541],[144.484,-16.557],[144.486,-16.579],[144.496,-16.596],[144.528,-16.603],[144.541,-16.612],[144.563,-16.613],[144.573,-16.624],[144.589,-16.609],[144.598,-16.612],[144.614,-16.645],[144.616,-16.666],[144.631,-16.68],[144.641,-16.661],[144.641,-16.637],[144.649,-16.626],[144.665,-16.62],[144.663,-16.593],[144.668,-16.579],[144.705,-16.572],[144.731,-16.578],[144.771,-16.562],[144.774,-16.582],[144.79,-16.584],[144.809,-16.576],[144.824,-16.579],[144.847,-16.597],[144.856,-16.591],[144.86,-16.574],[144.88,-16.575],[144.9,-16.544],[144.92,-16.543],[144.923,-16.535],[144.917,-16.513],[144.925,-16.502],[144.939,-16.513],[144.963,-16.506],[144.999,-16.504],[145.013,-16.486],[145.028,-16.447],[145.046,-16.416],[145.061,-16.401],[145.081,-16.413],[145.084,-16.433],[145.096,-16.437],[145.119,-16.461],[145.152,-16.465],[145.162,-16.454],[145.179,-16.451],[145.181,-16.429],[145.209,-16.417],[145.24,-16.446],[145.244,-16.457],[145.266,-16.472],[145.272,-16.51],[145.298,-16.538],[145.307,-16.531],[145.355,-16.556],[145.385,-16.51],[145.404,-16.512],[145.433,-16.552],[145.449,-16.599],[145.447,-16.644],[145.459,-16.649],[145.502,-16.641],[145.523,-16.623],[145.524,-16.646],[145.514,-16.665],[145.515,-16.69],[145.539,-16.707],[145.512,-16.725],[145.505,-16.741],[145.515,-16.759],[145.539,-16.778],[145.549,-16.794],[145.542,-16.81],[145.513,-16.821],[145.521,-16.839],[145.535,-16.844],[145.531,-16.858],[145.55,-16.882],[145.547,-16.892],[145.557,-16.909],[145.579,-16.924],[145.601,-16.916],[145.6,-16.938],[145.617,-16.937],[145.65,-16.957],[145.651,-16.977],[145.64,-16.986],[145.63,-17.005],[145.635,-17.018],[145.66,-17.029],[145.668,-17.038],[145.689,-17.045],[145.689,-17.032],[145.704,-17.02],[145.707,-16.998],[145.727,-16.995],[145.734,-17.004],[145.771,-16.986],[145.776,-16.975],[145.768,-16.961],[145.782,-16.941],[145.782,-16.94],[145.784,-16.923],[145.787,-16.923],[145.788,-16.922],[145.788,-16.922],[145.793,-16.918],[145.792,-16.918],[145.799,-16.91],[145.8,-16.91],[145.806,-16.908],[145.807,-16.908],[145.808,-16.908],[145.81,-16.908],[145.811,-16.907],[145.812,-16.906],[145.825,-16.891],[145.825,-16.891],[145.825,-16.891],[145.825,-16.891],[145.839,-16.878],[145.854,-16.88],[145.872,-16.907],[145.885,-16.907],[145.885,-16.906],[145.885,-16.906],[145.887,-16.905],[145.887,-16.904],[145.888,-16.904],[145.888,-16.904],[145.889,-16.903],[145.889,-16.901],[145.89,-16.9],[145.89,-16.9],[145.891,-16.899],[145.891,-16.899],[145.894,-16.899],[145.897,-16.897],[145.898,-16.895],[145.901,-16.896],[145.902,-16.896],[145.906,-16.897],[145.907,-16.896],[145.907,-16.895],[145.909,-16.888],[145.909,-16.888],[145.916,-16.877],[145.916,-16.877],[145.916,-16.876],[145.916,-16.876],[145.917,-16.876],[145.919,-16.873],[145.919,-16.873],[145.919,-16.864],[145.923,-16.865],[145.927,-16.865]]]}},{"type":"Feature","properties":{"name":"Lilley"},"geometry":{"type":"Polygon","coordinates":[[[153.153,-27.398],[153.159,-27.379],[153.156,-27.364],[153.139,-27.361],[153.109,-27.349],[153.083,-27.334],[153.065,-27.303],[153.07,-27.277],[153.05,-27.278],[153.042,-27.303],[153.051,-27.33],[153.039,-27.339],[153.026,-27.365],[152.999,-27.357],[152.998,-27.365],[152.998,-27.365],[152.975,-27.392],[152.977,-27.401],[152.992,-27.413],[153.034,-27.413],[153.051,-27.404],[153.075,-27.407],[153.083,-27.433],[153.1,-27.443],[153.1,-27.443],[153.1,-27.445],[153.144,-27.415],[153.153,-27.398]]]}},{"type":"Feature","properties":{"name":"Longman"},"geometry":{"type":"Polygon","coordinates":[[[153.035,-27.164],[153.048,-27.145],[153.064,-27.114],[153.108,-27.088],[153.133,-27.086],[153.167,-27.1],[153.198,-27.096],[153.206,-27.085],[153.2,-27.057],[153.18,-27.028],[153.157,-26.973],[153.139,-26.908],[153.13,-26.872],[153.129,-26.846],[153.133,-26.812],[153.12,-26.844],[153.122,-26.859],[153.109,-26.891],[153.077,-26.906],[153.073,-26.923],[153.079,-26.936],[153.07,-26.955],[153.074,-26.971],[153.066,-26.984],[153.043,-26.969],[153.018,-26.966],[153.018,-26.978],[153.003,-26.985],[152.967,-26.979],[152.953,-26.968],[152.904,-26.954],[152.891,-26.961],[152.858,-26.956],[152.861,-26.936],[152.872,-26.931],[152.875,-26.914],[152.859,-26.911],[152.857,-26.871],[152.848,-26.858],[152.832,-26.856],[152.813,-26.829],[152.792,-26.827],[152.779,-26.797],[152.753,-26.797],[152.75,-26.816],[152.679,-26.8],[152.678,-26.83],[152.667,-26.836],[152.67,-26.855],[152.687,-26.878],[152.688,-26.897],[152.667,-26.896],[152.667,-26.906],[152.682,-26.915],[152.67,-26.928],[152.663,-26.948],[152.687,-26.981],[152.683,-26.992],[152.703,-27.031],[152.682,-27.057],[152.686,-27.083],[152.734,-27.107],[152.765,-27.111],[152.78,-27.104],[152.784,-27.086],[152.807,-27.108],[152.829,-27.116],[152.829,-27.131],[152.851,-27.14],[152.845,-27.183],[152.862,-27.189],[152.887,-27.189],[152.946,-27.198],[152.963,-27.205],[152.977,-27.233],[153.009,-27.243],[153.018,-27.249],[153.007,-27.239],[152.992,-27.211],[152.978,-27.152],[152.995,-27.15],[153.032,-27.153],[153.035,-27.164]]]}},{"type":"Feature","properties":{"name":"Maranoa"},"geometry":{"type":"Polygon","coordinates":[[[152.488,-28.254],[152.488,-28.253],[152.488,-28.253],[152.487,-28.248],[152.492,-28.243],[152.482,-28.23],[152.459,-28.227],[152.473,-28.204],[152.456,-28.196],[152.442,-28.176],[152.426,-28.129],[152.411,-28.113],[152.409,-28.096],[152.418,-28.088],[152.416,-28.07],[152.39,-28.059],[152.395,-28.049],[152.39,-28.031],[152.375,-28.012],[152.378,-27.991],[152.388,-27.972],[152.382,-27.966],[152.343,-27.961],[152.328,-27.967],[152.299,-27.956],[152.277,-27.97],[152.254,-27.956],[152.215,-27.945],[152.203,-27.927],[152.188,-27.924],[152.176,-27.904],[152.171,-27.887],[152.148,-27.863],[152.133,-27.858],[152.074,-27.85],[152.072,-27.86],[152.047,-27.857],[152.014,-27.835],[151.999,-27.84],[151.984,-27.836],[151.965,-27.845],[151.942,-27.849],[151.909,-27.845],[151.895,-27.849],[151.866,-27.832],[151.832,-27.843],[151.827,-27.832],[151.76,-27.823],[151.728,-27.827],[151.712,-27.843],[151.694,-27.85],[151.683,-27.845],[151.66,-27.859],[151.652,-27.887],[151.624,-27.907],[151.573,-27.903],[151.58,-27.859],[151.524,-27.836],[151.473,-27.796],[151.457,-27.801],[151.433,-27.792],[151.417,-27.779],[151.417,-27.766],[151.405,-27.743],[151.385,-27.736],[151.38,-27.72],[151.361,-27.709],[151.363,-27.694],[151.35,-27.67],[151.333,-27.67],[151.323,-27.642],[151.327,-27.629],[151.31,-27.603],[151.297,-27.601],[151.287,-27.578],[151.275,-27.566],[151.26,-27.541],[151.266,-27.53],[151.23,-27.509],[151.222,-27.486],[151.205,-27.494],[151.202,-27.511],[151.082,-27.493],[151.077,-27.451],[151.088,-27.376],[151.113,-27.377],[151.166,-27.384],[151.197,-27.384],[151.193,-27.399],[151.309,-27.414],[151.312,-27.336],[151.318,-27.331],[151.338,-27.208],[151.451,-27.279],[151.454,-27.242],[151.46,-27.203],[151.45,-27.201],[151.458,-27.146],[151.47,-27.136],[151.465,-27.111],[151.483,-27.113],[151.497,-27.122],[151.525,-27.126],[151.546,-27.115],[151.569,-27.125],[151.576,-27.1],[151.581,-27.056],[151.597,-27.058],[151.601,-27.031],[151.623,-27.03],[151.628,-27.003],[151.664,-26.99],[151.694,-26.969],[151.717,-26.969],[151.754,-26.974],[151.773,-26.99],[151.768,-27.018],[151.78,-27.026],[151.762,-27.051],[151.762,-27.074],[151.774,-27.082],[151.792,-27.108],[151.793,-27.133],[151.813,-27.155],[151.853,-27.168],[151.862,-27.191],[151.873,-27.195],[151.882,-27.224],[151.906,-27.246],[151.922,-27.255],[151.958,-27.241],[151.952,-27.271],[151.933,-27.276],[151.915,-27.316],[151.945,-27.321],[151.946,-27.351],[151.962,-27.367],[151.989,-27.355],[151.993,-27.334],[152.002,-27.319],[152.022,-27.312],[152.036,-27.298],[152.062,-27.328],[152.071,-27.345],[152.069,-27.358],[152.08,-27.381],[152.071,-27.403],[152.094,-27.401],[152.1,-27.412],[152.137,-27.424],[152.148,-27.437],[152.177,-27.421],[152.18,-27.408],[152.196,-27.406],[152.192,-27.387],[152.191,-27.366],[152.201,-27.322],[152.192,-27.311],[152.206,-27.292],[152.194,-27.275],[152.183,-27.274],[152.17,-27.287],[152.152,-27.269],[152.158,-27.259],[152.182,-27.252],[152.191,-27.242],[152.218,-27.233],[152.233,-27.222],[152.236,-27.204],[152.215,-27.209],[152.159,-27.206],[152.162,-27.189],[152.185,-27.176],[152.188,-27.169],[152.134,-27.142],[152.142,-27.127],[152.174,-27.098],[152.191,-27.072],[152.214,-27.075],[152.227,-27.061],[152.195,-27.057],[152.199,-27.028],[152.221,-27.022],[152.198,-27.008],[152.183,-26.977],[152.169,-26.978],[152.125,-26.954],[152.143,-26.925],[152.15,-26.905],[152.139,-26.895],[152.147,-26.879],[152.171,-26.867],[152.184,-26.871],[152.181,-26.847],[152.19,-26.824],[152.174,-26.821],[152.171,-26.796],[152.177,-26.78],[152.156,-26.769],[152.151,-26.741],[152.134,-26.731],[152.112,-26.706],[152.089,-26.7],[152.076,-26.686],[152.073,-26.668],[152.081,-26.658],[152.099,-26.654],[152.127,-26.638],[152.136,-26.614],[152.136,-26.566],[152.126,-26.532],[152.126,-26.507],[152.15,-26.483],[152.168,-26.475],[152.174,-26.438],[152.167,-26.417],[152.149,-26.401],[152.121,-26.393],[152.12,-26.379],[152.096,-26.374],[152.073,-26.359],[152.066,-26.382],[152.012,-26.375],[152.037,-26.4],[152.018,-26.419],[151.996,-26.433],[151.973,-26.431],[151.963,-26.423],[151.923,-26.418],[151.892,-26.391],[151.871,-26.391],[151.855,-26.401],[151.829,-26.4],[151.83,-26.381],[151.786,-26.375],[151.768,-26.38],[151.719,-26.374],[151.717,-26.389],[151.678,-26.403],[151.671,-26.394],[151.538,-26.377],[151.53,-26.382],[151.508,-26.376],[151.484,-26.383],[151.484,-26.393],[151.427,-26.434],[151.39,-26.383],[151.365,-26.401],[151.333,-26.405],[151.307,-26.404],[151.285,-26.393],[151.201,-26.449],[151.208,-26.479],[151.077,-26.463],[151.115,-26.38],[151.136,-26.263],[151.066,-26.255],[151.017,-26.256],[151.013,-26.192],[151.023,-26.195],[151.073,-26.173],[151.076,-26.162],[151.1,-26.16],[151.099,-26.15],[151.116,-26.141],[151.139,-26.159],[151.162,-26.15],[151.16,-26.121],[151.15,-26.105],[151.134,-26.105],[151.126,-26.115],[151.098,-26.111],[151.074,-26.095],[151.067,-26.085],[151.04,-26.088],[151.016,-26.077],[151.003,-26.043],[150.984,-26.008],[150.962,-26.014],[150.933,-26.013],[150.92,-26.005],[150.904,-26.019],[150.85,-26.056],[150.79,-26.049],[150.781,-26.028],[150.774,-25.998],[150.763,-25.981],[150.725,-25.981],[150.714,-25.985],[150.702,-25.974],[150.673,-25.97],[150.669,-25.943],[150.68,-25.929],[150.685,-25.902],[150.681,-25.883],[150.694,-25.872],[150.697,-25.851],[150.671,-25.821],[150.659,-25.815],[150.658,-25.801],[150.644,-25.785],[150.66,-25.773],[150.665,-25.733],[150.65,-25.727],[150.647,-25.706],[150.664,-25.685],[150.654,-25.66],[150.591,-25.653],[150.57,-25.638],[150.525,-25.645],[150.495,-25.628],[150.484,-25.606],[150.446,-25.599],[150.437,-25.606],[150.443,-25.622],[150.436,-25.661],[150.418,-25.675],[150.434,-25.734],[150.43,-25.737],[150.426,-25.774],[150.418,-25.789],[150.404,-25.79],[150.387,-25.806],[150.389,-25.815],[150.361,-25.818],[150.341,-25.815],[150.337,-25.79],[150.282,-25.779],[150.279,-25.796],[150.258,-25.788],[150.237,-25.789],[150.174,-25.78],[150.181,-25.806],[150.159,-25.819],[150.142,-25.823],[150.115,-25.811],[150.097,-25.795],[150.085,-25.812],[150.056,-25.813],[150.052,-25.838],[150.031,-25.836],[150.022,-25.865],[149.99,-25.847],[149.961,-25.851],[149.95,-25.84],[149.932,-25.839],[149.906,-25.817],[149.882,-25.829],[149.851,-25.837],[149.824,-25.828],[149.823,-25.849],[149.798,-25.849],[149.787,-25.858],[149.766,-25.859],[149.783,-25.891],[149.767,-25.905],[149.736,-25.85],[149.682,-25.872],[149.649,-25.894],[149.584,-25.886],[149.575,-25.944],[149.477,-25.934],[149.484,-25.892],[149.402,-25.883],[149.365,-25.898],[149.342,-25.921],[149.328,-25.925],[149.303,-25.966],[149.138,-25.946],[149.125,-25.951],[149.086,-25.941],[149.08,-25.925],[149.094,-25.895],[149.111,-25.876],[149.105,-25.866],[149.068,-25.842],[149.044,-25.822],[149.025,-25.799],[149.032,-25.776],[149.012,-25.777],[148.961,-25.79],[148.945,-25.771],[148.911,-25.768],[148.901,-25.76],[148.924,-25.74],[148.922,-25.725],[148.942,-25.686],[148.958,-25.693],[148.974,-25.713],[148.996,-25.698],[149.009,-25.695],[149.016,-25.682],[149.053,-25.666],[149.06,-25.653],[149.038,-25.632],[149.02,-25.604],[148.995,-25.601],[148.984,-25.589],[149.024,-25.56],[148.938,-25.459],[148.9,-25.472],[148.833,-25.46],[148.776,-25.435],[148.762,-25.417],[148.744,-25.413],[148.726,-25.401],[148.719,-25.387],[148.727,-25.343],[148.747,-25.319],[148.759,-25.311],[148.745,-25.28],[148.727,-25.288],[148.708,-25.278],[148.7,-25.285],[148.682,-25.283],[148.68,-25.295],[148.667,-25.311],[148.643,-25.284],[148.6,-25.273],[148.593,-25.263],[148.567,-25.25],[148.554,-25.254],[148.538,-25.246],[148.476,-25.245],[148.453,-25.254],[148.421,-25.251],[148.41,-25.259],[148.4,-25.246],[148.376,-25.235],[148.352,-25.229],[148.348,-25.22],[148.306,-25.204],[148.293,-25.182],[148.295,-25.166],[148.276,-25.153],[148.236,-25.114],[148.235,-25.101],[148.213,-25.086],[148.181,-25.08],[148.161,-25.084],[148.15,-25.061],[148.134,-25.043],[148.122,-25.042],[148.116,-25.023],[148.099,-25.018],[148.085,-25.002],[148.076,-24.976],[148.075,-24.943],[148.066,-24.936],[148.058,-24.916],[148.03,-24.911],[148.014,-24.899],[147.995,-24.899],[147.973,-24.882],[147.953,-24.881],[147.939,-24.859],[147.916,-24.843],[147.915,-24.823],[147.889,-24.799],[147.853,-24.781],[147.848,-24.766],[147.828,-24.75],[147.821,-24.736],[147.784,-24.734],[147.762,-24.729],[147.733,-24.732],[147.712,-24.752],[147.682,-24.772],[147.644,-24.775],[147.642,-24.798],[147.611,-24.807],[147.577,-24.834],[147.558,-24.819],[147.544,-24.819],[147.521,-24.829],[147.506,-24.825],[147.505,-24.841],[147.496,-24.849],[147.486,-24.876],[147.42,-24.881],[147.381,-24.871],[147.369,-24.877],[147.322,-24.871],[147.291,-24.895],[147.137,-24.883],[147.139,-24.849],[147.089,-24.846],[147.092,-24.814],[146.903,-24.805],[146.882,-24.762],[146.909,-24.744],[146.921,-24.717],[146.942,-24.704],[146.935,-24.678],[146.899,-24.646],[146.883,-24.601],[146.857,-24.594],[146.834,-24.624],[146.8,-24.621],[146.78,-24.636],[146.774,-24.663],[146.758,-24.663],[146.741,-24.65],[146.738,-24.628],[146.721,-24.626],[146.682,-24.606],[146.667,-24.591],[146.681,-24.579],[146.667,-24.562],[146.664,-24.548],[146.646,-24.523],[146.64,-24.5],[146.626,-24.494],[146.62,-24.467],[146.596,-24.453],[146.589,-24.432],[146.596,-24.417],[146.618,-24.412],[146.642,-24.399],[146.663,-24.401],[146.691,-24.375],[146.713,-24.378],[146.73,-24.419],[146.76,-24.404],[146.791,-24.41],[146.805,-24.405],[146.814,-24.377],[146.848,-24.369],[146.864,-24.369],[146.875,-24.348],[146.874,-24.338],[146.9,-24.329],[146.923,-24.295],[146.928,-24.254],[146.944,-24.229],[146.94,-24.219],[146.953,-24.207],[146.95,-24.188],[146.957,-24.17],[146.974,-24.16],[146.99,-24.161],[147.029,-24.141],[147.037,-24.126],[147.05,-24.119],[147.074,-24.118],[147.11,-24.093],[147.122,-24.094],[147.142,-24.086],[147.156,-24.093],[147.183,-24.086],[147.174,-24.06],[147.187,-24.036],[147.179,-24.019],[147.184,-24.007],[147.173,-23.978],[147.164,-23.976],[147.169,-23.955],[147.181,-23.942],[147.203,-23.94],[147.215,-23.924],[147.241,-23.903],[147.234,-23.881],[147.239,-23.862],[147.228,-23.832],[147.237,-23.81],[147.23,-23.787],[147.2,-23.773],[147.195,-23.746],[147.201,-23.727],[147.196,-23.684],[147.21,-23.676],[147.201,-23.655],[147.211,-23.637],[147.203,-23.631],[147.2,-23.606],[147.218,-23.596],[147.212,-23.576],[147.221,-23.55],[147.234,-23.552],[147.275,-23.535],[147.284,-23.525],[147.282,-23.501],[147.273,-23.469],[147.26,-23.469],[147.251,-23.447],[147.26,-23.438],[147.265,-23.413],[147.265,-23.384],[147.287,-23.351],[147.162,-23.34],[147.158,-23.326],[147.075,-23.307],[147.079,-23.28],[146.976,-23.264],[146.94,-23.26],[146.933,-23.316],[146.855,-23.305],[146.863,-23.281],[146.875,-23.275],[146.884,-23.225],[146.871,-23.21],[146.874,-23.199],[146.863,-23.174],[146.847,-23.164],[146.815,-23.155],[146.79,-23.13],[146.785,-23.104],[146.778,-23.092],[146.786,-23.076],[146.782,-23.055],[146.786,-23.034],[146.755,-22.99],[146.735,-22.976],[146.695,-22.957],[146.664,-22.924],[146.669,-22.918],[146.642,-22.883],[146.624,-22.887],[146.61,-22.881],[146.577,-22.89],[146.561,-22.881],[146.553,-22.869],[146.546,-22.839],[146.526,-22.812],[146.524,-22.8],[146.54,-22.789],[146.549,-22.769],[146.401,-22.756],[146.424,-22.547],[146.439,-22.549],[146.452,-22.499],[146.429,-22.488],[146.414,-22.503],[146.388,-22.519],[146.372,-22.519],[146.347,-22.5],[146.311,-22.493],[146.269,-22.507],[146.283,-22.463],[146.113,-22.447],[146.109,-22.446],[146.122,-22.347],[146.052,-22.339],[146.071,-22.227],[146.065,-22.186],[146.074,-22.123],[146.066,-22.116],[146.031,-22.105],[145.88,-22.085],[145.881,-22.08],[145.77,-22.067],[145.77,-22.049],[145.661,-22.041],[145.668,-21.932],[145.627,-21.927],[145.63,-21.893],[145.641,-21.894],[145.646,-21.798],[145.662,-21.724],[145.673,-21.716],[145.678,-21.668],[145.533,-21.658],[145.529,-21.702],[145.435,-21.692],[145.418,-21.846],[145.262,-21.829],[145.244,-21.793],[145.166,-21.785],[145.153,-21.899],[145.075,-21.891],[145.084,-21.91],[145.082,-21.943],[144.956,-21.93],[144.943,-22.059],[144.801,-22.046],[144.796,-22.098],[144.752,-22.094],[144.746,-22.148],[144.742,-22.164],[144.737,-22.211],[144.717,-22.204],[144.637,-22.195],[144.501,-22.186],[144.502,-22.165],[144.398,-22.157],[144.403,-22.113],[144.413,-22.098],[144.417,-22.062],[144.268,-22.048],[144.27,-22.033],[144.263,-21.997],[144.18,-21.99],[144.186,-21.914],[144.111,-21.906],[144.092,-21.899],[144.057,-21.898],[144.039,-21.895],[144.045,-21.83],[143.934,-21.822],[143.929,-21.82],[143.782,-21.811],[143.782,-21.814],[143.631,-21.797],[143.649,-21.641],[143.45,-21.623],[143.448,-21.625],[143.358,-21.616],[143.33,-21.612],[143.332,-21.577],[143.36,-21.322],[143.237,-21.311],[143.188,-21.309],[143,-21.455],[142.953,-21.494],[142.942,-21.482],[142.862,-21.545],[142.815,-21.493],[142.694,-21.588],[142.718,-21.615],[142.651,-21.667],[142.657,-21.61],[142.495,-21.597],[142.491,-21.644],[142.332,-21.636],[142.335,-21.607],[142.228,-21.596],[142.232,-21.551],[142.161,-21.543],[142.072,-21.541],[142.066,-21.694],[142.049,-21.815],[141.741,-21.791],[141.739,-21.806],[141.58,-21.793],[141.583,-21.756],[141.508,-21.75],[141.481,-21.964],[141.305,-21.95],[141.285,-21.989],[141.284,-22.01],[141.291,-22.024],[141.294,-22.062],[141.199,-22.055],[141.183,-22.25],[141.228,-22.298],[141.253,-22.321],[141.246,-22.335],[141.08,-22.466],[141.199,-22.598],[141.146,-22.633],[141.134,-22.621],[141.091,-22.618],[141.103,-22.69],[141.117,-22.703],[141.123,-22.749],[141.114,-22.775],[141.122,-22.804],[140.986,-22.912],[141.021,-22.922],[141.046,-22.948],[140.979,-23],[140.925,-23.044],[140.947,-23.068],[140.822,-23.162],[140.829,-23.17],[140.76,-23.223],[140.719,-23.189],[140.662,-23.158],[140.573,-23.231],[140.413,-23.346],[140.342,-23.418],[140.356,-23.526],[140.154,-23.506],[139.936,-23.486],[139.929,-23.549],[139.939,-23.55],[139.936,-23.577],[139.889,-23.614],[139.863,-23.629],[139.875,-23.655],[139.878,-23.672],[139.889,-23.677],[139.893,-23.694],[139.636,-23.679],[139.464,-23.671],[139.476,-23.521],[139.295,-23.51],[139.339,-23.474],[139.175,-23.31],[139.123,-23.352],[139.076,-23.307],[138.899,-23.448],[138.921,-23.476],[138.871,-23.512],[138.736,-23.611],[138.642,-23.512],[138.592,-23.463],[138.464,-23.555],[137.998,-23.521],[137.998,-23.583],[137.998,-23.833],[137.999,-23.917],[137.999,-24.166],[137.999,-24.25],[137.999,-24.833],[137.999,-24.916],[137.999,-24.999],[137.999,-25.583],[137.999,-25.997],[138.166,-25.997],[138.489,-25.997],[138.698,-25.997],[138.948,-25.997],[139.237,-25.997],[139.575,-25.997],[139.873,-25.997],[140.355,-25.997],[140.605,-25.996],[140.772,-25.996],[140.999,-25.996],[140.999,-26.318],[140.999,-26.498],[140.999,-26.734],[140.998,-26.762],[140.998,-26.909],[140.997,-27.285],[140.997,-27.669],[140.996,-28.069],[140.999,-28.539],[140.999,-28.823],[140.999,-28.999],[141.016,-28.999],[141.203,-28.999],[141.231,-28.999],[141.373,-28.999],[141.537,-28.999],[141.859,-28.999],[141.92,-28.999],[142.034,-28.998],[142.134,-28.999],[142.364,-28.998],[142.484,-28.998],[142.527,-28.998],[142.603,-28.999],[142.603,-28.999],[142.692,-28.998],[143.023,-28.999],[143.188,-28.999],[143.253,-28.999],[143.452,-28.999],[143.998,-28.999],[144.261,-28.999],[144.415,-28.999],[144.694,-28.999],[144.874,-28.999],[145.17,-28.999],[145.414,-28.999],[145.667,-28.999],[146.068,-28.999],[146.375,-28.999],[146.583,-28.999],[146.945,-28.999],[147.233,-28.999],[147.6,-28.999],[147.945,-28.999],[148.141,-28.999],[148.361,-28.999],[148.716,-28.999],[148.958,-28.999],[148.959,-28.998],[148.962,-28.997],[148.963,-28.997],[148.963,-28.996],[148.963,-28.996],[148.963,-28.996],[148.964,-28.996],[148.964,-28.995],[148.964,-28.994],[148.964,-28.994],[148.965,-28.994],[148.965,-28.994],[148.965,-28.994],[148.965,-28.994],[148.965,-28.994],[148.965,-28.994],[148.966,-28.994],[148.966,-28.993],[148.964,-28.991],[148.964,-28.991],[148.964,-28.991],[148.965,-28.991],[148.965,-28.991],[148.967,-28.991],[148.967,-28.991],[148.967,-28.991],[148.967,-28.991],[148.968,-28.991],[148.968,-28.99],[148.968,-28.989],[148.969,-28.988],[148.969,-28.987],[148.967,-28.987],[148.967,-28.986],[148.967,-28.986],[148.967,-28.986],[148.967,-28.986],[148.967,-28.986],[148.967,-28.986],[148.967,-28.986],[148.97,-28.986],[148.971,-28.985],[148.971,-28.985],[148.971,-28.985],[148.971,-28.985],[148.971,-28.985],[148.972,-28.98],[148.977,-28.976],[148.981,-28.976],[148.984,-28.977],[148.985,-28.977],[148.989,-28.976],[148.998,-28.973],[149.004,-28.968],[149.005,-28.965],[149.005,-28.965],[149.005,-28.965],[149.005,-28.964],[149.005,-28.964],[149.005,-28.964],[149.005,-28.963],[149.005,-28.963],[149.005,-28.963],[149.005,-28.963],[149.005,-28.962],[149.006,-28.96],[149.011,-28.96],[149.012,-28.959],[149.012,-28.959],[149.012,-28.959],[149.012,-28.959],[149.011,-28.958],[149.01,-28.958],[149.009,-28.959],[149.009,-28.959],[149.009,-28.958],[149.009,-28.958],[149.009,-28.958],[149.008,-28.958],[149.008,-28.958],[149.009,-28.957],[149.012,-28.956],[149.012,-28.956],[149.012,-28.956],[149.012,-28.956],[149.012,-28.956],[149.013,-28.956],[149.014,-28.958],[149.015,-28.958],[149.017,-28.957],[149.018,-28.957],[149.019,-28.959],[149.02,-28.959],[149.02,-28.959],[149.02,-28.959],[149.02,-28.959],[149.02,-28.959],[149.02,-28.958],[149.021,-28.957],[149.021,-28.957],[149.022,-28.957],[149.022,-28.957],[149.022,-28.957],[149.023,-28.957],[149.023,-28.957],[149.023,-28.957],[149.023,-28.957],[149.028,-28.955],[149.028,-28.955],[149.028,-28.954],[149.028,-28.954],[149.029,-28.955],[149.03,-28.955],[149.03,-28.957],[149.031,-28.957],[149.031,-28.957],[149.031,-28.957],[149.032,-28.957],[149.032,-28.957],[149.032,-28.957],[149.033,-28.956],[149.034,-28.953],[149.034,-28.953],[149.034,-28.953],[149.034,-28.953],[149.034,-28.952],[149.034,-28.952],[149.034,-28.952],[149.034,-28.952],[149.034,-28.952],[149.034,-28.952],[149.034,-28.952],[149.036,-28.95],[149.036,-28.949],[149.036,-28.949],[149.036,-28.949],[149.036,-28.948],[149.036,-28.948],[149.036,-28.948],[149.036,-28.948],[149.035,-28.948],[149.035,-28.948],[149.035,-28.946],[149.037,-28.944],[149.039,-28.943],[149.04,-28.943],[149.04,-28.943],[149.04,-28.943],[149.04,-28.943],[149.04,-28.942],[149.04,-28.939],[149.042,-28.939],[149.043,-28.939],[149.043,-28.938],[149.043,-28.937],[149.043,-28.937],[149.043,-28.937],[149.043,-28.937],[149.043,-28.937],[149.043,-28.936],[149.043,-28.936],[149.044,-28.936],[149.044,-28.936],[149.044,-28.936],[149.044,-28.936],[149.044,-28.935],[149.044,-28.935],[149.044,-28.935],[149.044,-28.935],[149.044,-28.935],[149.044,-28.935],[149.045,-28.935],[149.045,-28.934],[149.045,-28.934],[149.045,-28.934],[149.045,-28.934],[149.045,-28.934],[149.045,-28.933],[149.045,-28.933],[149.045,-28.932],[149.043,-28.926],[149.055,-28.912],[149.058,-28.911],[149.058,-28.911],[149.058,-28.911],[149.059,-28.911],[149.059,-28.91],[149.059,-28.91],[149.059,-28.908],[149.059,-28.908],[149.057,-28.906],[149.058,-28.905],[149.058,-28.905],[149.058,-28.905],[149.058,-28.904],[149.058,-28.904],[149.058,-28.904],[149.057,-28.903],[149.057,-28.903],[149.056,-28.9],[149.057,-28.9],[149.057,-28.899],[149.057,-28.899],[149.057,-28.899],[149.058,-28.898],[149.058,-28.898],[149.058,-28.897],[149.059,-28.897],[149.059,-28.897],[149.059,-28.896],[149.059,-28.896],[149.06,-28.895],[149.06,-28.895],[149.06,-28.894],[149.06,-28.894],[149.06,-28.894],[149.06,-28.894],[149.058,-28.893],[149.061,-28.89],[149.061,-28.89],[149.063,-28.89],[149.063,-28.89],[149.063,-28.89],[149.063,-28.89],[149.063,-28.89],[149.064,-28.889],[149.063,-28.888],[149.063,-28.887],[149.063,-28.887],[149.063,-28.887],[149.062,-28.887],[149.062,-28.887],[149.062,-28.887],[149.061,-28.887],[149.061,-28.887],[149.06,-28.887],[149.06,-28.887],[149.06,-28.886],[149.06,-28.886],[149.06,-28.886],[149.059,-28.886],[149.058,-28.886],[149.058,-28.887],[149.058,-28.887],[149.058,-28.887],[149.057,-28.887],[149.057,-28.887],[149.056,-28.887],[149.056,-28.887],[149.056,-28.887],[149.056,-28.887],[149.055,-28.887],[149.055,-28.887],[149.055,-28.886],[149.055,-28.886],[149.055,-28.886],[149.056,-28.883],[149.057,-28.881],[149.06,-28.879],[149.063,-28.879],[149.063,-28.879],[149.063,-28.879],[149.063,-28.879],[149.064,-28.878],[149.065,-28.877],[149.065,-28.876],[149.065,-28.875],[149.065,-28.875],[149.066,-28.875],[149.066,-28.875],[149.066,-28.875],[149.066,-28.875],[149.066,-28.874],[149.066,-28.874],[149.066,-28.874],[149.066,-28.874],[149.066,-28.874],[149.067,-28.873],[149.07,-28.872],[149.08,-28.858],[149.081,-28.846],[149.086,-28.843],[149.087,-28.838],[149.087,-28.838],[149.087,-28.838],[149.087,-28.838],[149.087,-28.838],[149.088,-28.838],[149.088,-28.838],[149.088,-28.838],[149.088,-28.838],[149.09,-28.838],[149.091,-28.837],[149.092,-28.834],[149.094,-28.834],[149.096,-28.834],[149.098,-28.832],[149.1,-28.834],[149.101,-28.833],[149.102,-28.833],[149.102,-28.833],[149.102,-28.833],[149.102,-28.833],[149.103,-28.834],[149.103,-28.834],[149.103,-28.834],[149.103,-28.835],[149.103,-28.835],[149.103,-28.837],[149.105,-28.837],[149.109,-28.833],[149.112,-28.834],[149.113,-28.832],[149.113,-28.831],[149.113,-28.831],[149.113,-28.831],[149.113,-28.831],[149.113,-28.831],[149.111,-28.831],[149.111,-28.83],[149.112,-28.83],[149.113,-28.83],[149.115,-28.831],[149.115,-28.831],[149.116,-28.831],[149.116,-28.831],[149.116,-28.831],[149.117,-28.831],[149.117,-28.83],[149.117,-28.83],[149.117,-28.83],[149.119,-28.829],[149.119,-28.829],[149.119,-28.829],[149.119,-28.829],[149.119,-28.829],[149.119,-28.829],[149.12,-28.83],[149.12,-28.83],[149.12,-28.83],[149.12,-28.83],[149.12,-28.83],[149.12,-28.83],[149.12,-28.83],[149.12,-28.831],[149.118,-28.833],[149.12,-28.833],[149.12,-28.833],[149.121,-28.833],[149.121,-28.833],[149.121,-28.833],[149.121,-28.833],[149.121,-28.833],[149.122,-28.832],[149.122,-28.832],[149.122,-28.832],[149.122,-28.832],[149.122,-28.832],[149.123,-28.832],[149.123,-28.833],[149.122,-28.834],[149.122,-28.834],[149.122,-28.834],[149.122,-28.834],[149.122,-28.834],[149.123,-28.835],[149.124,-28.833],[149.125,-28.833],[149.125,-28.833],[149.125,-28.833],[149.125,-28.833],[149.125,-28.834],[149.127,-28.835],[149.128,-28.835],[149.129,-28.834],[149.128,-28.832],[149.142,-28.824],[149.141,-28.821],[149.142,-28.821],[149.143,-28.821],[149.144,-28.821],[149.144,-28.821],[149.144,-28.821],[149.144,-28.82],[149.144,-28.82],[149.144,-28.82],[149.144,-28.82],[149.144,-28.819],[149.144,-28.819],[149.145,-28.819],[149.145,-28.819],[149.145,-28.819],[149.145,-28.819],[149.144,-28.819],[149.144,-28.819],[149.144,-28.819],[149.143,-28.819],[149.143,-28.819],[149.143,-28.819],[149.143,-28.819],[149.143,-28.817],[149.142,-28.815],[149.151,-28.808],[149.154,-28.809],[149.154,-28.809],[149.154,-28.809],[149.154,-28.809],[149.155,-28.809],[149.156,-28.81],[149.161,-28.81],[149.161,-28.807],[149.163,-28.806],[149.163,-28.807],[149.165,-28.808],[149.165,-28.808],[149.165,-28.808],[149.165,-28.808],[149.166,-28.808],[149.167,-28.809],[149.167,-28.808],[149.167,-28.808],[149.167,-28.808],[149.167,-28.808],[149.167,-28.808],[149.168,-28.808],[149.168,-28.808],[149.168,-28.808],[149.168,-28.808],[149.168,-28.808],[149.168,-28.808],[149.169,-28.808],[149.169,-28.808],[149.169,-28.808],[149.169,-28.808],[149.17,-28.808],[149.17,-28.808],[149.17,-28.808],[149.17,-28.807],[149.17,-28.807],[149.172,-28.806],[149.174,-28.804],[149.179,-28.803],[149.18,-28.799],[149.184,-28.797],[149.184,-28.795],[149.184,-28.795],[149.185,-28.795],[149.185,-28.795],[149.185,-28.794],[149.186,-28.794],[149.186,-28.794],[149.187,-28.794],[149.187,-28.794],[149.187,-28.793],[149.187,-28.793],[149.187,-28.793],[149.187,-28.793],[149.187,-28.793],[149.187,-28.793],[149.187,-28.792],[149.187,-28.792],[149.186,-28.792],[149.186,-28.792],[149.184,-28.791],[149.184,-28.79],[149.184,-28.789],[149.185,-28.789],[149.185,-28.788],[149.185,-28.788],[149.186,-28.788],[149.186,-28.787],[149.187,-28.786],[149.187,-28.786],[149.187,-28.786],[149.187,-28.786],[149.187,-28.786],[149.187,-28.785],[149.187,-28.785],[149.187,-28.785],[149.187,-28.785],[149.187,-28.785],[149.187,-28.785],[149.187,-28.785],[149.187,-28.785],[149.187,-28.785],[149.187,-28.785],[149.187,-28.784],[149.187,-28.784],[149.187,-28.784],[149.187,-28.784],[149.187,-28.784],[149.187,-28.784],[149.187,-28.783],[149.187,-28.783],[149.187,-28.783],[149.187,-28.783],[149.186,-28.783],[149.186,-28.783],[149.186,-28.783],[149.186,-28.782],[149.192,-28.78],[149.189,-28.777],[149.188,-28.776],[149.189,-28.775],[149.194,-28.774],[149.194,-28.771],[149.198,-28.771],[149.2,-28.77],[149.201,-28.77],[149.202,-28.771],[149.202,-28.771],[149.203,-28.77],[149.205,-28.769],[149.207,-28.77],[149.207,-28.767],[149.207,-28.766],[149.208,-28.766],[149.208,-28.766],[149.208,-28.766],[149.208,-28.766],[149.209,-28.766],[149.21,-28.768],[149.21,-28.768],[149.21,-28.768],[149.21,-28.768],[149.21,-28.768],[149.21,-28.768],[149.211,-28.767],[149.211,-28.767],[149.211,-28.767],[149.211,-28.767],[149.211,-28.767],[149.212,-28.767],[149.212,-28.767],[149.212,-28.767],[149.212,-28.767],[149.212,-28.767],[149.212,-28.766],[149.212,-28.766],[149.212,-28.766],[149.212,-28.766],[149.212,-28.766],[149.212,-28.766],[149.212,-28.765],[149.213,-28.766],[149.214,-28.765],[149.214,-28.764],[149.214,-28.764],[149.215,-28.764],[149.215,-28.764],[149.215,-28.764],[149.215,-28.764],[149.215,-28.764],[149.216,-28.764],[149.216,-28.764],[149.216,-28.764],[149.216,-28.764],[149.216,-28.763],[149.218,-28.763],[149.219,-28.763],[149.22,-28.763],[149.22,-28.763],[149.22,-28.763],[149.22,-28.763],[149.22,-28.764],[149.22,-28.764],[149.22,-28.764],[149.22,-28.764],[149.22,-28.765],[149.221,-28.766],[149.221,-28.766],[149.221,-28.766],[149.221,-28.766],[149.222,-28.766],[149.222,-28.766],[149.222,-28.766],[149.222,-28.766],[149.222,-28.764],[149.223,-28.764],[149.224,-28.764],[149.224,-28.764],[149.224,-28.764],[149.224,-28.764],[149.224,-28.764],[149.225,-28.765],[149.225,-28.765],[149.225,-28.765],[149.225,-28.765],[149.225,-28.764],[149.224,-28.763],[149.224,-28.763],[149.224,-28.763],[149.224,-28.763],[149.225,-28.763],[149.225,-28.763],[149.225,-28.763],[149.225,-28.763],[149.226,-28.763],[149.226,-28.763],[149.226,-28.763],[149.226,-28.763],[149.226,-28.763],[149.226,-28.761],[149.227,-28.761],[149.227,-28.761],[149.227,-28.761],[149.227,-28.761],[149.228,-28.762],[149.229,-28.762],[149.229,-28.762],[149.229,-28.762],[149.229,-28.762],[149.228,-28.76],[149.229,-28.759],[149.229,-28.759],[149.229,-28.759],[149.229,-28.759],[149.229,-28.759],[149.23,-28.759],[149.23,-28.758],[149.23,-28.758],[149.23,-28.758],[149.23,-28.758],[149.23,-28.758],[149.229,-28.757],[149.228,-28.756],[149.229,-28.755],[149.229,-28.755],[149.229,-28.755],[149.229,-28.755],[149.229,-28.755],[149.23,-28.755],[149.231,-28.756],[149.231,-28.756],[149.231,-28.756],[149.231,-28.756],[149.231,-28.756],[149.232,-28.755],[149.231,-28.754],[149.23,-28.751],[149.231,-28.751],[149.231,-28.751],[149.231,-28.751],[149.231,-28.751],[149.231,-28.751],[149.232,-28.752],[149.232,-28.752],[149.232,-28.752],[149.232,-28.751],[149.233,-28.751],[149.233,-28.751],[149.233,-28.749],[149.237,-28.75],[149.243,-28.744],[149.244,-28.743],[149.246,-28.741],[149.246,-28.74],[149.247,-28.739],[149.248,-28.739],[149.248,-28.739],[149.248,-28.739],[149.248,-28.74],[149.248,-28.74],[149.248,-28.74],[149.248,-28.74],[149.248,-28.74],[149.249,-28.741],[149.25,-28.74],[149.251,-28.74],[149.251,-28.74],[149.251,-28.74],[149.251,-28.74],[149.252,-28.74],[149.252,-28.74],[149.253,-28.742],[149.254,-28.741],[149.254,-28.741],[149.254,-28.741],[149.254,-28.741],[149.254,-28.74],[149.254,-28.74],[149.254,-28.74],[149.254,-28.74],[149.254,-28.74],[149.254,-28.74],[149.254,-28.739],[149.255,-28.739],[149.255,-28.739],[149.257,-28.739],[149.257,-28.737],[149.26,-28.736],[149.26,-28.736],[149.26,-28.736],[149.26,-28.736],[149.26,-28.736],[149.261,-28.736],[149.261,-28.735],[149.261,-28.735],[149.263,-28.735],[149.264,-28.737],[149.264,-28.74],[149.264,-28.74],[149.264,-28.74],[149.265,-28.74],[149.265,-28.74],[149.266,-28.74],[149.266,-28.741],[149.266,-28.741],[149.267,-28.743],[149.269,-28.743],[149.269,-28.743],[149.269,-28.743],[149.269,-28.743],[149.269,-28.743],[149.27,-28.743],[149.27,-28.743],[149.27,-28.743],[149.27,-28.742],[149.27,-28.741],[149.272,-28.74],[149.272,-28.737],[149.271,-28.737],[149.271,-28.736],[149.271,-28.736],[149.271,-28.735],[149.271,-28.734],[149.271,-28.734],[149.271,-28.734],[149.271,-28.734],[149.272,-28.734],[149.272,-28.734],[149.272,-28.734],[149.272,-28.734],[149.274,-28.733],[149.274,-28.733],[149.274,-28.733],[149.274,-28.734],[149.274,-28.734],[149.275,-28.734],[149.275,-28.734],[149.275,-28.733],[149.276,-28.733],[149.276,-28.733],[149.276,-28.733],[149.277,-28.732],[149.278,-28.732],[149.278,-28.733],[149.278,-28.734],[149.279,-28.733],[149.279,-28.733],[149.279,-28.733],[149.279,-28.733],[149.279,-28.733],[149.28,-28.732],[149.28,-28.731],[149.281,-28.731],[149.281,-28.731],[149.281,-28.731],[149.281,-28.731],[149.281,-28.732],[149.281,-28.732],[149.281,-28.732],[149.282,-28.732],[149.282,-28.732],[149.282,-28.732],[149.282,-28.733],[149.282,-28.733],[149.283,-28.733],[149.283,-28.733],[149.283,-28.733],[149.285,-28.732],[149.285,-28.731],[149.285,-28.731],[149.285,-28.731],[149.285,-28.731],[149.284,-28.731],[149.283,-28.73],[149.283,-28.73],[149.283,-28.73],[149.283,-28.729],[149.283,-28.728],[149.285,-28.726],[149.286,-28.727],[149.286,-28.727],[149.286,-28.727],[149.287,-28.727],[149.287,-28.727],[149.287,-28.727],[149.287,-28.726],[149.288,-28.726],[149.288,-28.726],[149.288,-28.726],[149.288,-28.726],[149.288,-28.725],[149.287,-28.724],[149.287,-28.723],[149.287,-28.723],[149.287,-28.723],[149.287,-28.723],[149.287,-28.722],[149.287,-28.722],[149.288,-28.721],[149.289,-28.721],[149.291,-28.719],[149.294,-28.712],[149.297,-28.71],[149.298,-28.71],[149.299,-28.71],[149.299,-28.71],[149.299,-28.71],[149.3,-28.71],[149.3,-28.71],[149.301,-28.71],[149.301,-28.71],[149.301,-28.71],[149.301,-28.71],[149.301,-28.709],[149.302,-28.709],[149.306,-28.711],[149.31,-28.712],[149.311,-28.712],[149.311,-28.712],[149.311,-28.712],[149.311,-28.711],[149.311,-28.711],[149.314,-28.712],[149.328,-28.707],[149.329,-28.704],[149.331,-28.704],[149.332,-28.703],[149.332,-28.703],[149.332,-28.703],[149.332,-28.703],[149.332,-28.703],[149.332,-28.702],[149.332,-28.702],[149.332,-28.702],[149.33,-28.698],[149.336,-28.698],[149.339,-28.696],[149.341,-28.696],[149.341,-28.696],[149.341,-28.696],[149.341,-28.696],[149.341,-28.696],[149.342,-28.696],[149.342,-28.696],[149.342,-28.696],[149.342,-28.696],[149.343,-28.696],[149.343,-28.696],[149.343,-28.696],[149.343,-28.696],[149.344,-28.697],[149.344,-28.697],[149.346,-28.697],[149.346,-28.695],[149.348,-28.691],[149.35,-28.691],[149.35,-28.692],[149.35,-28.692],[149.35,-28.692],[149.351,-28.693],[149.351,-28.693],[149.351,-28.693],[149.351,-28.693],[149.352,-28.692],[149.352,-28.692],[149.352,-28.692],[149.352,-28.692],[149.352,-28.691],[149.353,-28.691],[149.353,-28.691],[149.352,-28.69],[149.352,-28.69],[149.353,-28.688],[149.354,-28.688],[149.354,-28.688],[149.355,-28.688],[149.355,-28.688],[149.355,-28.688],[149.355,-28.688],[149.355,-28.687],[149.356,-28.687],[149.357,-28.687],[149.357,-28.686],[149.358,-28.685],[149.359,-28.684],[149.361,-28.685],[149.362,-28.685],[149.362,-28.685],[149.362,-28.686],[149.363,-28.686],[149.363,-28.687],[149.363,-28.687],[149.363,-28.687],[149.363,-28.689],[149.364,-28.69],[149.364,-28.69],[149.365,-28.69],[149.365,-28.69],[149.366,-28.691],[149.366,-28.691],[149.366,-28.691],[149.367,-28.692],[149.367,-28.692],[149.367,-28.692],[149.367,-28.692],[149.367,-28.692],[149.369,-28.692],[149.369,-28.692],[149.369,-28.692],[149.369,-28.691],[149.369,-28.69],[149.368,-28.69],[149.368,-28.69],[149.368,-28.689],[149.368,-28.689],[149.373,-28.69],[149.376,-28.693],[149.377,-28.69],[149.385,-28.691],[149.386,-28.695],[149.387,-28.696],[149.388,-28.695],[149.388,-28.695],[149.388,-28.694],[149.389,-28.694],[149.389,-28.693],[149.389,-28.693],[149.39,-28.693],[149.39,-28.693],[149.39,-28.693],[149.39,-28.693],[149.39,-28.693],[149.391,-28.693],[149.391,-28.692],[149.391,-28.692],[149.391,-28.692],[149.391,-28.692],[149.392,-28.691],[149.392,-28.691],[149.392,-28.691],[149.392,-28.69],[149.392,-28.689],[149.393,-28.689],[149.393,-28.689],[149.393,-28.687],[149.394,-28.687],[149.394,-28.686],[149.394,-28.686],[149.394,-28.686],[149.394,-28.685],[149.394,-28.685],[149.394,-28.684],[149.394,-28.684],[149.394,-28.684],[149.394,-28.684],[149.394,-28.683],[149.393,-28.683],[149.393,-28.682],[149.394,-28.681],[149.394,-28.68],[149.394,-28.68],[149.394,-28.68],[149.394,-28.68],[149.394,-28.68],[149.394,-28.68],[149.394,-28.68],[149.394,-28.679],[149.394,-28.678],[149.394,-28.678],[149.394,-28.678],[149.394,-28.678],[149.394,-28.677],[149.395,-28.677],[149.395,-28.677],[149.395,-28.677],[149.396,-28.677],[149.397,-28.677],[149.397,-28.677],[149.397,-28.677],[149.397,-28.677],[149.398,-28.676],[149.399,-28.675],[149.4,-28.675],[149.401,-28.675],[149.401,-28.675],[149.401,-28.676],[149.402,-28.676],[149.405,-28.676],[149.406,-28.673],[149.406,-28.673],[149.407,-28.673],[149.407,-28.673],[149.408,-28.671],[149.409,-28.67],[149.412,-28.668],[149.413,-28.668],[149.413,-28.668],[149.414,-28.667],[149.414,-28.667],[149.413,-28.666],[149.412,-28.667],[149.411,-28.667],[149.411,-28.667],[149.411,-28.667],[149.411,-28.667],[149.411,-28.667],[149.411,-28.667],[149.411,-28.667],[149.411,-28.667],[149.411,-28.666],[149.411,-28.666],[149.411,-28.665],[149.411,-28.665],[149.411,-28.665],[149.411,-28.665],[149.411,-28.664],[149.411,-28.663],[149.412,-28.663],[149.414,-28.662],[149.414,-28.662],[149.415,-28.663],[149.415,-28.663],[149.416,-28.663],[149.416,-28.663],[149.416,-28.662],[149.416,-28.662],[149.416,-28.662],[149.416,-28.662],[149.416,-28.662],[149.417,-28.661],[149.417,-28.661],[149.417,-28.661],[149.417,-28.66],[149.417,-28.66],[149.417,-28.659],[149.417,-28.659],[149.417,-28.659],[149.416,-28.658],[149.416,-28.658],[149.417,-28.657],[149.417,-28.657],[149.417,-28.657],[149.417,-28.657],[149.417,-28.655],[149.417,-28.655],[149.417,-28.655],[149.417,-28.655],[149.418,-28.655],[149.418,-28.655],[149.418,-28.655],[149.418,-28.655],[149.419,-28.656],[149.421,-28.656],[149.423,-28.655],[149.422,-28.654],[149.42,-28.654],[149.419,-28.654],[149.418,-28.653],[149.418,-28.653],[149.418,-28.653],[149.417,-28.653],[149.417,-28.653],[149.417,-28.652],[149.417,-28.652],[149.419,-28.65],[149.426,-28.65],[149.433,-28.635],[149.429,-28.632],[149.429,-28.631],[149.429,-28.631],[149.429,-28.631],[149.429,-28.631],[149.429,-28.631],[149.429,-28.63],[149.429,-28.63],[149.429,-28.63],[149.428,-28.63],[149.428,-28.629],[149.428,-28.629],[149.428,-28.629],[149.428,-28.629],[149.429,-28.629],[149.43,-28.628],[149.43,-28.627],[149.43,-28.627],[149.43,-28.627],[149.43,-28.626],[149.431,-28.627],[149.433,-28.627],[149.435,-28.627],[149.443,-28.621],[149.439,-28.616],[149.44,-28.612],[149.444,-28.609],[149.444,-28.606],[149.445,-28.606],[149.446,-28.606],[149.446,-28.606],[149.447,-28.606],[149.447,-28.606],[149.447,-28.606],[149.447,-28.606],[149.447,-28.605],[149.447,-28.605],[149.447,-28.605],[149.448,-28.605],[149.449,-28.605],[149.45,-28.605],[149.45,-28.605],[149.45,-28.605],[149.451,-28.605],[149.452,-28.604],[149.452,-28.603],[149.454,-28.599],[149.452,-28.596],[149.456,-28.596],[149.456,-28.593],[149.459,-28.594],[149.462,-28.592],[149.463,-28.593],[149.464,-28.593],[149.464,-28.593],[149.464,-28.593],[149.464,-28.593],[149.465,-28.593],[149.465,-28.594],[149.466,-28.596],[149.468,-28.592],[149.468,-28.592],[149.469,-28.592],[149.469,-28.592],[149.469,-28.592],[149.469,-28.592],[149.47,-28.592],[149.469,-28.594],[149.471,-28.594],[149.471,-28.594],[149.471,-28.594],[149.471,-28.594],[149.471,-28.594],[149.471,-28.593],[149.472,-28.593],[149.472,-28.593],[149.472,-28.593],[149.473,-28.593],[149.473,-28.593],[149.473,-28.594],[149.473,-28.594],[149.474,-28.594],[149.474,-28.594],[149.475,-28.594],[149.475,-28.594],[149.475,-28.594],[149.475,-28.594],[149.475,-28.593],[149.475,-28.593],[149.476,-28.592],[149.476,-28.592],[149.477,-28.591],[149.477,-28.59],[149.477,-28.59],[149.477,-28.589],[149.477,-28.588],[149.478,-28.588],[149.478,-28.588],[149.478,-28.588],[149.478,-28.588],[149.479,-28.589],[149.479,-28.59],[149.479,-28.59],[149.479,-28.591],[149.479,-28.591],[149.479,-28.591],[149.479,-28.591],[149.479,-28.591],[149.479,-28.591],[149.48,-28.591],[149.48,-28.591],[149.48,-28.591],[149.48,-28.59],[149.48,-28.59],[149.48,-28.59],[149.48,-28.59],[149.481,-28.59],[149.481,-28.59],[149.481,-28.59],[149.481,-28.589],[149.481,-28.589],[149.481,-28.589],[149.481,-28.589],[149.481,-28.588],[149.481,-28.588],[149.481,-28.588],[149.481,-28.588],[149.482,-28.587],[149.482,-28.587],[149.482,-28.587],[149.482,-28.587],[149.482,-28.587],[149.482,-28.587],[149.482,-28.587],[149.482,-28.586],[149.482,-28.586],[149.483,-28.586],[149.482,-28.586],[149.482,-28.586],[149.482,-28.586],[149.482,-28.585],[149.482,-28.585],[149.481,-28.584],[149.481,-28.584],[149.481,-28.584],[149.481,-28.584],[149.481,-28.583],[149.482,-28.583],[149.483,-28.583],[149.483,-28.583],[149.483,-28.583],[149.483,-28.583],[149.484,-28.583],[149.484,-28.583],[149.484,-28.583],[149.484,-28.583],[149.485,-28.583],[149.486,-28.583],[149.487,-28.584],[149.487,-28.584],[149.488,-28.584],[149.488,-28.584],[149.489,-28.584],[149.49,-28.585],[149.492,-28.583],[149.492,-28.583],[149.492,-28.582],[149.492,-28.582],[149.492,-28.582],[149.492,-28.582],[149.492,-28.581],[149.492,-28.581],[149.492,-28.581],[149.492,-28.581],[149.492,-28.581],[149.493,-28.581],[149.493,-28.581],[149.493,-28.581],[149.494,-28.58],[149.494,-28.58],[149.494,-28.58],[149.495,-28.579],[149.495,-28.579],[149.495,-28.579],[149.495,-28.579],[149.496,-28.578],[149.497,-28.578],[149.497,-28.579],[149.497,-28.579],[149.497,-28.58],[149.497,-28.58],[149.496,-28.58],[149.496,-28.58],[149.497,-28.581],[149.499,-28.578],[149.499,-28.578],[149.499,-28.578],[149.499,-28.578],[149.499,-28.578],[149.5,-28.578],[149.5,-28.579],[149.5,-28.579],[149.5,-28.579],[149.5,-28.579],[149.501,-28.579],[149.502,-28.58],[149.503,-28.578],[149.502,-28.575],[149.503,-28.574],[149.504,-28.574],[149.506,-28.576],[149.507,-28.576],[149.507,-28.576],[149.507,-28.576],[149.508,-28.576],[149.508,-28.576],[149.508,-28.576],[149.508,-28.576],[149.51,-28.577],[149.512,-28.576],[149.515,-28.58],[149.516,-28.579],[149.517,-28.58],[149.518,-28.579],[149.518,-28.579],[149.519,-28.581],[149.522,-28.579],[149.525,-28.579],[149.529,-28.574],[149.544,-28.575],[149.557,-28.579],[149.568,-28.571],[149.588,-28.573],[149.594,-28.577],[149.598,-28.579],[149.6,-28.581],[149.606,-28.587],[149.61,-28.6],[149.625,-28.593],[149.626,-28.594],[149.626,-28.595],[149.628,-28.596],[149.628,-28.596],[149.629,-28.595],[149.629,-28.595],[149.63,-28.595],[149.63,-28.595],[149.631,-28.595],[149.631,-28.596],[149.63,-28.597],[149.631,-28.598],[149.632,-28.598],[149.632,-28.597],[149.632,-28.596],[149.633,-28.596],[149.634,-28.595],[149.635,-28.595],[149.635,-28.595],[149.636,-28.596],[149.635,-28.597],[149.636,-28.598],[149.638,-28.599],[149.638,-28.598],[149.639,-28.598],[149.64,-28.598],[149.642,-28.599],[149.642,-28.6],[149.646,-28.604],[149.651,-28.614],[149.697,-28.631],[149.709,-28.613],[149.721,-28.609],[149.739,-28.616],[149.742,-28.613],[149.744,-28.618],[149.746,-28.612],[149.747,-28.612],[149.748,-28.612],[149.749,-28.611],[149.75,-28.611],[149.75,-28.612],[149.751,-28.611],[149.752,-28.611],[149.753,-28.613],[149.754,-28.613],[149.753,-28.611],[149.755,-28.609],[149.756,-28.612],[149.764,-28.614],[149.772,-28.609],[149.779,-28.61],[149.78,-28.61],[149.781,-28.611],[149.784,-28.612],[149.797,-28.61],[149.8,-28.608],[149.812,-28.606],[149.815,-28.608],[149.818,-28.613],[149.83,-28.604],[149.873,-28.603],[149.89,-28.619],[149.903,-28.615],[149.909,-28.613],[149.908,-28.611],[149.908,-28.61],[149.909,-28.61],[149.911,-28.61],[149.911,-28.61],[149.912,-28.61],[149.913,-28.61],[149.915,-28.609],[149.916,-28.609],[149.917,-28.608],[149.925,-28.609],[149.93,-28.612],[149.937,-28.611],[149.937,-28.615],[149.941,-28.618],[149.943,-28.614],[149.949,-28.613],[149.948,-28.611],[149.95,-28.608],[149.951,-28.608],[149.953,-28.609],[149.955,-28.608],[149.957,-28.607],[149.958,-28.608],[149.957,-28.61],[149.972,-28.608],[149.974,-28.61],[149.976,-28.613],[149.977,-28.611],[149.979,-28.608],[149.985,-28.603],[149.986,-28.602],[149.987,-28.602],[149.988,-28.601],[149.988,-28.601],[149.993,-28.601],[149.995,-28.594],[150.006,-28.588],[150.008,-28.591],[150.013,-28.583],[150.015,-28.581],[150.016,-28.581],[150.016,-28.581],[150.016,-28.581],[150.018,-28.58],[150.021,-28.583],[150.023,-28.583],[150.025,-28.581],[150.025,-28.58],[150.026,-28.579],[150.027,-28.579],[150.028,-28.58],[150.03,-28.58],[150.031,-28.581],[150.031,-28.581],[150.031,-28.582],[150.03,-28.583],[150.03,-28.583],[150.03,-28.583],[150.031,-28.583],[150.031,-28.583],[150.031,-28.584],[150.031,-28.584],[150.032,-28.584],[150.033,-28.584],[150.033,-28.584],[150.034,-28.584],[150.034,-28.584],[150.035,-28.584],[150.036,-28.586],[150.038,-28.584],[150.04,-28.585],[150.045,-28.586],[150.047,-28.587],[150.048,-28.589],[150.049,-28.589],[150.05,-28.589],[150.05,-28.588],[150.05,-28.587],[150.05,-28.587],[150.05,-28.586],[150.051,-28.586],[150.051,-28.585],[150.052,-28.585],[150.053,-28.586],[150.053,-28.586],[150.054,-28.586],[150.055,-28.586],[150.055,-28.586],[150.055,-28.586],[150.056,-28.586],[150.057,-28.586],[150.057,-28.586],[150.056,-28.586],[150.056,-28.586],[150.056,-28.585],[150.056,-28.585],[150.056,-28.584],[150.057,-28.584],[150.057,-28.584],[150.058,-28.583],[150.059,-28.578],[150.073,-28.577],[150.073,-28.58],[150.075,-28.58],[150.076,-28.582],[150.077,-28.583],[150.079,-28.584],[150.079,-28.584],[150.08,-28.584],[150.082,-28.583],[150.082,-28.583],[150.083,-28.583],[150.083,-28.582],[150.082,-28.582],[150.08,-28.582],[150.08,-28.582],[150.08,-28.582],[150.08,-28.581],[150.08,-28.581],[150.08,-28.58],[150.081,-28.579],[150.081,-28.579],[150.081,-28.578],[150.082,-28.577],[150.082,-28.578],[150.082,-28.578],[150.084,-28.579],[150.084,-28.58],[150.084,-28.58],[150.084,-28.58],[150.085,-28.581],[150.085,-28.581],[150.086,-28.581],[150.086,-28.581],[150.087,-28.581],[150.088,-28.58],[150.088,-28.579],[150.088,-28.579],[150.088,-28.578],[150.088,-28.578],[150.088,-28.578],[150.088,-28.578],[150.087,-28.578],[150.085,-28.577],[150.085,-28.577],[150.085,-28.576],[150.085,-28.576],[150.086,-28.576],[150.086,-28.576],[150.087,-28.576],[150.088,-28.576],[150.088,-28.576],[150.089,-28.576],[150.09,-28.575],[150.091,-28.576],[150.09,-28.579],[150.091,-28.579],[150.091,-28.579],[150.092,-28.579],[150.093,-28.579],[150.093,-28.578],[150.093,-28.578],[150.093,-28.577],[150.094,-28.575],[150.092,-28.572],[150.092,-28.571],[150.092,-28.57],[150.091,-28.569],[150.091,-28.569],[150.091,-28.568],[150.091,-28.568],[150.091,-28.568],[150.091,-28.567],[150.091,-28.566],[150.091,-28.566],[150.091,-28.565],[150.092,-28.564],[150.094,-28.564],[150.095,-28.564],[150.096,-28.564],[150.097,-28.563],[150.098,-28.564],[150.098,-28.564],[150.101,-28.566],[150.106,-28.566],[150.106,-28.568],[150.111,-28.57],[150.112,-28.57],[150.112,-28.569],[150.112,-28.569],[150.112,-28.569],[150.112,-28.568],[150.112,-28.568],[150.114,-28.568],[150.115,-28.568],[150.115,-28.568],[150.116,-28.567],[150.116,-28.567],[150.116,-28.566],[150.113,-28.564],[150.121,-28.56],[150.131,-28.563],[150.17,-28.551],[150.17,-28.559],[150.184,-28.559],[150.18,-28.563],[150.181,-28.565],[150.182,-28.565],[150.183,-28.565],[150.184,-28.566],[150.185,-28.565],[150.186,-28.565],[150.187,-28.565],[150.188,-28.568],[150.187,-28.569],[150.184,-28.569],[150.183,-28.568],[150.182,-28.569],[150.182,-28.569],[150.182,-28.571],[150.183,-28.571],[150.186,-28.572],[150.187,-28.573],[150.188,-28.571],[150.189,-28.57],[150.19,-28.57],[150.19,-28.57],[150.19,-28.567],[150.191,-28.567],[150.192,-28.567],[150.192,-28.567],[150.194,-28.567],[150.195,-28.568],[150.196,-28.568],[150.197,-28.567],[150.198,-28.567],[150.199,-28.568],[150.2,-28.568],[150.2,-28.569],[150.201,-28.569],[150.201,-28.569],[150.203,-28.573],[150.212,-28.568],[150.213,-28.568],[150.213,-28.568],[150.214,-28.567],[150.215,-28.567],[150.216,-28.567],[150.218,-28.568],[150.219,-28.568],[150.219,-28.568],[150.219,-28.567],[150.22,-28.567],[150.221,-28.567],[150.222,-28.567],[150.224,-28.568],[150.226,-28.569],[150.228,-28.568],[150.229,-28.568],[150.229,-28.566],[150.23,-28.565],[150.23,-28.564],[150.231,-28.564],[150.233,-28.56],[150.229,-28.559],[150.236,-28.554],[150.238,-28.554],[150.238,-28.554],[150.24,-28.554],[150.241,-28.554],[150.242,-28.552],[150.243,-28.552],[150.244,-28.553],[150.244,-28.554],[150.245,-28.555],[150.245,-28.554],[150.246,-28.553],[150.247,-28.553],[150.248,-28.553],[150.249,-28.552],[150.249,-28.552],[150.255,-28.546],[150.262,-28.545],[150.267,-28.541],[150.269,-28.54],[150.27,-28.54],[150.271,-28.539],[150.272,-28.539],[150.272,-28.539],[150.29,-28.537],[150.29,-28.537],[150.292,-28.537],[150.293,-28.538],[150.293,-28.538],[150.295,-28.539],[150.295,-28.539],[150.296,-28.54],[150.297,-28.541],[150.301,-28.548],[150.302,-28.549],[150.303,-28.549],[150.306,-28.549],[150.309,-28.551],[150.31,-28.551],[150.311,-28.552],[150.312,-28.553],[150.312,-28.554],[150.312,-28.554],[150.313,-28.555],[150.314,-28.556],[150.316,-28.556],[150.319,-28.556],[150.32,-28.557],[150.321,-28.557],[150.321,-28.558],[150.322,-28.559],[150.322,-28.563],[150.322,-28.565],[150.323,-28.565],[150.323,-28.566],[150.323,-28.566],[150.323,-28.567],[150.324,-28.568],[150.324,-28.568],[150.327,-28.571],[150.328,-28.571],[150.33,-28.572],[150.349,-28.583],[150.356,-28.59],[150.359,-28.59],[150.362,-28.589],[150.362,-28.589],[150.363,-28.589],[150.363,-28.589],[150.363,-28.589],[150.363,-28.589],[150.364,-28.59],[150.364,-28.591],[150.363,-28.595],[150.365,-28.598],[150.37,-28.598],[150.367,-28.604],[150.364,-28.607],[150.364,-28.608],[150.364,-28.608],[150.364,-28.608],[150.364,-28.609],[150.364,-28.609],[150.364,-28.609],[150.364,-28.609],[150.364,-28.609],[150.364,-28.609],[150.364,-28.609],[150.364,-28.609],[150.364,-28.609],[150.365,-28.609],[150.366,-28.609],[150.369,-28.611],[150.37,-28.612],[150.37,-28.612],[150.37,-28.612],[150.37,-28.612],[150.37,-28.613],[150.369,-28.614],[150.369,-28.614],[150.369,-28.615],[150.369,-28.616],[150.369,-28.616],[150.369,-28.616],[150.369,-28.616],[150.369,-28.617],[150.369,-28.618],[150.369,-28.619],[150.369,-28.619],[150.369,-28.619],[150.369,-28.619],[150.369,-28.619],[150.369,-28.619],[150.369,-28.619],[150.369,-28.619],[150.37,-28.62],[150.37,-28.621],[150.38,-28.627],[150.386,-28.625],[150.386,-28.63],[150.386,-28.633],[150.387,-28.633],[150.388,-28.634],[150.388,-28.634],[150.389,-28.634],[150.391,-28.634],[150.392,-28.633],[150.394,-28.632],[150.396,-28.631],[150.396,-28.63],[150.397,-28.629],[150.398,-28.629],[150.398,-28.628],[150.399,-28.628],[150.4,-28.628],[150.4,-28.628],[150.401,-28.627],[150.402,-28.627],[150.402,-28.628],[150.403,-28.628],[150.404,-28.628],[150.404,-28.629],[150.404,-28.629],[150.406,-28.632],[150.409,-28.634],[150.416,-28.635],[150.416,-28.644],[150.414,-28.65],[150.431,-28.652],[150.437,-28.661],[150.446,-28.665],[150.463,-28.668],[150.487,-28.657],[150.515,-28.662],[150.535,-28.672],[150.551,-28.67],[150.556,-28.654],[150.561,-28.662],[150.562,-28.662],[150.563,-28.661],[150.566,-28.662],[150.567,-28.661],[150.569,-28.659],[150.57,-28.659],[150.571,-28.659],[150.575,-28.658],[150.578,-28.656],[150.583,-28.656],[150.605,-28.671],[150.633,-28.677],[150.642,-28.665],[150.67,-28.654],[150.673,-28.65],[150.68,-28.661],[150.73,-28.634],[150.752,-28.633],[150.781,-28.644],[150.783,-28.645],[150.795,-28.655],[150.799,-28.654],[150.804,-28.653],[150.814,-28.657],[150.819,-28.658],[150.817,-28.663],[150.82,-28.667],[150.829,-28.667],[150.849,-28.674],[150.852,-28.678],[150.853,-28.68],[150.864,-28.687],[150.869,-28.685],[150.891,-28.694],[150.894,-28.688],[150.904,-28.687],[150.908,-28.689],[150.911,-28.694],[150.92,-28.7],[150.924,-28.698],[150.925,-28.699],[150.926,-28.7],[150.927,-28.701],[150.928,-28.702],[150.931,-28.706],[150.931,-28.706],[150.931,-28.707],[150.931,-28.712],[150.932,-28.713],[150.932,-28.714],[150.932,-28.716],[150.932,-28.716],[150.932,-28.717],[150.932,-28.718],[150.933,-28.719],[150.933,-28.72],[150.933,-28.72],[150.932,-28.722],[150.932,-28.723],[150.933,-28.723],[150.934,-28.724],[150.935,-28.724],[150.938,-28.725],[150.938,-28.727],[150.938,-28.728],[150.938,-28.73],[150.938,-28.73],[150.938,-28.731],[150.938,-28.731],[150.938,-28.731],[150.939,-28.731],[150.94,-28.731],[150.942,-28.729],[150.943,-28.729],[150.944,-28.729],[150.945,-28.729],[150.946,-28.729],[150.947,-28.731],[150.948,-28.732],[150.948,-28.733],[150.948,-28.733],[150.948,-28.734],[150.953,-28.736],[150.954,-28.736],[150.958,-28.735],[150.966,-28.736],[150.97,-28.732],[150.98,-28.732],[150.988,-28.736],[151.01,-28.741],[151.013,-28.745],[151.016,-28.746],[151.024,-28.752],[151.027,-28.756],[151.029,-28.769],[151.025,-28.778],[151.026,-28.784],[151.026,-28.787],[151.026,-28.789],[151.025,-28.793],[151.026,-28.794],[151.033,-28.794],[151.034,-28.794],[151.035,-28.795],[151.039,-28.797],[151.039,-28.798],[151.04,-28.798],[151.041,-28.798],[151.041,-28.798],[151.041,-28.798],[151.041,-28.798],[151.042,-28.798],[151.042,-28.799],[151.042,-28.8],[151.042,-28.8],[151.042,-28.801],[151.042,-28.802],[151.042,-28.803],[151.042,-28.803],[151.042,-28.803],[151.041,-28.808],[151.042,-28.814],[151.042,-28.815],[151.042,-28.815],[151.042,-28.816],[151.041,-28.816],[151.041,-28.817],[151.04,-28.817],[151.038,-28.819],[151.037,-28.828],[151.042,-28.831],[151.042,-28.832],[151.042,-28.833],[151.043,-28.833],[151.043,-28.834],[151.043,-28.835],[151.043,-28.835],[151.043,-28.835],[151.043,-28.835],[151.039,-28.837],[151.039,-28.838],[151.04,-28.839],[151.04,-28.839],[151.04,-28.839],[151.04,-28.839],[151.041,-28.839],[151.042,-28.84],[151.043,-28.84],[151.043,-28.84],[151.043,-28.84],[151.044,-28.84],[151.046,-28.845],[151.048,-28.845],[151.048,-28.845],[151.049,-28.844],[151.05,-28.844],[151.05,-28.844],[151.051,-28.844],[151.052,-28.844],[151.053,-28.845],[151.052,-28.849],[151.054,-28.849],[151.055,-28.849],[151.055,-28.849],[151.055,-28.849],[151.056,-28.849],[151.057,-28.849],[151.058,-28.847],[151.059,-28.847],[151.059,-28.846],[151.06,-28.846],[151.06,-28.846],[151.061,-28.846],[151.068,-28.844],[151.073,-28.84],[151.077,-28.838],[151.08,-28.836],[151.081,-28.836],[151.081,-28.835],[151.081,-28.835],[151.082,-28.835],[151.082,-28.835],[151.083,-28.834],[151.083,-28.834],[151.085,-28.834],[151.087,-28.834],[151.091,-28.835],[151.097,-28.838],[151.099,-28.837],[151.099,-28.837],[151.099,-28.837],[151.1,-28.836],[151.1,-28.836],[151.101,-28.836],[151.102,-28.836],[151.102,-28.836],[151.103,-28.836],[151.103,-28.836],[151.103,-28.837],[151.104,-28.838],[151.104,-28.842],[151.104,-28.842],[151.104,-28.842],[151.104,-28.842],[151.104,-28.843],[151.104,-28.843],[151.104,-28.844],[151.104,-28.844],[151.105,-28.844],[151.105,-28.844],[151.105,-28.844],[151.105,-28.844],[151.106,-28.844],[151.107,-28.844],[151.108,-28.843],[151.11,-28.844],[151.112,-28.847],[151.114,-28.848],[151.114,-28.848],[151.114,-28.848],[151.114,-28.848],[151.116,-28.851],[151.125,-28.852],[151.13,-28.858],[151.139,-28.862],[151.141,-28.862],[151.142,-28.862],[151.142,-28.862],[151.143,-28.861],[151.144,-28.861],[151.145,-28.861],[151.145,-28.861],[151.145,-28.861],[151.147,-28.862],[151.15,-28.864],[151.154,-28.865],[151.157,-28.865],[151.159,-28.865],[151.161,-28.865],[151.161,-28.865],[151.162,-28.866],[151.163,-28.867],[151.165,-28.872],[151.174,-28.88],[151.178,-28.88],[151.179,-28.88],[151.18,-28.88],[151.181,-28.879],[151.183,-28.879],[151.184,-28.879],[151.185,-28.879],[151.185,-28.879],[151.186,-28.879],[151.2,-28.884],[151.201,-28.885],[151.202,-28.886],[151.202,-28.886],[151.203,-28.887],[151.203,-28.888],[151.206,-28.892],[151.207,-28.894],[151.207,-28.894],[151.207,-28.895],[151.207,-28.895],[151.207,-28.896],[151.207,-28.897],[151.207,-28.898],[151.208,-28.899],[151.208,-28.899],[151.208,-28.9],[151.208,-28.901],[151.209,-28.902],[151.212,-28.902],[151.212,-28.902],[151.213,-28.902],[151.213,-28.902],[151.218,-28.905],[151.228,-28.909],[151.233,-28.905],[151.235,-28.905],[151.236,-28.906],[151.237,-28.906],[151.237,-28.907],[151.237,-28.907],[151.237,-28.907],[151.238,-28.908],[151.238,-28.909],[151.238,-28.909],[151.238,-28.909],[151.239,-28.909],[151.239,-28.909],[151.239,-28.91],[151.244,-28.924],[151.244,-28.924],[151.245,-28.925],[151.246,-28.926],[151.249,-28.927],[151.25,-28.927],[151.251,-28.927],[151.251,-28.928],[151.252,-28.928],[151.255,-28.929],[151.258,-28.932],[151.259,-28.932],[151.26,-28.932],[151.26,-28.932],[151.26,-28.932],[151.261,-28.933],[151.265,-28.933],[151.265,-28.933],[151.265,-28.933],[151.266,-28.933],[151.266,-28.934],[151.267,-28.935],[151.267,-28.936],[151.268,-28.936],[151.268,-28.936],[151.268,-28.936],[151.27,-28.937],[151.271,-28.937],[151.272,-28.937],[151.273,-28.937],[151.273,-28.938],[151.273,-28.938],[151.274,-28.938],[151.275,-28.939],[151.275,-28.939],[151.275,-28.939],[151.275,-28.939],[151.278,-28.945],[151.28,-28.947],[151.282,-28.949],[151.282,-28.95],[151.282,-28.954],[151.282,-28.958],[151.282,-28.958],[151.281,-28.958],[151.281,-28.96],[151.28,-28.961],[151.278,-28.964],[151.277,-28.966],[151.277,-28.966],[151.276,-28.967],[151.276,-28.967],[151.274,-28.968],[151.273,-28.97],[151.272,-28.972],[151.272,-28.973],[151.272,-28.973],[151.272,-28.973],[151.272,-28.974],[151.273,-28.974],[151.273,-28.974],[151.275,-28.974],[151.276,-28.975],[151.282,-28.98],[151.282,-28.982],[151.281,-28.984],[151.277,-28.985],[151.277,-28.985],[151.277,-28.985],[151.277,-28.986],[151.277,-28.986],[151.276,-28.987],[151.276,-28.987],[151.276,-28.987],[151.277,-28.988],[151.277,-28.989],[151.277,-28.992],[151.278,-28.995],[151.278,-28.996],[151.279,-28.997],[151.279,-28.998],[151.282,-29.001],[151.284,-29.005],[151.283,-29.017],[151.282,-29.019],[151.278,-29.022],[151.276,-29.023],[151.274,-29.024],[151.274,-29.025],[151.274,-29.025],[151.274,-29.025],[151.274,-29.025],[151.272,-29.028],[151.272,-29.029],[151.271,-29.031],[151.275,-29.035],[151.276,-29.035],[151.276,-29.035],[151.276,-29.035],[151.276,-29.036],[151.277,-29.036],[151.279,-29.036],[151.28,-29.036],[151.28,-29.036],[151.281,-29.036],[151.281,-29.036],[151.283,-29.036],[151.289,-29.052],[151.284,-29.065],[151.284,-29.066],[151.283,-29.067],[151.282,-29.068],[151.282,-29.068],[151.282,-29.068],[151.282,-29.069],[151.282,-29.069],[151.281,-29.069],[151.281,-29.07],[151.281,-29.07],[151.28,-29.072],[151.278,-29.074],[151.278,-29.074],[151.278,-29.075],[151.277,-29.075],[151.276,-29.076],[151.275,-29.078],[151.276,-29.082],[151.277,-29.084],[151.278,-29.084],[151.278,-29.085],[151.278,-29.086],[151.279,-29.087],[151.279,-29.088],[151.279,-29.088],[151.279,-29.089],[151.279,-29.089],[151.279,-29.09],[151.279,-29.091],[151.279,-29.091],[151.278,-29.092],[151.278,-29.092],[151.278,-29.092],[151.278,-29.093],[151.278,-29.098],[151.28,-29.101],[151.281,-29.104],[151.282,-29.105],[151.282,-29.105],[151.283,-29.105],[151.283,-29.105],[151.284,-29.106],[151.285,-29.106],[151.29,-29.111],[151.295,-29.112],[151.296,-29.112],[151.297,-29.113],[151.297,-29.113],[151.298,-29.113],[151.303,-29.116],[151.303,-29.117],[151.304,-29.117],[151.304,-29.119],[151.304,-29.119],[151.304,-29.119],[151.305,-29.12],[151.305,-29.12],[151.305,-29.12],[151.304,-29.12],[151.304,-29.121],[151.304,-29.121],[151.304,-29.121],[151.304,-29.121],[151.304,-29.121],[151.305,-29.122],[151.305,-29.122],[151.31,-29.129],[151.311,-29.129],[151.311,-29.129],[151.311,-29.13],[151.312,-29.13],[151.312,-29.13],[151.312,-29.13],[151.313,-29.131],[151.313,-29.131],[151.314,-29.132],[151.316,-29.135],[151.316,-29.139],[151.31,-29.144],[151.309,-29.148],[151.309,-29.151],[151.309,-29.151],[151.31,-29.152],[151.31,-29.154],[151.311,-29.156],[151.312,-29.16],[151.312,-29.162],[151.312,-29.162],[151.313,-29.163],[151.313,-29.163],[151.313,-29.164],[151.313,-29.164],[151.315,-29.166],[151.315,-29.166],[151.315,-29.166],[151.315,-29.166],[151.316,-29.166],[151.316,-29.166],[151.317,-29.166],[151.317,-29.166],[151.317,-29.166],[151.318,-29.166],[151.319,-29.166],[151.32,-29.166],[151.331,-29.173],[151.334,-29.175],[151.336,-29.176],[151.336,-29.176],[151.337,-29.177],[151.347,-29.177],[151.353,-29.176],[151.355,-29.175],[151.357,-29.173],[151.357,-29.173],[151.358,-29.173],[151.362,-29.173],[151.377,-29.177],[151.378,-29.177],[151.378,-29.177],[151.379,-29.177],[151.379,-29.177],[151.382,-29.177],[151.388,-29.177],[151.395,-29.177],[151.411,-29.153],[151.419,-29.149],[151.424,-29.149],[151.425,-29.149],[151.426,-29.149],[151.426,-29.149],[151.426,-29.148],[151.426,-29.148],[151.427,-29.148],[151.428,-29.148],[151.43,-29.146],[151.434,-29.139],[151.435,-29.139],[151.435,-29.138],[151.436,-29.138],[151.436,-29.138],[151.444,-29.132],[151.449,-29.129],[151.458,-29.117],[151.459,-29.11],[151.46,-29.107],[151.461,-29.107],[151.461,-29.106],[151.461,-29.105],[151.462,-29.1],[151.464,-29.098],[151.475,-29.092],[151.478,-29.091],[151.48,-29.091],[151.48,-29.091],[151.48,-29.091],[151.481,-29.09],[151.482,-29.09],[151.485,-29.089],[151.486,-29.089],[151.486,-29.089],[151.486,-29.089],[151.487,-29.088],[151.487,-29.088],[151.487,-29.088],[151.487,-29.088],[151.487,-29.088],[151.487,-29.087],[151.492,-29.077],[151.494,-29.076],[151.494,-29.075],[151.495,-29.075],[151.495,-29.075],[151.495,-29.074],[151.496,-29.073],[151.503,-29.07],[151.492,-29.057],[151.497,-29.043],[151.495,-29.035],[151.496,-29.029],[151.498,-29.026],[151.498,-29.021],[151.498,-29.02],[151.498,-29.019],[151.499,-29.019],[151.499,-29.019],[151.499,-29.018],[151.5,-29.017],[151.5,-29.017],[151.5,-29.017],[151.5,-29.017],[151.501,-29.017],[151.501,-29.017],[151.501,-29.017],[151.501,-29.017],[151.501,-29.017],[151.502,-29.017],[151.502,-29.017],[151.502,-29.017],[151.502,-29.017],[151.502,-29.016],[151.503,-29.016],[151.503,-29.016],[151.503,-29.016],[151.503,-29.015],[151.503,-29.015],[151.503,-29.015],[151.503,-29.014],[151.504,-29.013],[151.507,-29.008],[151.517,-28.997],[151.522,-28.996],[151.525,-28.989],[151.525,-28.988],[151.526,-28.988],[151.526,-28.988],[151.528,-28.987],[151.532,-28.984],[151.536,-28.981],[151.537,-28.974],[151.541,-28.968],[151.542,-28.967],[151.543,-28.965],[151.544,-28.962],[151.545,-28.96],[151.545,-28.958],[151.545,-28.957],[151.545,-28.957],[151.545,-28.957],[151.544,-28.957],[151.544,-28.956],[151.544,-28.956],[151.545,-28.956],[151.545,-28.955],[151.545,-28.954],[151.545,-28.953],[151.546,-28.953],[151.546,-28.953],[151.547,-28.952],[151.548,-28.952],[151.548,-28.952],[151.549,-28.952],[151.549,-28.952],[151.549,-28.952],[151.561,-28.945],[151.563,-28.944],[151.567,-28.942],[151.567,-28.942],[151.57,-28.944],[151.575,-28.943],[151.576,-28.944],[151.577,-28.945],[151.579,-28.944],[151.58,-28.943],[151.581,-28.942],[151.582,-28.939],[151.588,-28.932],[151.591,-28.93],[151.603,-28.927],[151.605,-28.925],[151.612,-28.924],[151.637,-28.922],[151.666,-28.905],[151.675,-28.908],[151.678,-28.9],[151.681,-28.897],[151.683,-28.896],[151.686,-28.891],[151.686,-28.889],[151.688,-28.887],[151.696,-28.888],[151.698,-28.885],[151.699,-28.884],[151.702,-28.882],[151.707,-28.872],[151.71,-28.871],[151.711,-28.871],[151.714,-28.875],[151.715,-28.875],[151.717,-28.875],[151.717,-28.874],[151.719,-28.873],[151.723,-28.869],[151.725,-28.867],[151.727,-28.867],[151.729,-28.868],[151.732,-28.871],[151.734,-28.872],[151.734,-28.874],[151.733,-28.876],[151.734,-28.878],[151.734,-28.879],[151.732,-28.881],[151.732,-28.883],[151.737,-28.896],[151.741,-28.897],[151.74,-28.901],[151.743,-28.907],[151.747,-28.915],[151.762,-28.934],[151.766,-28.935],[151.77,-28.938],[151.772,-28.938],[151.773,-28.938],[151.77,-28.956],[151.778,-28.958],[151.79,-28.954],[151.794,-28.95],[151.796,-28.949],[151.798,-28.948],[151.799,-28.948],[151.806,-28.945],[151.815,-28.951],[151.814,-28.959],[151.834,-28.957],[151.84,-28.943],[151.836,-28.937],[151.835,-28.932],[151.836,-28.931],[151.837,-28.92],[151.838,-28.918],[151.838,-28.917],[151.84,-28.913],[151.841,-28.912],[151.841,-28.912],[151.842,-28.912],[151.847,-28.909],[151.859,-28.907],[151.868,-28.914],[151.896,-28.914],[151.913,-28.921],[151.917,-28.925],[151.915,-28.927],[151.916,-28.929],[151.919,-28.929],[151.922,-28.928],[151.923,-28.928],[151.927,-28.925],[151.937,-28.922],[151.94,-28.922],[151.942,-28.921],[151.945,-28.92],[151.952,-28.919],[151.956,-28.917],[151.968,-28.917],[151.972,-28.911],[151.981,-28.909],[151.983,-28.907],[151.997,-28.898],[151.998,-28.895],[151.999,-28.896],[152,-28.896],[152.001,-28.899],[152.001,-28.901],[152,-28.903],[152.001,-28.906],[152.001,-28.907],[152,-28.908],[152.001,-28.91],[152.004,-28.91],[152.01,-28.908],[152.01,-28.906],[152.011,-28.905],[152.012,-28.903],[152.013,-28.901],[152.015,-28.898],[152.016,-28.898],[152.016,-28.897],[152.024,-28.891],[152.03,-28.87],[152.038,-28.865],[152.037,-28.852],[152.03,-28.855],[152.029,-28.855],[152.028,-28.857],[152.028,-28.857],[152.027,-28.858],[152.026,-28.858],[152.023,-28.855],[152.018,-28.852],[152.017,-28.852],[152.016,-28.851],[152.015,-28.851],[152.016,-28.849],[152.017,-28.848],[152.018,-28.845],[152.023,-28.832],[152.028,-28.832],[152.033,-28.828],[152.037,-28.819],[152.035,-28.807],[152.04,-28.785],[152.041,-28.778],[152.037,-28.777],[152.038,-28.773],[152.038,-28.77],[152.039,-28.765],[152.036,-28.757],[152.039,-28.754],[152.041,-28.754],[152.042,-28.752],[152.044,-28.746],[152.046,-28.743],[152.046,-28.742],[152.048,-28.74],[152.048,-28.737],[152.046,-28.734],[152.045,-28.733],[152.043,-28.733],[152.043,-28.732],[152.044,-28.731],[152.047,-28.73],[152.048,-28.728],[152.054,-28.725],[152.062,-28.718],[152.071,-28.715],[152.076,-28.708],[152.068,-28.685],[152.053,-28.682],[152.039,-28.664],[152.021,-28.664],[152.016,-28.665],[152.014,-28.666],[152.01,-28.665],[152.01,-28.661],[152.009,-28.659],[152.008,-28.656],[152.006,-28.654],[152.006,-28.653],[152.006,-28.651],[152.004,-28.652],[152.003,-28.651],[152.002,-28.65],[151.991,-28.624],[151.991,-28.621],[151.994,-28.615],[151.994,-28.611],[151.986,-28.581],[151.958,-28.563],[151.956,-28.52],[151.962,-28.516],[151.978,-28.503],[151.983,-28.503],[151.986,-28.511],[151.984,-28.515],[151.985,-28.518],[151.987,-28.52],[151.988,-28.525],[151.988,-28.525],[151.989,-28.526],[151.99,-28.525],[151.991,-28.525],[151.992,-28.525],[151.993,-28.526],[151.995,-28.527],[151.997,-28.526],[151.998,-28.527],[152,-28.527],[152,-28.528],[151.999,-28.529],[152.017,-28.525],[152.02,-28.521],[152.02,-28.52],[152.019,-28.518],[152.02,-28.517],[152.022,-28.516],[152.023,-28.516],[152.024,-28.515],[152.024,-28.514],[152.024,-28.513],[152.025,-28.513],[152.027,-28.513],[152.029,-28.511],[152.03,-28.511],[152.031,-28.51],[152.036,-28.507],[152.037,-28.505],[152.04,-28.502],[152.043,-28.5],[152.046,-28.495],[152.067,-28.485],[152.069,-28.469],[152.08,-28.47],[152.085,-28.468],[152.088,-28.469],[152.09,-28.468],[152.09,-28.468],[152.091,-28.469],[152.091,-28.469],[152.092,-28.469],[152.094,-28.469],[152.095,-28.467],[152.096,-28.466],[152.098,-28.466],[152.106,-28.463],[152.122,-28.46],[152.142,-28.442],[152.147,-28.439],[152.151,-28.438],[152.155,-28.438],[152.155,-28.436],[152.157,-28.434],[152.161,-28.433],[152.162,-28.433],[152.165,-28.433],[152.175,-28.435],[152.186,-28.438],[152.19,-28.434],[152.195,-28.436],[152.205,-28.438],[152.217,-28.449],[152.222,-28.445],[152.222,-28.442],[152.226,-28.437],[152.229,-28.437],[152.231,-28.43],[152.238,-28.423],[152.239,-28.42],[152.239,-28.419],[152.239,-28.418],[152.242,-28.416],[152.243,-28.416],[152.26,-28.401],[152.261,-28.399],[152.261,-28.399],[152.262,-28.398],[152.263,-28.397],[152.264,-28.394],[152.265,-28.394],[152.268,-28.39],[152.268,-28.389],[152.269,-28.39],[152.27,-28.391],[152.271,-28.391],[152.277,-28.393],[152.285,-28.394],[152.289,-28.392],[152.29,-28.392],[152.289,-28.39],[152.29,-28.387],[152.29,-28.385],[152.29,-28.383],[152.291,-28.382],[152.293,-28.38],[152.294,-28.379],[152.307,-28.369],[152.312,-28.363],[152.342,-28.368],[152.342,-28.368],[152.343,-28.368],[152.345,-28.366],[152.348,-28.365],[152.349,-28.364],[152.35,-28.364],[152.353,-28.363],[152.354,-28.361],[152.356,-28.361],[152.359,-28.363],[152.361,-28.364],[152.365,-28.366],[152.385,-28.369],[152.388,-28.368],[152.388,-28.367],[152.388,-28.366],[152.388,-28.366],[152.39,-28.364],[152.391,-28.363],[152.391,-28.363],[152.392,-28.362],[152.395,-28.356],[152.397,-28.354],[152.397,-28.354],[152.397,-28.354],[152.397,-28.354],[152.397,-28.354],[152.399,-28.351],[152.4,-28.348],[152.41,-28.341],[152.415,-28.336],[152.416,-28.335],[152.417,-28.334],[152.417,-28.334],[152.417,-28.334],[152.417,-28.334],[152.417,-28.334],[152.417,-28.332],[152.417,-28.332],[152.417,-28.332],[152.417,-28.332],[152.417,-28.331],[152.417,-28.33],[152.416,-28.328],[152.415,-28.326],[152.415,-28.325],[152.414,-28.324],[152.414,-28.324],[152.413,-28.324],[152.413,-28.323],[152.411,-28.321],[152.411,-28.319],[152.411,-28.318],[152.411,-28.318],[152.411,-28.318],[152.411,-28.317],[152.41,-28.316],[152.411,-28.31],[152.413,-28.308],[152.413,-28.302],[152.415,-28.298],[152.415,-28.298],[152.416,-28.298],[152.416,-28.297],[152.416,-28.297],[152.416,-28.297],[152.417,-28.297],[152.417,-28.297],[152.417,-28.297],[152.418,-28.297],[152.42,-28.298],[152.422,-28.299],[152.423,-28.299],[152.423,-28.299],[152.423,-28.299],[152.424,-28.299],[152.424,-28.299],[152.424,-28.299],[152.425,-28.299],[152.425,-28.299],[152.425,-28.299],[152.427,-28.298],[152.427,-28.298],[152.428,-28.298],[152.429,-28.298],[152.432,-28.299],[152.433,-28.299],[152.433,-28.299],[152.434,-28.299],[152.434,-28.299],[152.435,-28.299],[152.436,-28.299],[152.437,-28.299],[152.438,-28.299],[152.439,-28.299],[152.439,-28.299],[152.442,-28.298],[152.445,-28.298],[152.443,-28.291],[152.443,-28.29],[152.444,-28.289],[152.444,-28.289],[152.444,-28.288],[152.444,-28.288],[152.444,-28.288],[152.444,-28.288],[152.445,-28.287],[152.445,-28.287],[152.445,-28.287],[152.445,-28.287],[152.445,-28.286],[152.445,-28.286],[152.445,-28.286],[152.445,-28.285],[152.448,-28.284],[152.448,-28.281],[152.454,-28.278],[152.456,-28.274],[152.458,-28.273],[152.46,-28.27],[152.46,-28.27],[152.46,-28.27],[152.461,-28.27],[152.461,-28.27],[152.462,-28.269],[152.461,-28.269],[152.461,-28.269],[152.461,-28.269],[152.461,-28.269],[152.461,-28.269],[152.46,-28.268],[152.46,-28.268],[152.46,-28.264],[152.464,-28.259],[152.467,-28.258],[152.468,-28.258],[152.469,-28.258],[152.469,-28.258],[152.47,-28.257],[152.472,-28.257],[152.473,-28.257],[152.473,-28.257],[152.473,-28.257],[152.473,-28.257],[152.474,-28.257],[152.474,-28.257],[152.475,-28.258],[152.477,-28.258],[152.484,-28.257],[152.484,-28.257],[152.484,-28.257],[152.485,-28.257],[152.485,-28.256],[152.486,-28.256],[152.488,-28.254]]]}},{"type":"Feature","properties":{"name":"Mcpherson"},"geometry":{"type":"Polygon","coordinates":[[[153.297,-28.234],[153.298,-28.235],[153.299,-28.236],[153.299,-28.236],[153.299,-28.236],[153.299,-28.237],[153.3,-28.238],[153.3,-28.238],[153.301,-28.238],[153.301,-28.238],[153.303,-28.239],[153.304,-28.24],[153.305,-28.24],[153.305,-28.24],[153.314,-28.237],[153.316,-28.239],[153.324,-28.236],[153.328,-28.237],[153.33,-28.237],[153.34,-28.25],[153.346,-28.248],[153.348,-28.249],[153.352,-28.249],[153.353,-28.249],[153.354,-28.249],[153.357,-28.25],[153.361,-28.248],[153.362,-28.248],[153.363,-28.248],[153.365,-28.247],[153.366,-28.247],[153.367,-28.246],[153.368,-28.246],[153.37,-28.245],[153.372,-28.243],[153.378,-28.24],[153.38,-28.24],[153.381,-28.239],[153.382,-28.238],[153.383,-28.237],[153.39,-28.235],[153.39,-28.234],[153.39,-28.233],[153.39,-28.232],[153.39,-28.231],[153.39,-28.23],[153.39,-28.229],[153.391,-28.229],[153.391,-28.228],[153.395,-28.223],[153.399,-28.218],[153.402,-28.215],[153.403,-28.214],[153.405,-28.212],[153.406,-28.212],[153.406,-28.211],[153.407,-28.21],[153.408,-28.21],[153.41,-28.21],[153.412,-28.209],[153.412,-28.209],[153.413,-28.209],[153.414,-28.208],[153.417,-28.206],[153.419,-28.202],[153.419,-28.2],[153.419,-28.2],[153.42,-28.199],[153.422,-28.199],[153.425,-28.197],[153.427,-28.195],[153.429,-28.194],[153.429,-28.193],[153.431,-28.191],[153.431,-28.191],[153.432,-28.191],[153.435,-28.188],[153.436,-28.187],[153.437,-28.187],[153.443,-28.184],[153.444,-28.184],[153.444,-28.184],[153.445,-28.184],[153.446,-28.184],[153.449,-28.183],[153.451,-28.182],[153.457,-28.181],[153.469,-28.163],[153.477,-28.157],[153.481,-28.158],[153.485,-28.158],[153.486,-28.157],[153.486,-28.157],[153.505,-28.165],[153.514,-28.168],[153.52,-28.171],[153.521,-28.171],[153.524,-28.172],[153.528,-28.174],[153.528,-28.174],[153.528,-28.174],[153.531,-28.175],[153.552,-28.164],[153.523,-28.166],[153.501,-28.149],[153.487,-28.128],[153.478,-28.126],[153.448,-28.076],[153.425,-28.073],[153.396,-28.031],[153.379,-28.035],[153.356,-28.049],[153.353,-28.088],[153.363,-28.086],[153.37,-28.106],[153.361,-28.126],[153.365,-28.133],[153.358,-28.157],[153.32,-28.188],[153.317,-28.207],[153.297,-28.234]]]}},{"type":"Feature","properties":{"name":"Moncrieff"},"geometry":{"type":"Polygon","coordinates":[[[153.448,-28.076],[153.438,-28.04],[153.431,-28.003],[153.43,-27.936],[153.434,-27.934],[153.424,-27.937],[153.413,-27.958],[153.384,-27.954],[153.377,-27.965],[153.347,-27.961],[153.344,-27.977],[153.317,-27.99],[153.286,-28.01],[153.324,-28.014],[153.352,-28.031],[153.356,-28.049],[153.379,-28.035],[153.396,-28.031],[153.425,-28.073],[153.448,-28.076]]]}},{"type":"Feature","properties":{"name":"Moreton"},"geometry":{"type":"Polygon","coordinates":[[[153.111,-27.594],[153.098,-27.575],[153.078,-27.563],[153.061,-27.543],[153.056,-27.526],[153.042,-27.514],[153.04,-27.502],[153.022,-27.5],[153.001,-27.508],[152.991,-27.52],[152.974,-27.506],[152.967,-27.513],[152.974,-27.544],[152.965,-27.544],[152.977,-27.557],[152.998,-27.595],[152.992,-27.606],[153.025,-27.613],[153.04,-27.599],[153.051,-27.611],[153.101,-27.618],[153.111,-27.594]]]}},{"type":"Feature","properties":{"name":"Oxley"},"geometry":{"type":"Polygon","coordinates":[[[153.025,-27.613],[152.992,-27.606],[152.998,-27.595],[152.977,-27.557],[152.965,-27.544],[152.95,-27.528],[152.927,-27.53],[152.924,-27.542],[152.909,-27.543],[152.895,-27.561],[152.896,-27.601],[152.876,-27.58],[152.86,-27.598],[152.855,-27.637],[152.872,-27.647],[152.876,-27.667],[152.893,-27.668],[152.915,-27.686],[152.928,-27.685],[152.932,-27.666],[152.925,-27.658],[152.936,-27.645],[152.941,-27.629],[152.973,-27.639],[152.997,-27.654],[153.019,-27.657],[153.015,-27.644],[153.025,-27.613]]]}},{"type":"Feature","properties":{"name":"Petrie"},"geometry":{"type":"Polygon","coordinates":[[[153.07,-27.277],[153.083,-27.259],[153.108,-27.262],[153.118,-27.232],[153.117,-27.198],[153.086,-27.206],[153.05,-27.195],[153.037,-27.197],[153.029,-27.179],[153.035,-27.164],[153.032,-27.153],[152.995,-27.15],[152.978,-27.152],[152.992,-27.211],[153.007,-27.239],[153.018,-27.249],[153.02,-27.282],[153.007,-27.301],[152.994,-27.334],[152.979,-27.348],[152.999,-27.357],[153.026,-27.365],[153.039,-27.339],[153.051,-27.33],[153.042,-27.303],[153.05,-27.278],[153.07,-27.277]]]}},{"type":"Feature","properties":{"name":"Rankin"},"geometry":{"type":"Polygon","coordinates":[[[153.174,-27.634],[153.184,-27.613],[153.176,-27.607],[153.156,-27.592],[153.123,-27.587],[153.111,-27.594],[153.101,-27.618],[153.051,-27.611],[153.04,-27.599],[153.025,-27.613],[153.015,-27.644],[153.019,-27.657],[153.017,-27.679],[153.032,-27.687],[153.078,-27.694],[153.099,-27.7],[153.125,-27.668],[153.155,-27.667],[153.164,-27.655],[153.163,-27.64],[153.174,-27.634]]]}},{"type":"Feature","properties":{"name":"Ryan"},"geometry":{"type":"Polygon","coordinates":[[[153.022,-27.5],[152.998,-27.491],[153.003,-27.477],[153.004,-27.476],[152.978,-27.45],[152.988,-27.439],[152.992,-27.413],[152.977,-27.401],[152.966,-27.397],[152.945,-27.406],[152.925,-27.393],[152.915,-27.406],[152.899,-27.404],[152.897,-27.417],[152.873,-27.414],[152.861,-27.422],[152.837,-27.419],[152.814,-27.402],[152.776,-27.402],[152.776,-27.389],[152.762,-27.372],[152.768,-27.335],[152.749,-27.332],[152.749,-27.319],[152.72,-27.323],[152.684,-27.349],[152.691,-27.37],[152.708,-27.352],[152.737,-27.373],[152.748,-27.423],[152.744,-27.46],[152.738,-27.465],[152.749,-27.495],[152.767,-27.488],[152.795,-27.497],[152.807,-27.493],[152.813,-27.478],[152.842,-27.496],[152.841,-27.516],[152.853,-27.542],[152.85,-27.566],[152.86,-27.598],[152.876,-27.58],[152.896,-27.601],[152.895,-27.561],[152.909,-27.543],[152.924,-27.542],[152.927,-27.53],[152.95,-27.528],[152.965,-27.544],[152.974,-27.544],[152.967,-27.513],[152.974,-27.506],[152.991,-27.52],[153.001,-27.508],[153.022,-27.5]]]}},{"type":"Feature","properties":{"name":"Wide Bay"},"geometry":{"type":"Polygon","coordinates":[[[153.096,-26.499],[153.099,-26.47],[153.115,-26.397],[153.117,-26.38],[153.08,-26.38],[153.069,-26.362],[153.061,-26.313],[153.068,-26.265],[153.077,-26.225],[153.097,-26.154],[153.113,-26.104],[153.149,-26.013],[153.185,-25.939],[153.164,-25.95],[153.138,-25.945],[153.108,-25.922],[153.09,-25.897],[153.077,-25.855],[153.073,-25.814],[153.081,-25.778],[153.089,-25.758],[153.08,-25.722],[153.077,-25.688],[153.079,-25.666],[153.093,-25.604],[153.108,-25.561],[153.142,-25.476],[153.212,-25.32],[153.265,-25.21],[153.325,-25.081],[153.351,-25.032],[153.358,-25.009],[153.353,-25.001],[153.351,-24.968],[153.325,-24.964],[153.297,-24.943],[153.284,-24.925],[153.27,-24.893],[153.261,-24.851],[153.26,-24.812],[153.267,-24.712],[153.265,-24.697],[153.264,-24.697],[153.264,-24.697],[153.259,-24.698],[153.258,-24.698],[153.251,-24.697],[153.251,-24.697],[153.251,-24.697],[153.251,-24.697],[153.241,-24.702],[153.241,-24.702],[153.24,-24.703],[153.24,-24.703],[153.227,-24.709],[153.226,-24.709],[153.222,-24.711],[153.222,-24.711],[153.213,-24.715],[153.213,-24.715],[153.213,-24.715],[153.213,-24.716],[153.212,-24.716],[153.211,-24.717],[153.211,-24.717],[153.203,-24.723],[153.203,-24.723],[153.202,-24.723],[153.202,-24.723],[153.193,-24.731],[153.192,-24.731],[153.191,-24.732],[153.191,-24.732],[153.178,-24.743],[153.178,-24.743],[153.171,-24.747],[153.171,-24.747],[153.171,-24.749],[153.17,-24.75],[153.164,-24.756],[153.155,-24.769],[153.12,-24.806],[153.145,-24.818],[153.175,-24.839],[153.197,-24.868],[153.229,-24.919],[153.233,-24.939],[153.223,-24.99],[153.2,-25.032],[153.168,-25.075],[153.168,-25.075],[153.125,-25.116],[153.073,-25.156],[153.031,-25.176],[153,-25.208],[152.995,-25.23],[152.995,-25.23],[153.017,-25.23],[153.031,-25.223],[153.032,-25.223],[153.044,-25.238],[153.048,-25.258],[153.048,-25.258],[153.05,-25.258],[153.05,-25.258],[153.04,-25.274],[153.046,-25.292],[153.05,-25.343],[153.046,-25.36],[153.034,-25.383],[153.034,-25.383],[153.034,-25.385],[152.922,-25.432],[152.906,-25.42],[152.896,-25.434],[152.869,-25.447],[152.866,-25.461],[152.849,-25.486],[152.824,-25.494],[152.806,-25.487],[152.787,-25.504],[152.764,-25.51],[152.752,-25.501],[152.742,-25.469],[152.726,-25.474],[152.684,-25.474],[152.673,-25.468],[152.65,-25.467],[152.639,-25.461],[152.627,-25.473],[152.603,-25.481],[152.574,-25.467],[152.498,-25.456],[152.493,-25.464],[152.464,-25.468],[152.45,-25.481],[152.422,-25.476],[152.406,-25.483],[152.401,-25.465],[152.411,-25.438],[152.416,-25.413],[152.396,-25.409],[152.39,-25.401],[152.364,-25.406],[152.328,-25.402],[152.299,-25.41],[152.273,-25.432],[152.26,-25.462],[152.262,-25.477],[152.273,-25.483],[152.27,-25.522],[152.215,-25.513],[152.193,-25.519],[152.179,-25.529],[152.165,-25.548],[152.164,-25.575],[152.152,-25.584],[152.129,-25.588],[152.111,-25.598],[152.112,-25.627],[152.093,-25.632],[152.073,-25.624],[152.041,-25.62],[152.038,-25.643],[152.011,-25.668],[152.017,-25.68],[152.016,-25.704],[151.982,-25.715],[151.98,-25.733],[151.995,-25.737],[151.997,-25.771],[151.986,-25.779],[151.986,-25.801],[151.96,-25.833],[151.948,-25.851],[151.929,-25.868],[151.901,-25.87],[151.893,-25.849],[151.863,-25.806],[151.853,-25.807],[151.829,-25.794],[151.814,-25.78],[151.811,-25.764],[151.8,-25.757],[151.79,-25.772],[151.778,-25.774],[151.762,-25.8],[151.775,-25.814],[151.765,-25.828],[151.773,-25.852],[151.774,-25.885],[151.781,-25.897],[151.78,-25.919],[151.763,-25.933],[151.748,-25.962],[151.748,-25.996],[151.742,-26.02],[151.753,-26.035],[151.723,-26.047],[151.735,-26.067],[151.721,-26.093],[151.724,-26.119],[151.744,-26.122],[151.746,-26.144],[151.758,-26.139],[151.798,-26.176],[151.81,-26.167],[151.824,-26.178],[151.83,-26.203],[151.848,-26.204],[151.869,-26.195],[151.872,-26.21],[151.885,-26.221],[151.894,-26.238],[151.893,-26.258],[151.908,-26.26],[151.918,-26.274],[151.901,-26.28],[151.888,-26.302],[151.981,-26.313],[151.977,-26.346],[152.009,-26.35],[152.001,-26.363],[152.012,-26.375],[152.066,-26.382],[152.073,-26.359],[152.096,-26.374],[152.12,-26.379],[152.121,-26.393],[152.149,-26.401],[152.167,-26.417],[152.174,-26.438],[152.168,-26.475],[152.195,-26.495],[152.206,-26.509],[152.231,-26.507],[152.233,-26.492],[152.253,-26.485],[152.259,-26.47],[152.284,-26.452],[152.319,-26.478],[152.371,-26.462],[152.377,-26.472],[152.403,-26.474],[152.412,-26.464],[152.443,-26.46],[152.439,-26.486],[152.444,-26.506],[152.436,-26.524],[152.443,-26.544],[152.44,-26.557],[152.457,-26.581],[152.52,-26.588],[152.511,-26.567],[152.554,-26.573],[152.575,-26.584],[152.626,-26.582],[152.644,-26.586],[152.66,-26.597],[152.68,-26.598],[152.681,-26.584],[152.728,-26.537],[152.745,-26.55],[152.767,-26.537],[152.76,-26.525],[152.762,-26.511],[152.745,-26.499],[152.766,-26.482],[152.758,-26.468],[152.803,-26.477],[152.814,-26.498],[152.869,-26.474],[152.892,-26.455],[152.922,-26.443],[152.945,-26.445],[152.966,-26.432],[153.006,-26.435],[153.031,-26.443],[153.039,-26.463],[153.057,-26.477],[153.083,-26.483],[153.096,-26.499]]]}},{"type":"Feature","properties":{"name":"Wright"},"geometry":{"type":"Polygon","coordinates":[[[153.297,-28.234],[153.317,-28.207],[153.32,-28.188],[153.358,-28.157],[153.365,-28.133],[153.361,-28.126],[153.37,-28.106],[153.363,-28.086],[153.353,-28.088],[153.356,-28.049],[153.352,-28.031],[153.324,-28.014],[153.286,-28.01],[153.317,-27.99],[153.344,-27.977],[153.322,-27.968],[153.318,-27.956],[153.299,-27.954],[153.305,-27.94],[153.292,-27.904],[153.268,-27.919],[153.244,-27.897],[153.212,-27.9],[153.181,-27.895],[153.189,-27.855],[153.173,-27.834],[153.183,-27.82],[153.176,-27.808],[153.16,-27.805],[153.159,-27.769],[153.139,-27.764],[153.138,-27.753],[153.12,-27.744],[153.086,-27.77],[153.058,-27.753],[153.052,-27.768],[153.03,-27.778],[153.013,-27.777],[153.025,-27.753],[153.03,-27.726],[152.987,-27.72],[153.002,-27.707],[153.006,-27.687],[153.017,-27.679],[153.019,-27.657],[152.997,-27.654],[152.973,-27.639],[152.941,-27.629],[152.936,-27.645],[152.925,-27.658],[152.932,-27.666],[152.928,-27.685],[152.923,-27.708],[152.891,-27.704],[152.883,-27.747],[152.857,-27.757],[152.808,-27.759],[152.803,-27.786],[152.785,-27.789],[152.761,-27.785],[152.758,-27.767],[152.708,-27.758],[152.704,-27.75],[152.684,-27.752],[152.663,-27.749],[152.656,-27.738],[152.638,-27.742],[152.608,-27.737],[152.598,-27.726],[152.529,-27.718],[152.523,-27.727],[152.519,-27.761],[152.499,-27.758],[152.494,-27.783],[152.467,-27.783],[152.462,-27.804],[152.451,-27.802],[152.44,-27.86],[152.402,-27.864],[152.392,-27.818],[152.409,-27.796],[152.389,-27.77],[152.392,-27.757],[152.405,-27.749],[152.413,-27.701],[152.391,-27.698],[152.396,-27.686],[152.411,-27.681],[152.431,-27.651],[152.455,-27.661],[152.465,-27.647],[152.472,-27.627],[152.488,-27.603],[152.504,-27.596],[152.497,-27.583],[152.512,-27.574],[152.519,-27.552],[152.492,-27.551],[152.499,-27.512],[152.475,-27.508],[152.48,-27.483],[152.458,-27.464],[152.436,-27.458],[152.436,-27.442],[152.399,-27.428],[152.402,-27.415],[152.373,-27.402],[152.315,-27.399],[152.31,-27.429],[152.294,-27.427],[152.291,-27.4],[152.263,-27.416],[152.261,-27.393],[152.192,-27.387],[152.196,-27.406],[152.18,-27.408],[152.177,-27.421],[152.148,-27.437],[152.137,-27.424],[152.1,-27.412],[152.094,-27.401],[152.071,-27.403],[152.055,-27.413],[152.029,-27.416],[152.019,-27.449],[152.006,-27.447],[151.992,-27.46],[151.967,-27.474],[151.968,-27.503],[151.955,-27.514],[151.998,-27.526],[151.988,-27.536],[152.001,-27.557],[151.995,-27.6],[151.978,-27.621],[151.948,-27.618],[151.942,-27.632],[151.956,-27.65],[151.972,-27.644],[151.985,-27.649],[151.992,-27.673],[152.01,-27.7],[152.034,-27.703],[152.032,-27.716],[152.049,-27.718],[152.074,-27.731],[152.087,-27.757],[152.101,-27.765],[152.132,-27.772],[152.147,-27.799],[152.14,-27.821],[152.152,-27.834],[152.148,-27.863],[152.171,-27.887],[152.176,-27.904],[152.188,-27.924],[152.203,-27.927],[152.215,-27.945],[152.254,-27.956],[152.277,-27.97],[152.299,-27.956],[152.328,-27.967],[152.343,-27.961],[152.382,-27.966],[152.388,-27.972],[152.378,-27.991],[152.375,-28.012],[152.39,-28.031],[152.395,-28.049],[152.39,-28.059],[152.416,-28.07],[152.418,-28.088],[152.409,-28.096],[152.411,-28.113],[152.426,-28.129],[152.442,-28.176],[152.456,-28.196],[152.473,-28.204],[152.459,-28.227],[152.482,-28.23],[152.492,-28.243],[152.487,-28.248],[152.488,-28.253],[152.488,-28.253],[152.488,-28.254],[152.493,-28.254],[152.502,-28.253],[152.504,-28.251],[152.506,-28.251],[152.508,-28.249],[152.51,-28.25],[152.516,-28.252],[152.517,-28.255],[152.516,-28.257],[152.519,-28.257],[152.52,-28.259],[152.52,-28.259],[152.521,-28.26],[152.521,-28.26],[152.521,-28.26],[152.521,-28.26],[152.522,-28.261],[152.522,-28.261],[152.522,-28.261],[152.523,-28.261],[152.524,-28.261],[152.527,-28.262],[152.529,-28.262],[152.529,-28.262],[152.53,-28.262],[152.53,-28.262],[152.53,-28.262],[152.532,-28.263],[152.532,-28.263],[152.532,-28.263],[152.532,-28.263],[152.533,-28.263],[152.534,-28.263],[152.534,-28.263],[152.534,-28.263],[152.534,-28.263],[152.535,-28.265],[152.535,-28.265],[152.535,-28.265],[152.535,-28.265],[152.535,-28.265],[152.535,-28.265],[152.535,-28.265],[152.536,-28.265],[152.537,-28.266],[152.529,-28.285],[152.529,-28.292],[152.529,-28.293],[152.529,-28.293],[152.529,-28.293],[152.529,-28.293],[152.529,-28.294],[152.529,-28.295],[152.529,-28.297],[152.529,-28.298],[152.529,-28.298],[152.529,-28.298],[152.529,-28.299],[152.528,-28.3],[152.528,-28.3],[152.528,-28.3],[152.527,-28.301],[152.526,-28.301],[152.525,-28.302],[152.525,-28.304],[152.525,-28.304],[152.525,-28.304],[152.525,-28.305],[152.526,-28.305],[152.526,-28.305],[152.526,-28.306],[152.526,-28.306],[152.526,-28.306],[152.526,-28.306],[152.526,-28.306],[152.526,-28.307],[152.528,-28.307],[152.529,-28.308],[152.531,-28.309],[152.532,-28.309],[152.532,-28.31],[152.533,-28.31],[152.535,-28.31],[152.537,-28.311],[152.537,-28.311],[152.538,-28.311],[152.538,-28.311],[152.538,-28.311],[152.539,-28.312],[152.54,-28.312],[152.54,-28.312],[152.54,-28.312],[152.54,-28.313],[152.541,-28.313],[152.548,-28.321],[152.572,-28.326],[152.574,-28.331],[152.575,-28.334],[152.576,-28.335],[152.576,-28.335],[152.577,-28.336],[152.577,-28.336],[152.577,-28.336],[152.579,-28.339],[152.579,-28.339],[152.579,-28.339],[152.579,-28.339],[152.579,-28.339],[152.58,-28.339],[152.581,-28.336],[152.582,-28.335],[152.582,-28.335],[152.582,-28.335],[152.582,-28.335],[152.583,-28.335],[152.583,-28.334],[152.583,-28.332],[152.585,-28.329],[152.593,-28.324],[152.598,-28.315],[152.598,-28.315],[152.602,-28.307],[152.598,-28.291],[152.6,-28.284],[152.605,-28.278],[152.611,-28.274],[152.614,-28.271],[152.618,-28.283],[152.621,-28.284],[152.621,-28.284],[152.621,-28.285],[152.622,-28.285],[152.622,-28.286],[152.622,-28.286],[152.623,-28.287],[152.623,-28.288],[152.623,-28.289],[152.623,-28.289],[152.624,-28.29],[152.623,-28.294],[152.625,-28.298],[152.626,-28.299],[152.627,-28.3],[152.627,-28.302],[152.628,-28.303],[152.629,-28.303],[152.63,-28.304],[152.631,-28.305],[152.634,-28.306],[152.638,-28.311],[152.644,-28.313],[152.646,-28.312],[152.647,-28.312],[152.648,-28.313],[152.649,-28.313],[152.649,-28.313],[152.651,-28.313],[152.667,-28.312],[152.673,-28.318],[152.674,-28.319],[152.673,-28.321],[152.673,-28.322],[152.673,-28.323],[152.674,-28.324],[152.673,-28.325],[152.674,-28.325],[152.674,-28.326],[152.674,-28.326],[152.675,-28.326],[152.679,-28.33],[152.686,-28.329],[152.692,-28.337],[152.699,-28.335],[152.708,-28.344],[152.709,-28.344],[152.709,-28.344],[152.709,-28.344],[152.709,-28.344],[152.71,-28.343],[152.71,-28.343],[152.713,-28.341],[152.716,-28.343],[152.72,-28.345],[152.723,-28.344],[152.741,-28.36],[152.742,-28.36],[152.742,-28.36],[152.742,-28.36],[152.742,-28.36],[152.742,-28.36],[152.742,-28.36],[152.742,-28.36],[152.743,-28.36],[152.744,-28.36],[152.745,-28.36],[152.746,-28.361],[152.746,-28.361],[152.746,-28.361],[152.746,-28.361],[152.747,-28.361],[152.747,-28.361],[152.747,-28.361],[152.748,-28.361],[152.748,-28.361],[152.748,-28.362],[152.748,-28.362],[152.748,-28.362],[152.748,-28.362],[152.749,-28.363],[152.749,-28.363],[152.75,-28.363],[152.75,-28.364],[152.751,-28.364],[152.751,-28.364],[152.753,-28.364],[152.754,-28.364],[152.754,-28.364],[152.755,-28.363],[152.755,-28.363],[152.756,-28.363],[152.757,-28.363],[152.758,-28.363],[152.758,-28.363],[152.758,-28.363],[152.762,-28.36],[152.762,-28.357],[152.759,-28.355],[152.759,-28.354],[152.759,-28.354],[152.759,-28.354],[152.759,-28.354],[152.759,-28.354],[152.759,-28.353],[152.759,-28.353],[152.76,-28.353],[152.76,-28.353],[152.76,-28.352],[152.76,-28.352],[152.76,-28.352],[152.761,-28.352],[152.761,-28.352],[152.765,-28.351],[152.766,-28.35],[152.766,-28.35],[152.767,-28.35],[152.767,-28.35],[152.767,-28.35],[152.768,-28.35],[152.77,-28.349],[152.77,-28.349],[152.77,-28.349],[152.77,-28.349],[152.771,-28.349],[152.772,-28.348],[152.772,-28.348],[152.772,-28.348],[152.773,-28.348],[152.773,-28.348],[152.773,-28.348],[152.776,-28.347],[152.782,-28.347],[152.788,-28.352],[152.791,-28.352],[152.792,-28.353],[152.792,-28.353],[152.793,-28.354],[152.793,-28.354],[152.793,-28.354],[152.793,-28.354],[152.793,-28.354],[152.793,-28.354],[152.793,-28.354],[152.794,-28.354],[152.794,-28.354],[152.797,-28.354],[152.799,-28.354],[152.799,-28.354],[152.799,-28.354],[152.8,-28.354],[152.8,-28.354],[152.8,-28.354],[152.801,-28.354],[152.801,-28.354],[152.801,-28.354],[152.802,-28.354],[152.804,-28.354],[152.804,-28.354],[152.805,-28.353],[152.806,-28.352],[152.808,-28.351],[152.808,-28.351],[152.808,-28.351],[152.808,-28.351],[152.809,-28.35],[152.808,-28.345],[152.808,-28.345],[152.808,-28.344],[152.809,-28.344],[152.809,-28.343],[152.809,-28.343],[152.809,-28.343],[152.811,-28.341],[152.813,-28.339],[152.818,-28.336],[152.832,-28.32],[152.849,-28.312],[152.85,-28.311],[152.851,-28.311],[152.851,-28.311],[152.851,-28.311],[152.852,-28.311],[152.852,-28.311],[152.852,-28.311],[152.853,-28.312],[152.855,-28.312],[152.857,-28.312],[152.858,-28.311],[152.858,-28.311],[152.86,-28.311],[152.861,-28.312],[152.866,-28.313],[152.875,-28.312],[152.878,-28.311],[152.88,-28.31],[152.881,-28.31],[152.881,-28.31],[152.882,-28.312],[152.889,-28.315],[152.893,-28.318],[152.894,-28.318],[152.894,-28.318],[152.894,-28.318],[152.894,-28.318],[152.894,-28.318],[152.894,-28.319],[152.894,-28.319],[152.894,-28.319],[152.894,-28.319],[152.895,-28.32],[152.895,-28.321],[152.896,-28.321],[152.896,-28.321],[152.896,-28.322],[152.896,-28.322],[152.897,-28.322],[152.897,-28.322],[152.897,-28.323],[152.898,-28.324],[152.898,-28.324],[152.899,-28.324],[152.899,-28.324],[152.899,-28.325],[152.899,-28.325],[152.899,-28.325],[152.9,-28.326],[152.903,-28.326],[152.909,-28.327],[152.91,-28.327],[152.91,-28.328],[152.911,-28.328],[152.911,-28.328],[152.911,-28.328],[152.915,-28.33],[152.919,-28.331],[152.92,-28.331],[152.92,-28.331],[152.921,-28.331],[152.922,-28.331],[152.924,-28.332],[152.933,-28.338],[152.938,-28.335],[152.939,-28.335],[152.939,-28.335],[152.939,-28.335],[152.94,-28.335],[152.94,-28.335],[152.941,-28.335],[152.942,-28.335],[152.942,-28.335],[152.942,-28.335],[152.943,-28.335],[152.943,-28.335],[152.944,-28.336],[152.945,-28.336],[152.945,-28.336],[152.945,-28.336],[152.948,-28.335],[152.949,-28.335],[152.949,-28.335],[152.949,-28.334],[152.95,-28.334],[152.95,-28.334],[152.95,-28.334],[152.95,-28.334],[152.951,-28.334],[152.951,-28.334],[152.974,-28.332],[152.983,-28.338],[152.983,-28.338],[152.984,-28.338],[152.984,-28.338],[152.985,-28.338],[152.988,-28.337],[152.988,-28.337],[152.988,-28.337],[152.989,-28.337],[152.989,-28.337],[152.989,-28.337],[152.99,-28.337],[152.99,-28.337],[152.991,-28.338],[152.992,-28.338],[152.992,-28.338],[152.992,-28.338],[152.996,-28.34],[153,-28.34],[153.001,-28.34],[153.001,-28.34],[153.001,-28.34],[153.001,-28.34],[153.001,-28.34],[153.002,-28.34],[153.009,-28.342],[153.02,-28.339],[153.03,-28.34],[153.031,-28.34],[153.031,-28.341],[153.032,-28.341],[153.034,-28.342],[153.036,-28.342],[153.038,-28.343],[153.038,-28.343],[153.039,-28.343],[153.049,-28.342],[153.05,-28.342],[153.05,-28.342],[153.051,-28.341],[153.051,-28.341],[153.052,-28.341],[153.053,-28.342],[153.053,-28.343],[153.053,-28.343],[153.054,-28.343],[153.055,-28.343],[153.056,-28.343],[153.056,-28.343],[153.056,-28.343],[153.057,-28.343],[153.058,-28.343],[153.065,-28.344],[153.066,-28.344],[153.066,-28.345],[153.066,-28.345],[153.067,-28.346],[153.068,-28.347],[153.068,-28.347],[153.068,-28.347],[153.071,-28.348],[153.071,-28.348],[153.071,-28.348],[153.071,-28.349],[153.072,-28.35],[153.074,-28.352],[153.078,-28.352],[153.081,-28.354],[153.081,-28.354],[153.082,-28.354],[153.082,-28.354],[153.082,-28.354],[153.083,-28.354],[153.083,-28.354],[153.083,-28.354],[153.084,-28.354],[153.087,-28.354],[153.088,-28.354],[153.088,-28.354],[153.089,-28.354],[153.089,-28.353],[153.091,-28.354],[153.092,-28.354],[153.093,-28.355],[153.094,-28.355],[153.094,-28.355],[153.095,-28.355],[153.095,-28.356],[153.097,-28.356],[153.099,-28.357],[153.099,-28.357],[153.1,-28.357],[153.1,-28.357],[153.101,-28.358],[153.101,-28.358],[153.102,-28.358],[153.102,-28.358],[153.102,-28.358],[153.103,-28.358],[153.103,-28.358],[153.103,-28.358],[153.104,-28.357],[153.105,-28.357],[153.105,-28.357],[153.105,-28.357],[153.108,-28.358],[153.109,-28.358],[153.109,-28.358],[153.109,-28.357],[153.111,-28.356],[153.111,-28.356],[153.111,-28.356],[153.112,-28.356],[153.112,-28.355],[153.113,-28.354],[153.114,-28.352],[153.115,-28.35],[153.114,-28.349],[153.115,-28.349],[153.115,-28.348],[153.115,-28.347],[153.115,-28.347],[153.116,-28.346],[153.116,-28.346],[153.116,-28.346],[153.116,-28.344],[153.116,-28.344],[153.117,-28.344],[153.117,-28.343],[153.117,-28.343],[153.119,-28.342],[153.119,-28.342],[153.119,-28.342],[153.12,-28.342],[153.121,-28.341],[153.121,-28.341],[153.122,-28.341],[153.122,-28.341],[153.124,-28.34],[153.125,-28.339],[153.125,-28.338],[153.126,-28.337],[153.126,-28.337],[153.126,-28.336],[153.126,-28.336],[153.127,-28.335],[153.128,-28.333],[153.13,-28.331],[153.13,-28.33],[153.13,-28.33],[153.13,-28.33],[153.13,-28.329],[153.129,-28.329],[153.129,-28.329],[153.129,-28.328],[153.128,-28.328],[153.126,-28.326],[153.125,-28.324],[153.124,-28.323],[153.124,-28.321],[153.124,-28.319],[153.124,-28.319],[153.125,-28.319],[153.125,-28.318],[153.126,-28.318],[153.133,-28.317],[153.135,-28.312],[153.144,-28.311],[153.143,-28.305],[153.144,-28.305],[153.144,-28.304],[153.145,-28.304],[153.147,-28.304],[153.152,-28.302],[153.155,-28.296],[153.161,-28.28],[153.161,-28.28],[153.161,-28.28],[153.161,-28.279],[153.163,-28.279],[153.163,-28.279],[153.164,-28.279],[153.164,-28.279],[153.167,-28.277],[153.167,-28.277],[153.168,-28.277],[153.168,-28.277],[153.169,-28.277],[153.17,-28.276],[153.17,-28.276],[153.17,-28.276],[153.171,-28.276],[153.171,-28.276],[153.172,-28.276],[153.172,-28.276],[153.175,-28.275],[153.175,-28.275],[153.175,-28.274],[153.175,-28.274],[153.175,-28.273],[153.175,-28.269],[153.174,-28.268],[153.174,-28.268],[153.174,-28.268],[153.174,-28.267],[153.174,-28.266],[153.172,-28.264],[153.172,-28.26],[153.172,-28.26],[153.172,-28.259],[153.172,-28.259],[153.172,-28.259],[153.173,-28.258],[153.173,-28.257],[153.173,-28.257],[153.174,-28.256],[153.176,-28.254],[153.176,-28.253],[153.176,-28.253],[153.175,-28.252],[153.175,-28.252],[153.175,-28.251],[153.178,-28.247],[153.184,-28.246],[153.186,-28.247],[153.187,-28.247],[153.187,-28.247],[153.188,-28.248],[153.188,-28.248],[153.189,-28.248],[153.191,-28.25],[153.197,-28.256],[153.208,-28.254],[153.208,-28.254],[153.209,-28.255],[153.21,-28.256],[153.21,-28.256],[153.211,-28.257],[153.211,-28.257],[153.212,-28.257],[153.212,-28.258],[153.213,-28.259],[153.214,-28.26],[153.217,-28.262],[153.218,-28.262],[153.218,-28.263],[153.218,-28.263],[153.22,-28.263],[153.222,-28.263],[153.224,-28.264],[153.225,-28.264],[153.233,-28.265],[153.235,-28.263],[153.235,-28.259],[153.235,-28.259],[153.236,-28.257],[153.236,-28.257],[153.237,-28.255],[153.237,-28.254],[153.238,-28.253],[153.239,-28.252],[153.239,-28.252],[153.242,-28.249],[153.243,-28.249],[153.244,-28.248],[153.244,-28.248],[153.264,-28.244],[153.269,-28.239],[153.274,-28.238],[153.277,-28.234],[153.278,-28.234],[153.278,-28.234],[153.279,-28.234],[153.279,-28.234],[153.279,-28.234],[153.28,-28.234],[153.281,-28.234],[153.285,-28.235],[153.286,-28.235],[153.286,-28.235],[153.287,-28.235],[153.288,-28.235],[153.288,-28.235],[153.289,-28.235],[153.289,-28.235],[153.289,-28.235],[153.29,-28.235],[153.291,-28.234],[153.295,-28.234],[153.296,-28.234],[153.297,-28.234],[153.297,-28.234]]]}},{"type":"Feature","properties":{"name":"Lingiari"},"geometry":{"type":"MultiPolygon","coordinates":[[[[130.956,-12.534],[130.947,-12.542],[130.929,-12.534],[130.93,-12.518],[130.923,-12.509],[130.885,-12.521],[130.872,-12.515],[130.885,-12.575],[130.912,-12.575],[130.929,-12.584],[130.956,-12.62],[130.955,-12.637],[130.945,-12.638],[130.933,-12.611],[130.917,-12.606],[130.882,-12.606],[130.868,-12.601],[130.843,-12.567],[130.842,-12.556],[130.816,-12.558],[130.81,-12.54],[130.8,-12.539],[130.781,-12.562],[130.768,-12.56],[130.774,-12.543],[130.769,-12.527],[130.778,-12.51],[130.771,-12.494],[130.757,-12.482],[130.766,-12.44],[130.753,-12.429],[130.726,-12.428],[130.706,-12.414],[130.684,-12.416],[130.655,-12.395],[130.617,-12.387],[130.591,-12.404],[130.579,-12.405],[130.588,-12.426],[130.609,-12.43],[130.618,-12.444],[130.592,-12.455],[130.581,-12.465],[130.604,-12.488],[130.605,-12.502],[130.589,-12.501],[130.566,-12.567],[130.574,-12.597],[130.585,-12.59],[130.606,-12.605],[130.605,-12.614],[130.588,-12.629],[130.581,-12.622],[130.546,-12.63],[130.573,-12.652],[130.573,-12.664],[130.585,-12.681],[130.597,-12.671],[130.612,-12.677],[130.622,-12.672],[130.633,-12.686],[130.654,-12.692],[130.683,-12.717],[130.707,-12.723],[130.69,-12.734],[130.669,-12.724],[130.661,-12.715],[130.641,-12.712],[130.609,-12.723],[130.583,-12.719],[130.573,-12.709],[130.555,-12.702],[130.536,-12.713],[130.52,-12.704],[130.518,-12.681],[130.509,-12.664],[130.492,-12.667],[130.459,-12.639],[130.443,-12.644],[130.434,-12.636],[130.41,-12.655],[130.396,-12.661],[130.396,-12.68],[130.365,-12.678],[130.352,-12.67],[130.346,-12.715],[130.356,-12.735],[130.352,-12.763],[130.353,-12.795],[130.358,-12.807],[130.348,-12.848],[130.333,-12.882],[130.332,-12.895],[130.315,-12.902],[130.303,-12.917],[130.261,-12.942],[130.223,-12.949],[130.205,-12.942],[130.193,-12.928],[130.193,-12.913],[130.176,-12.91],[130.159,-12.929],[130.141,-12.933],[130.139,-12.95],[130.129,-12.967],[130.138,-12.985],[130.14,-13.007],[130.129,-13.033],[130.12,-13.089],[130.134,-13.105],[130.119,-13.133],[130.116,-13.164],[130.131,-13.177],[130.16,-13.175],[130.215,-13.236],[130.227,-13.253],[130.239,-13.282],[130.191,-13.394],[130.163,-13.436],[130.142,-13.457],[130.117,-13.466],[130.106,-13.456],[130.067,-13.497],[130.019,-13.529],[129.995,-13.536],[129.962,-13.536],[129.928,-13.528],[129.901,-13.501],[129.9,-13.46],[129.887,-13.449],[129.869,-13.48],[129.875,-13.498],[129.827,-13.515],[129.832,-13.557],[129.819,-13.606],[129.79,-13.667],[129.784,-13.72],[129.791,-13.728],[129.785,-13.764],[129.794,-13.778],[129.762,-13.811],[129.74,-13.827],[129.723,-13.848],[129.715,-13.893],[129.735,-13.898],[129.747,-13.919],[129.746,-13.946],[129.752,-13.951],[129.746,-13.975],[129.719,-14.015],[129.7,-14.021],[129.656,-14.043],[129.629,-14.046],[129.596,-14.026],[129.591,-14.034],[129.612,-14.054],[129.611,-14.064],[129.595,-14.091],[129.582,-14.093],[129.571,-14.081],[129.559,-14.095],[129.554,-14.118],[129.557,-14.142],[129.542,-14.145],[129.53,-14.134],[129.53,-14.114],[129.542,-14.09],[129.534,-14.057],[129.514,-14.07],[129.498,-14.061],[129.502,-14.102],[129.493,-14.131],[129.473,-14.176],[129.442,-14.213],[129.422,-14.233],[129.409,-14.236],[129.414,-14.283],[129.394,-14.317],[129.382,-14.322],[129.367,-14.34],[129.374,-14.355],[129.361,-14.382],[129.362,-14.398],[129.356,-14.419],[129.384,-14.42],[129.407,-14.433],[129.421,-14.45],[129.418,-14.459],[129.434,-14.477],[129.45,-14.482],[129.451,-14.504],[129.473,-14.494],[129.488,-14.502],[129.514,-14.53],[129.521,-14.547],[129.556,-14.552],[129.567,-14.563],[129.61,-14.568],[129.654,-14.58],[129.669,-14.58],[129.701,-14.564],[129.765,-14.543],[129.772,-14.55],[129.741,-14.579],[129.718,-14.584],[129.692,-14.613],[129.632,-14.611],[129.603,-14.615],[129.585,-14.614],[129.581,-14.641],[129.598,-14.674],[129.617,-14.679],[129.645,-14.715],[129.665,-14.726],[129.666,-14.756],[129.68,-14.767],[129.71,-14.779],[129.734,-14.794],[129.775,-14.782],[129.774,-14.774],[129.794,-14.756],[129.792,-14.777],[129.773,-14.798],[129.754,-14.803],[129.749,-14.815],[129.758,-14.824],[129.785,-14.827],[129.801,-14.819],[129.821,-14.818],[129.856,-14.786],[129.884,-14.771],[129.903,-14.773],[129.877,-14.807],[129.886,-14.814],[129.846,-14.829],[129.844,-14.843],[129.816,-14.856],[129.801,-14.858],[129.76,-14.845],[129.743,-14.851],[129.708,-14.852],[129.684,-14.849],[129.658,-14.836],[129.632,-14.844],[129.622,-14.829],[129.58,-14.798],[129.574,-14.807],[129.588,-14.842],[129.617,-14.869],[129.618,-14.882],[129.592,-14.891],[129.576,-14.856],[129.534,-14.807],[129.506,-14.789],[129.5,-14.803],[129.53,-14.844],[129.536,-14.869],[129.547,-14.88],[129.584,-14.942],[129.59,-14.962],[129.608,-14.948],[129.624,-14.956],[129.621,-14.999],[129.641,-15.042],[129.642,-15.079],[129.652,-15.099],[129.686,-15.131],[129.685,-15.143],[129.671,-15.149],[129.657,-15.14],[129.626,-15.138],[129.612,-15.154],[129.582,-15.154],[129.564,-15.18],[129.557,-15.171],[129.56,-15.155],[129.598,-15.133],[129.604,-15.108],[129.571,-15.064],[129.538,-15.034],[129.525,-15.028],[129.522,-15.006],[129.475,-14.937],[129.442,-14.924],[129.409,-14.919],[129.391,-14.909],[129.367,-14.903],[129.354,-14.876],[129.304,-14.857],[129.257,-14.865],[129.263,-14.85],[129.238,-14.839],[129.225,-14.841],[129.222,-14.855],[129.229,-14.87],[129.235,-14.914],[129.232,-14.951],[129.241,-14.98],[129.236,-15.014],[129.249,-15.018],[129.266,-15.033],[129.254,-15.04],[129.251,-15.056],[129.236,-15.068],[129.247,-15.096],[129.235,-15.109],[129.238,-15.129],[129.227,-15.135],[129.216,-15.153],[129.228,-15.163],[129.226,-15.177],[129.206,-15.159],[129.194,-15.156],[129.187,-15.174],[129.171,-15.196],[129.157,-15.186],[129.175,-15.166],[129.174,-15.149],[129.185,-15.142],[129.201,-15.121],[129.189,-15.1],[129.17,-15.052],[129.17,-15.036],[129.181,-15.022],[129.188,-14.986],[129.153,-14.967],[129.131,-14.949],[129.11,-14.961],[129.113,-14.934],[129.092,-14.907],[129.066,-14.891],[129.044,-14.902],[129.032,-14.886],[129.001,-14.879],[129.001,-14.996],[129.001,-15.263],[129,-15.387],[129,-15.609],[129,-15.859],[129,-16.2],[129,-16.486],[129,-16.781],[129,-17.077],[129,-17.372],[129,-17.668],[129,-17.999],[129.001,-18.241],[129.001,-18.683],[129,-19.019],[129.001,-19.084],[129.001,-19.999],[129.001,-20.999],[129,-21.232],[129.001,-21.999],[129.001,-22.248],[129.001,-22.999],[129.001,-23.021],[129.001,-23.44],[129.001,-23.665],[129.001,-23.832],[129.001,-23.999],[129.001,-24.082],[129.001,-24.332],[129.001,-24.582],[129.001,-24.832],[129.001,-24.999],[129.001,-25.082],[129.001,-25.332],[129.001,-25.582],[129.001,-25.832],[129.001,-25.999],[129.002,-25.999],[129.307,-25.999],[129.503,-25.999],[129.801,-25.999],[130.105,-25.999],[130.499,-25.999],[130.743,-25.999],[131.048,-25.999],[131.372,-25.999],[131.751,-25.999],[131.954,-25.999],[132.045,-25.999],[132.415,-25.999],[132.993,-25.999],[133.315,-25.999],[133.615,-25.999],[134.149,-25.999],[134.272,-25.999],[134.774,-25.999],[135.167,-25.999],[135.401,-25.999],[135.799,-25.999],[136.083,-25.998],[136.249,-25.998],[136.501,-25.998],[136.666,-25.998],[136.999,-25.998],[137.166,-25.998],[137.416,-25.997],[137.749,-25.997],[137.999,-25.997],[137.999,-25.583],[137.999,-25.457],[137.997,-25.138],[137.999,-24.916],[137.999,-24.833],[137.999,-24.25],[137.999,-24.166],[137.999,-23.917],[137.998,-23.833],[137.998,-23.583],[137.998,-23.521],[137.998,-23.417],[137.998,-23],[137.998,-22.768],[137.998,-22.419],[137.998,-22.002],[137.998,-21.84],[137.997,-21.506],[137.997,-21.173],[137.997,-20.94],[137.997,-20.745],[137.997,-20.506],[137.997,-20.224],[137.996,-20.006],[137.996,-19.852],[137.996,-19.602],[137.996,-19.293],[137.996,-19.102],[137.997,-18.868],[137.996,-18.616],[137.996,-18.178],[137.995,-17.998],[137.995,-17.611],[137.994,-17.453],[137.995,-17.044],[137.995,-16.539],[137.952,-16.503],[137.94,-16.485],[137.886,-16.445],[137.862,-16.423],[137.83,-16.372],[137.814,-16.358],[137.805,-16.34],[137.79,-16.326],[137.769,-16.286],[137.749,-16.265],[137.73,-16.232],[137.681,-16.222],[137.653,-16.208],[137.602,-16.185],[137.551,-16.169],[137.546,-16.175],[137.507,-16.165],[137.485,-16.164],[137.454,-16.147],[137.426,-16.139],[137.409,-16.144],[137.388,-16.127],[137.367,-16.122],[137.33,-16.105],[137.308,-16.09],[137.305,-16.078],[137.286,-16.06],[137.251,-16.01],[137.207,-16.001],[137.158,-15.969],[137.12,-15.953],[137.11,-15.955],[137.084,-15.944],[137.048,-15.922],[137.004,-15.874],[136.99,-15.876],[136.978,-15.851],[136.955,-15.874],[136.931,-15.885],[136.914,-15.898],[136.917,-15.914],[136.927,-15.923],[136.917,-15.936],[136.906,-15.927],[136.87,-15.923],[136.855,-15.907],[136.838,-15.909],[136.824,-15.9],[136.773,-15.906],[136.769,-15.89],[136.729,-15.932],[136.706,-15.931],[136.692,-15.897],[136.715,-15.877],[136.713,-15.855],[136.695,-15.831],[136.677,-15.815],[136.67,-15.794],[136.653,-15.792],[136.648,-15.772],[136.684,-15.777],[136.687,-15.764],[136.714,-15.726],[136.722,-15.696],[136.709,-15.695],[136.697,-15.684],[136.682,-15.685],[136.644,-15.672],[136.631,-15.698],[136.607,-15.709],[136.585,-15.725],[136.56,-15.727],[136.564,-15.742],[136.541,-15.739],[136.538,-15.731],[136.505,-15.706],[136.469,-15.666],[136.435,-15.647],[136.412,-15.626],[136.391,-15.627],[136.376,-15.616],[136.357,-15.616],[136.321,-15.602],[136.317,-15.59],[136.29,-15.572],[136.27,-15.536],[136.264,-15.498],[136.254,-15.484],[136.242,-15.449],[136.24,-15.416],[136.203,-15.392],[136.165,-15.392],[136.138,-15.369],[136.097,-15.353],[136.072,-15.339],[136.044,-15.315],[136.032,-15.312],[135.995,-15.291],[135.982,-15.287],[135.967,-15.272],[135.925,-15.249],[135.9,-15.216],[135.863,-15.183],[135.805,-15.154],[135.743,-15.114],[135.724,-15.116],[135.716,-15.103],[135.69,-15.078],[135.67,-15.072],[135.667,-15.06],[135.64,-15.044],[135.612,-15.052],[135.578,-15.044],[135.577,-15.039],[135.525,-15.009],[135.503,-14.988],[135.47,-14.97],[135.437,-14.915],[135.433,-14.901],[135.409,-14.864],[135.412,-14.849],[135.394,-14.81],[135.394,-14.772],[135.382,-14.726],[135.393,-14.719],[135.405,-14.736],[135.418,-14.734],[135.442,-14.702],[135.465,-14.676],[135.486,-14.667],[135.494,-14.675],[135.519,-14.653],[135.534,-14.658],[135.54,-14.643],[135.525,-14.639],[135.524,-14.603],[135.533,-14.571],[135.544,-14.549],[135.575,-14.509],[135.589,-14.506],[135.589,-14.489],[135.6,-14.468],[135.599,-14.457],[135.618,-14.429],[135.673,-14.415],[135.668,-14.399],[135.679,-14.386],[135.707,-14.34],[135.713,-14.324],[135.73,-14.297],[135.719,-14.286],[135.748,-14.277],[135.766,-14.261],[135.777,-14.242],[135.789,-14.232],[135.816,-14.229],[135.836,-14.211],[135.881,-14.181],[135.881,-14.171],[135.89,-14.121],[135.891,-14.094],[135.905,-14.075],[135.913,-14.042],[135.915,-14.009],[135.909,-13.996],[135.918,-13.978],[135.945,-13.952],[135.957,-13.947],[135.97,-13.914],[135.989,-13.896],[135.994,-13.877],[135.991,-13.86],[136.015,-13.831],[136.006,-13.792],[136.02,-13.753],[136.035,-13.747],[136.034,-13.716],[136.053,-13.697],[136.055,-13.681],[136.077,-13.67],[136.073,-13.657],[136.052,-13.645],[136.032,-13.663],[136.034,-13.682],[136.012,-13.689],[136.006,-13.71],[135.988,-13.717],[135.978,-13.732],[135.956,-13.743],[135.913,-13.745],[135.889,-13.728],[135.878,-13.7],[135.901,-13.68],[135.914,-13.683],[135.907,-13.658],[135.891,-13.67],[135.872,-13.659],[135.865,-13.622],[135.846,-13.615],[135.835,-13.591],[135.84,-13.566],[135.855,-13.567],[135.866,-13.556],[135.866,-13.537],[135.855,-13.52],[135.862,-13.494],[135.858,-13.484],[135.864,-13.469],[135.858,-13.447],[135.863,-13.435],[135.883,-13.425],[135.913,-13.444],[135.918,-13.46],[135.936,-13.458],[135.929,-13.442],[135.942,-13.435],[135.961,-13.446],[135.969,-13.411],[135.926,-13.418],[135.919,-13.404],[135.921,-13.384],[135.88,-13.362],[135.881,-13.341],[135.893,-13.312],[135.909,-13.301],[135.912,-13.281],[135.919,-13.27],[135.948,-13.252],[135.954,-13.267],[135.97,-13.267],[135.976,-13.232],[136,-13.213],[136.017,-13.218],[136.03,-13.244],[136.041,-13.292],[136.062,-13.263],[136.049,-13.243],[136.062,-13.226],[136.082,-13.235],[136.08,-13.206],[136.108,-13.172],[136.098,-13.166],[136.103,-13.153],[136.121,-13.145],[136.125,-13.133],[136.143,-13.124],[136.153,-13.148],[136.144,-13.192],[136.137,-13.213],[136.148,-13.22],[136.146,-13.237],[136.152,-13.247],[136.178,-13.234],[136.185,-13.245],[136.201,-13.247],[136.214,-13.233],[136.215,-13.209],[136.236,-13.188],[136.243,-13.169],[136.221,-13.151],[136.223,-13.135],[136.283,-13.168],[136.31,-13.166],[136.316,-13.159],[136.307,-13.144],[136.321,-13.12],[136.307,-13.094],[136.309,-13.072],[136.336,-13.045],[136.365,-13.056],[136.371,-13.079],[136.364,-13.093],[136.37,-13.107],[136.357,-13.117],[136.371,-13.141],[136.356,-13.148],[136.369,-13.166],[136.366,-13.197],[136.379,-13.205],[136.387,-13.232],[136.372,-13.251],[136.351,-13.247],[136.328,-13.25],[136.339,-13.271],[136.334,-13.288],[136.32,-13.295],[136.335,-13.324],[136.345,-13.324],[136.387,-13.267],[136.401,-13.242],[136.416,-13.234],[136.454,-13.224],[136.447,-13.248],[136.456,-13.255],[136.476,-13.234],[136.472,-13.215],[136.48,-13.187],[136.48,-13.169],[136.493,-13.15],[136.511,-13.139],[136.529,-13.147],[136.546,-13.094],[136.567,-13.059],[136.538,-13.056],[136.53,-13.034],[136.535,-13.024],[136.509,-13.013],[136.508,-12.996],[136.48,-12.998],[136.454,-12.992],[136.461,-12.974],[136.492,-12.992],[136.516,-12.977],[136.527,-12.986],[136.538,-12.972],[136.552,-12.965],[136.565,-12.979],[136.558,-12.988],[136.569,-12.999],[136.567,-13.015],[136.583,-13.018],[136.582,-12.999],[136.598,-12.99],[136.597,-12.98],[136.616,-12.967],[136.628,-12.973],[136.633,-13.014],[136.653,-13.016],[136.666,-13.004],[136.647,-12.993],[136.641,-12.982],[136.635,-12.952],[136.625,-12.953],[136.613,-12.94],[136.559,-12.914],[136.549,-12.918],[136.544,-12.892],[136.533,-12.88],[136.51,-12.868],[136.506,-12.851],[136.483,-12.843],[136.478,-12.832],[136.488,-12.801],[136.469,-12.795],[136.466,-12.783],[136.484,-12.768],[136.519,-12.807],[136.535,-12.792],[136.526,-12.774],[136.525,-12.756],[136.538,-12.742],[136.567,-12.763],[136.582,-12.767],[136.581,-12.799],[136.585,-12.818],[136.613,-12.832],[136.609,-12.815],[136.614,-12.793],[136.625,-12.775],[136.621,-12.757],[136.603,-12.747],[136.609,-12.718],[136.629,-12.7],[136.649,-12.703],[136.663,-12.712],[136.671,-12.705],[136.694,-12.711],[136.696,-12.699],[136.681,-12.688],[136.678,-12.668],[136.692,-12.63],[136.704,-12.61],[136.729,-12.584],[136.748,-12.574],[136.755,-12.558],[136.741,-12.555],[136.735,-12.571],[136.714,-12.572],[136.72,-12.554],[136.739,-12.554],[136.745,-12.535],[136.74,-12.511],[136.722,-12.492],[136.761,-12.466],[136.779,-12.45],[136.793,-12.451],[136.796,-12.49],[136.776,-12.497],[136.775,-12.511],[136.761,-12.526],[136.774,-12.533],[136.782,-12.522],[136.806,-12.503],[136.844,-12.453],[136.87,-12.425],[136.89,-12.413],[136.904,-12.389],[136.946,-12.369],[136.927,-12.342],[136.938,-12.323],[136.926,-12.295],[136.927,-12.281],[136.9,-12.277],[136.901,-12.248],[136.885,-12.246],[136.874,-12.221],[136.856,-12.212],[136.821,-12.213],[136.788,-12.179],[136.782,-12.159],[136.751,-12.164],[136.728,-12.172],[136.724,-12.183],[136.703,-12.187],[136.723,-12.212],[136.762,-12.233],[136.741,-12.273],[136.719,-12.273],[136.712,-12.286],[136.683,-12.281],[136.663,-12.282],[136.648,-12.269],[136.646,-12.235],[136.625,-12.225],[136.6,-12.203],[136.597,-12.185],[136.577,-12.146],[136.587,-12.126],[136.583,-12.114],[136.589,-12.093],[136.571,-12.087],[136.554,-12.063],[136.538,-12.021],[136.532,-11.994],[136.512,-11.989],[136.502,-11.999],[136.496,-12.021],[136.482,-12.021],[136.464,-12.006],[136.455,-12.006],[136.449,-11.985],[136.469,-11.985],[136.473,-11.961],[136.495,-11.959],[136.534,-11.948],[136.553,-11.939],[136.582,-11.914],[136.574,-11.902],[136.562,-11.918],[136.53,-11.919],[136.524,-11.939],[136.486,-11.953],[136.463,-11.95],[136.45,-11.94],[136.445,-11.957],[136.431,-11.971],[136.415,-11.958],[136.385,-11.997],[136.384,-12.01],[136.37,-12.028],[136.359,-12.023],[136.332,-12.059],[136.326,-12.05],[136.302,-12.049],[136.265,-12.067],[136.267,-12.073],[136.247,-12.1],[136.246,-12.111],[136.232,-12.117],[136.224,-12.132],[136.213,-12.131],[136.211,-12.151],[136.197,-12.162],[136.172,-12.159],[136.17,-12.192],[136.189,-12.196],[136.212,-12.184],[136.241,-12.214],[136.293,-12.205],[136.316,-12.211],[136.326,-12.203],[136.339,-12.205],[136.356,-12.225],[136.364,-12.257],[136.344,-12.262],[136.354,-12.274],[136.334,-12.316],[136.326,-12.344],[136.304,-12.369],[136.311,-12.382],[136.304,-12.4],[136.268,-12.433],[136.223,-12.462],[136.196,-12.468],[136.16,-12.463],[136.156,-12.44],[136.141,-12.439],[136.092,-12.458],[136.081,-12.457],[136.065,-12.43],[136.047,-12.454],[136.046,-12.471],[136.031,-12.475],[136.005,-12.456],[135.996,-12.44],[136.007,-12.422],[136.003,-12.401],[135.975,-12.397],[135.973,-12.377],[135.986,-12.361],[135.995,-12.361],[136.005,-12.338],[136.021,-12.315],[136.007,-12.296],[136.028,-12.291],[136.033,-12.272],[136.049,-12.273],[136.061,-12.241],[136.044,-12.233],[136.01,-12.243],[136.002,-12.268],[135.966,-12.273],[135.955,-12.261],[135.956,-12.249],[135.931,-12.235],[135.929,-12.221],[135.946,-12.197],[135.962,-12.182],[135.974,-12.186],[135.977,-12.166],[136.002,-12.13],[136.012,-12.124],[136.028,-12.087],[136.011,-12.08],[135.997,-12.093],[136.004,-12.101],[136.001,-12.118],[135.93,-12.162],[135.911,-12.152],[135.901,-12.165],[135.896,-12.186],[135.882,-12.177],[135.884,-12.155],[135.869,-12.156],[135.854,-12.183],[135.824,-12.186],[135.81,-12.203],[135.779,-12.225],[135.777,-12.261],[135.76,-12.255],[135.746,-12.263],[135.729,-12.295],[135.709,-12.262],[135.691,-12.254],[135.677,-12.241],[135.652,-12.202],[135.652,-12.168],[135.66,-12.15],[135.67,-12.15],[135.686,-12.133],[135.701,-12.127],[135.715,-12.104],[135.744,-12.091],[135.775,-12.044],[135.795,-12.035],[135.833,-12.001],[135.827,-11.991],[135.843,-11.984],[135.874,-11.979],[135.877,-11.987],[135.913,-11.959],[135.908,-11.952],[135.886,-11.966],[135.863,-11.968],[135.835,-11.978],[135.815,-11.98],[135.782,-11.993],[135.751,-12.009],[135.727,-12.01],[135.709,-12.022],[135.693,-12.025],[135.686,-12.034],[135.654,-12.039],[135.636,-12.061],[135.615,-12.07],[135.57,-12.101],[135.545,-12.088],[135.538,-12.065],[135.519,-12.062],[135.507,-12.087],[135.469,-12.11],[135.453,-12.115],[135.417,-12.115],[135.406,-12.103],[135.421,-12.084],[135.397,-12.083],[135.388,-12.093],[135.369,-12.084],[135.357,-12.094],[135.351,-12.107],[135.327,-12.113],[135.305,-12.125],[135.304,-12.136],[135.318,-12.147],[135.302,-12.164],[135.284,-12.164],[135.269,-12.18],[135.236,-12.183],[135.25,-12.205],[135.272,-12.207],[135.286,-12.227],[135.31,-12.241],[135.331,-12.241],[135.335,-12.251],[135.312,-12.258],[135.284,-12.254],[135.266,-12.225],[135.251,-12.225],[135.213,-12.234],[135.174,-12.226],[135.186,-12.246],[135.187,-12.257],[135.2,-12.264],[135.218,-12.289],[135.213,-12.296],[135.166,-12.266],[135.16,-12.25],[135.145,-12.238],[135.127,-12.238],[135.056,-12.262],[135.046,-12.249],[135.006,-12.215],[134.987,-12.176],[134.971,-12.159],[134.948,-12.147],[134.929,-12.144],[134.91,-12.153],[134.884,-12.135],[134.856,-12.132],[134.842,-12.114],[134.843,-12.061],[134.81,-12.049],[134.799,-12.049],[134.781,-12.007],[134.765,-12.002],[134.771,-11.958],[134.749,-11.949],[134.745,-11.958],[134.72,-11.96],[134.709,-11.966],[134.688,-11.967],[134.657,-12.016],[134.605,-12.05],[134.57,-12.056],[134.527,-12.068],[134.497,-12.073],[134.471,-12.072],[134.467,-12.065],[134.42,-12.066],[134.396,-12.053],[134.372,-12.049],[134.348,-12.04],[134.308,-12.01],[134.285,-11.983],[134.26,-11.989],[134.249,-12.003],[134.254,-12.015],[134.251,-12.037],[134.227,-12.041],[134.194,-12.075],[134.189,-12.104],[134.175,-12.128],[134.163,-12.099],[134.179,-12.071],[134.181,-12.051],[134.192,-12.032],[134.173,-12.003],[134.155,-11.993],[134.153,-11.968],[134.168,-11.972],[134.174,-11.961],[134.135,-11.919],[134.133,-11.903],[134.103,-11.915],[134.096,-11.928],[134.072,-11.934],[134.069,-11.917],[134.078,-11.908],[134.062,-11.887],[134.064,-11.87],[134.039,-11.855],[134.005,-11.864],[133.989,-11.892],[133.98,-11.898],[133.916,-11.921],[133.914,-11.908],[133.878,-11.911],[133.877,-11.901],[133.859,-11.878],[133.843,-11.88],[133.823,-11.841],[133.834,-11.833],[133.847,-11.814],[133.863,-11.806],[133.891,-11.813],[133.901,-11.806],[133.906,-11.786],[133.925,-11.769],[133.919,-11.745],[133.901,-11.755],[133.857,-11.752],[133.843,-11.738],[133.837,-11.723],[133.822,-11.73],[133.794,-11.726],[133.778,-11.741],[133.773,-11.763],[133.74,-11.783],[133.691,-11.784],[133.679,-11.789],[133.663,-11.806],[133.664,-11.819],[133.639,-11.826],[133.631,-11.837],[133.604,-11.839],[133.605,-11.811],[133.563,-11.808],[133.538,-11.838],[133.526,-11.871],[133.513,-11.863],[133.529,-11.844],[133.524,-11.822],[133.532,-11.812],[133.533,-11.788],[133.54,-11.77],[133.534,-11.761],[133.502,-11.782],[133.48,-11.782],[133.46,-11.803],[133.437,-11.775],[133.406,-11.778],[133.398,-11.758],[133.413,-11.759],[133.401,-11.733],[133.388,-11.75],[133.37,-11.76],[133.376,-11.77],[133.36,-11.778],[133.352,-11.765],[133.321,-11.771],[133.311,-11.76],[133.307,-11.74],[133.316,-11.725],[133.341,-11.727],[133.354,-11.719],[133.35,-11.702],[133.335,-11.694],[133.298,-11.705],[133.284,-11.718],[133.262,-11.73],[133.229,-11.733],[133.179,-11.721],[133.157,-11.71],[133.132,-11.674],[133.13,-11.664],[133.104,-11.631],[133.102,-11.611],[133.075,-11.564],[133.069,-11.55],[133.077,-11.525],[133.046,-11.505],[133.021,-11.465],[133.009,-11.436],[132.997,-11.425],[132.972,-11.42],[132.949,-11.385],[132.947,-11.372],[132.934,-11.365],[132.917,-11.332],[132.898,-11.341],[132.871,-11.331],[132.865,-11.34],[132.89,-11.359],[132.893,-11.371],[132.909,-11.385],[132.9,-11.403],[132.903,-11.419],[132.883,-11.43],[132.874,-11.418],[132.858,-11.414],[132.85,-11.392],[132.824,-11.404],[132.827,-11.413],[132.808,-11.442],[132.788,-11.447],[132.778,-11.47],[132.764,-11.488],[132.748,-11.499],[132.734,-11.518],[132.712,-11.524],[132.695,-11.516],[132.684,-11.519],[132.659,-11.51],[132.635,-11.471],[132.636,-11.441],[132.627,-11.417],[132.618,-11.408],[132.6,-11.406],[132.586,-11.395],[132.57,-11.373],[132.557,-11.366],[132.548,-11.343],[132.533,-11.34],[132.519,-11.345],[132.511,-11.33],[132.503,-11.294],[132.507,-11.272],[132.475,-11.251],[132.451,-11.218],[132.436,-11.212],[132.415,-11.236],[132.422,-11.25],[132.418,-11.269],[132.406,-11.265],[132.399,-11.298],[132.377,-11.297],[132.373,-11.291],[132.38,-11.271],[132.383,-11.208],[132.365,-11.194],[132.36,-11.178],[132.358,-11.15],[132.342,-11.135],[132.336,-11.147],[132.309,-11.174],[132.294,-11.167],[132.266,-11.176],[132.275,-11.199],[132.266,-11.215],[132.282,-11.233],[132.283,-11.268],[132.269,-11.266],[132.247,-11.224],[132.24,-11.215],[132.244,-11.198],[132.228,-11.195],[132.207,-11.18],[132.195,-11.164],[132.194,-11.143],[132.183,-11.128],[132.145,-11.134],[132.143,-11.154],[132.163,-11.161],[132.162,-11.185],[132.171,-11.186],[132.2,-11.224],[132.191,-11.241],[132.199,-11.268],[132.192,-11.281],[132.192,-11.299],[132.212,-11.308],[132.228,-11.322],[132.237,-11.34],[132.233,-11.364],[132.223,-11.37],[132.191,-11.352],[132.184,-11.365],[132.189,-11.381],[132.202,-11.384],[132.209,-11.401],[132.207,-11.414],[132.18,-11.404],[132.167,-11.414],[132.157,-11.391],[132.154,-11.36],[132.146,-11.358],[132.15,-11.334],[132.156,-11.322],[132.126,-11.312],[132.121,-11.345],[132.099,-11.306],[132.114,-11.288],[132.097,-11.263],[132.106,-11.257],[132.115,-11.234],[132.086,-11.233],[132.077,-11.205],[132.067,-11.192],[132.049,-11.201],[132.036,-11.191],[132.018,-11.146],[132.004,-11.128],[131.982,-11.131],[131.976,-11.142],[131.989,-11.158],[131.983,-11.181],[131.962,-11.179],[131.987,-11.22],[131.965,-11.246],[131.927,-11.256],[131.932,-11.244],[131.905,-11.216],[131.903,-11.196],[131.879,-11.186],[131.877,-11.2],[131.887,-11.208],[131.876,-11.235],[131.869,-11.22],[131.852,-11.214],[131.847,-11.224],[131.829,-11.233],[131.857,-11.274],[131.851,-11.282],[131.826,-11.28],[131.81,-11.266],[131.807,-11.29],[131.8,-11.298],[131.78,-11.292],[131.777,-11.301],[131.759,-11.302],[131.77,-11.324],[131.791,-11.324],[131.84,-11.314],[131.854,-11.296],[131.872,-11.296],[131.9,-11.313],[131.927,-11.337],[131.917,-11.357],[131.924,-11.364],[131.941,-11.35],[131.966,-11.343],[131.965,-11.361],[131.976,-11.385],[131.96,-11.381],[131.94,-11.397],[131.962,-11.411],[131.986,-11.402],[131.986,-11.423],[132.012,-11.431],[132.043,-11.421],[132.061,-11.436],[132.049,-11.46],[132.031,-11.462],[132.042,-11.491],[132.057,-11.498],[132.066,-11.524],[132.079,-11.53],[132.106,-11.531],[132.146,-11.517],[132.15,-11.503],[132.173,-11.49],[132.195,-11.491],[132.211,-11.47],[132.238,-11.456],[132.304,-11.466],[132.355,-11.441],[132.402,-11.455],[132.427,-11.452],[132.461,-11.459],[132.474,-11.478],[132.499,-11.489],[132.499,-11.508],[132.513,-11.52],[132.531,-11.522],[132.524,-11.544],[132.538,-11.555],[132.555,-11.555],[132.545,-11.578],[132.536,-11.582],[132.548,-11.61],[132.58,-11.628],[132.596,-11.641],[132.597,-11.654],[132.573,-11.654],[132.559,-11.637],[132.506,-11.637],[132.501,-11.648],[132.503,-11.683],[132.52,-11.689],[132.539,-11.718],[132.593,-11.73],[132.625,-11.724],[132.645,-11.728],[132.623,-11.747],[132.617,-11.761],[132.597,-11.768],[132.58,-11.788],[132.592,-11.803],[132.619,-11.808],[132.636,-11.821],[132.649,-11.859],[132.646,-11.874],[132.655,-11.89],[132.644,-11.896],[132.639,-11.919],[132.638,-11.945],[132.618,-12.019],[132.626,-12.054],[132.623,-12.073],[132.629,-12.087],[132.577,-12.106],[132.564,-12.093],[132.529,-12.116],[132.483,-12.138],[132.444,-12.145],[132.416,-12.202],[132.417,-12.222],[132.389,-12.236],[132.367,-12.217],[132.353,-12.199],[132.334,-12.202],[132.278,-12.224],[132.264,-12.203],[132.262,-12.175],[132.232,-12.176],[132.227,-12.193],[132.187,-12.212],[132.173,-12.212],[132.155,-12.238],[132.131,-12.259],[132.072,-12.291],[132.07,-12.304],[132.021,-12.297],[131.992,-12.285],[131.979,-12.285],[131.939,-12.273],[131.917,-12.256],[131.916,-12.245],[131.892,-12.215],[131.871,-12.216],[131.831,-12.245],[131.755,-12.274],[131.69,-12.281],[131.681,-12.284],[131.602,-12.283],[131.54,-12.279],[131.517,-12.283],[131.472,-12.284],[131.445,-12.28],[131.396,-12.264],[131.367,-12.245],[131.343,-12.222],[131.328,-12.202],[131.314,-12.167],[131.323,-12.147],[131.314,-12.138],[131.321,-12.12],[131.314,-12.113],[131.32,-12.089],[131.299,-12.069],[131.303,-12.053],[131.297,-12.043],[131.27,-12.071],[131.266,-12.079],[131.271,-12.107],[131.251,-12.136],[131.254,-12.163],[131.233,-12.195],[131.231,-12.214],[131.221,-12.226],[131.208,-12.22],[131.196,-12.205],[131.181,-12.197],[131.158,-12.169],[131.148,-12.18],[131.125,-12.183],[131.115,-12.175],[131.113,-12.155],[131.088,-12.154],[131.065,-12.167],[131.052,-12.158],[131.045,-12.143],[131.003,-12.161],[130.996,-12.169],[130.995,-12.186],[131.005,-12.209],[131.022,-12.216],[131.031,-12.239],[131.026,-12.272],[131.013,-12.322],[131.025,-12.334],[131.04,-12.358],[131.021,-12.36],[130.993,-12.35],[130.983,-12.342],[130.954,-12.347],[130.937,-12.343],[130.938,-12.41],[130.923,-12.41],[130.923,-12.433],[130.951,-12.443],[130.973,-12.461],[131.001,-12.489],[130.993,-12.515],[130.981,-12.522],[130.977,-12.541],[130.956,-12.534]]],[[[131.544,-11.453],[131.535,-11.438],[131.538,-11.416],[131.528,-11.399],[131.504,-11.385],[131.489,-11.387],[131.482,-11.398],[131.464,-11.383],[131.471,-11.37],[131.459,-11.357],[131.454,-11.342],[131.463,-11.334],[131.451,-11.318],[131.433,-11.311],[131.43,-11.295],[131.442,-11.289],[131.441,-11.273],[131.43,-11.263],[131.41,-11.256],[131.396,-11.269],[131.403,-11.281],[131.396,-11.295],[131.381,-11.299],[131.373,-11.289],[131.373,-11.262],[131.343,-11.249],[131.33,-11.256],[131.324,-11.274],[131.298,-11.27],[131.3,-11.251],[131.316,-11.232],[131.299,-11.204],[131.252,-11.193],[131.247,-11.219],[131.235,-11.226],[131.219,-11.225],[131.204,-11.237],[131.198,-11.27],[131.203,-11.285],[131.191,-11.297],[131.207,-11.302],[131.189,-11.333],[131.167,-11.31],[131.172,-11.291],[131.164,-11.278],[131.165,-11.264],[131.15,-11.253],[131.124,-11.254],[131.113,-11.279],[131.101,-11.291],[131.064,-11.312],[131.04,-11.319],[131.051,-11.347],[131.033,-11.367],[131.02,-11.361],[130.991,-11.355],[130.978,-11.338],[130.91,-11.311],[130.896,-11.31],[130.884,-11.327],[130.866,-11.338],[130.849,-11.355],[130.819,-11.362],[130.772,-11.365],[130.764,-11.375],[130.705,-11.386],[130.698,-11.42],[130.733,-11.427],[130.739,-11.441],[130.755,-11.447],[130.756,-11.459],[130.772,-11.467],[130.766,-11.484],[130.794,-11.495],[130.785,-11.51],[130.756,-11.491],[130.756,-11.481],[130.722,-11.47],[130.716,-11.49],[130.695,-11.466],[130.696,-11.447],[130.683,-11.44],[130.681,-11.427],[130.657,-11.4],[130.656,-11.377],[130.661,-11.359],[130.654,-11.341],[130.642,-11.356],[130.64,-11.373],[130.617,-11.388],[130.602,-11.386],[130.586,-11.401],[130.569,-11.398],[130.558,-11.385],[130.555,-11.362],[130.568,-11.34],[130.585,-11.342],[130.603,-11.322],[130.593,-11.288],[130.576,-11.282],[130.554,-11.266],[130.547,-11.281],[130.525,-11.283],[130.498,-11.269],[130.473,-11.244],[130.448,-11.21],[130.402,-11.166],[130.374,-11.169],[130.365,-11.258],[130.39,-11.275],[130.41,-11.306],[130.399,-11.318],[130.395,-11.335],[130.386,-11.347],[130.396,-11.367],[130.41,-11.365],[130.408,-11.382],[130.415,-11.397],[130.411,-11.408],[130.427,-11.427],[130.419,-11.456],[130.43,-11.463],[130.435,-11.48],[130.432,-11.499],[130.454,-11.52],[130.46,-11.535],[130.488,-11.549],[130.494,-11.566],[130.479,-11.594],[130.477,-11.621],[130.493,-11.655],[130.511,-11.67],[130.532,-11.681],[130.54,-11.673],[130.557,-11.674],[130.593,-11.705],[130.6,-11.719],[130.623,-11.725],[130.641,-11.748],[130.672,-11.763],[130.676,-11.783],[130.686,-11.796],[130.71,-11.799],[130.735,-11.809],[130.758,-11.824],[130.78,-11.832],[130.803,-11.845],[130.83,-11.85],[130.853,-11.85],[130.871,-11.861],[130.923,-11.903],[130.944,-11.937],[130.962,-11.94],[130.983,-11.928],[131.01,-11.894],[131.033,-11.882],[131.048,-11.882],[131.082,-11.836],[131.107,-11.83],[131.147,-11.805],[131.157,-11.805],[131.183,-11.791],[131.192,-11.781],[131.244,-11.741],[131.265,-11.733],[131.281,-11.74],[131.298,-11.718],[131.333,-11.683],[131.342,-11.659],[131.357,-11.64],[131.372,-11.606],[131.386,-11.588],[131.409,-11.593],[131.419,-11.608],[131.444,-11.611],[131.472,-11.607],[131.472,-11.59],[131.458,-11.585],[131.465,-11.567],[131.455,-11.547],[131.468,-11.502],[131.484,-11.488],[131.5,-11.468],[131.527,-11.477],[131.544,-11.453]]],[[[136.964,-14.284],[136.947,-14.277],[136.941,-14.257],[136.952,-14.243],[136.933,-14.205],[136.941,-14.189],[136.952,-14.195],[136.962,-14.166],[136.943,-14.158],[136.917,-14.163],[136.896,-14.202],[136.88,-14.21],[136.854,-14.209],[136.845,-14.187],[136.803,-14.151],[136.788,-14.153],[136.775,-14.177],[136.785,-14.193],[136.763,-14.197],[136.753,-14.187],[136.732,-14.191],[136.723,-14.187],[136.704,-14.165],[136.713,-14.153],[136.703,-14.139],[136.7,-14.111],[136.711,-14.108],[136.714,-14.09],[136.732,-14.066],[136.747,-14.069],[136.764,-14.045],[136.775,-14.047],[136.791,-14.038],[136.806,-14.038],[136.805,-14.02],[136.778,-14.025],[136.762,-14.003],[136.762,-13.986],[136.769,-13.958],[136.791,-13.916],[136.813,-13.904],[136.821,-13.908],[136.857,-13.911],[136.858,-13.893],[136.884,-13.843],[136.912,-13.808],[136.914,-13.789],[136.905,-13.764],[136.889,-13.754],[136.871,-13.757],[136.845,-13.749],[136.839,-13.755],[136.839,-13.78],[136.833,-13.802],[136.845,-13.814],[136.839,-13.84],[136.828,-13.85],[136.808,-13.856],[136.794,-13.849],[136.765,-13.841],[136.754,-13.832],[136.724,-13.841],[136.729,-13.819],[136.716,-13.809],[136.712,-13.796],[136.721,-13.778],[136.697,-13.775],[136.69,-13.764],[136.683,-13.731],[136.693,-13.729],[136.707,-13.715],[136.719,-13.713],[136.731,-13.686],[136.723,-13.657],[136.69,-13.663],[136.681,-13.677],[136.676,-13.698],[136.661,-13.704],[136.64,-13.703],[136.625,-13.718],[136.618,-13.705],[136.632,-13.693],[136.611,-13.683],[136.59,-13.684],[136.589,-13.725],[136.611,-13.732],[136.618,-13.743],[136.614,-13.761],[136.632,-13.767],[136.631,-13.789],[136.594,-13.787],[136.601,-13.806],[136.574,-13.809],[136.554,-13.82],[136.539,-13.814],[136.541,-13.788],[136.523,-13.795],[136.526,-13.816],[136.519,-13.827],[136.494,-13.838],[136.482,-13.833],[136.463,-13.834],[136.456,-13.82],[136.44,-13.831],[136.435,-13.815],[136.423,-13.816],[136.409,-13.832],[136.409,-13.846],[136.429,-13.869],[136.436,-13.894],[136.421,-13.95],[136.408,-13.976],[136.417,-13.991],[136.416,-14.015],[136.422,-14.047],[136.418,-14.056],[136.429,-14.076],[136.429,-14.091],[136.443,-14.115],[136.419,-14.146],[136.417,-14.163],[136.398,-14.178],[136.343,-14.202],[136.324,-14.213],[136.327,-14.244],[136.357,-14.22],[136.396,-14.202],[136.437,-14.196],[136.454,-14.208],[136.456,-14.218],[136.492,-14.238],[136.523,-14.234],[136.539,-14.255],[136.568,-14.261],[136.583,-14.26],[136.625,-14.265],[136.635,-14.286],[136.653,-14.295],[136.682,-14.286],[136.741,-14.259],[136.772,-14.264],[136.782,-14.261],[136.829,-14.278],[136.839,-14.29],[136.854,-14.279],[136.866,-14.285],[136.877,-14.303],[136.894,-14.306],[136.906,-14.287],[136.935,-14.299],[136.935,-14.282],[136.964,-14.284]]],[[[130.641,-11.756],[130.617,-11.734],[130.594,-11.732],[130.59,-11.715],[130.564,-11.706],[130.55,-11.69],[130.534,-11.695],[130.513,-11.686],[130.485,-11.67],[130.469,-11.667],[130.461,-11.616],[130.465,-11.577],[130.425,-11.547],[130.4,-11.54],[130.376,-11.508],[130.378,-11.485],[130.403,-11.449],[130.401,-11.424],[130.384,-11.404],[130.372,-11.396],[130.364,-11.381],[130.354,-11.339],[130.337,-11.318],[130.304,-11.34],[130.264,-11.342],[130.248,-11.354],[130.253,-11.373],[130.241,-11.384],[130.23,-11.406],[130.179,-11.434],[130.17,-11.462],[130.149,-11.477],[130.157,-11.491],[130.173,-11.483],[130.186,-11.485],[130.199,-11.509],[130.213,-11.511],[130.224,-11.498],[130.236,-11.501],[130.231,-11.526],[130.218,-11.512],[130.195,-11.517],[130.191,-11.539],[130.175,-11.558],[130.194,-11.571],[130.201,-11.586],[130.191,-11.64],[130.23,-11.642],[130.239,-11.663],[130.25,-11.667],[130.256,-11.692],[130.25,-11.698],[130.208,-11.653],[130.196,-11.654],[130.179,-11.68],[130.157,-11.705],[130.126,-11.703],[130.091,-11.671],[130.075,-11.67],[130.069,-11.687],[130.071,-11.729],[130.058,-11.766],[130.033,-11.756],[130.021,-11.774],[130.027,-11.799],[130.049,-11.824],[130.069,-11.819],[130.088,-11.825],[130.102,-11.821],[130.113,-11.826],[130.134,-11.823],[130.175,-11.81],[130.203,-11.806],[130.248,-11.79],[130.296,-11.778],[130.311,-11.771],[130.352,-11.779],[130.375,-11.788],[130.392,-11.801],[130.424,-11.806],[130.444,-11.817],[130.456,-11.814],[130.499,-11.83],[130.511,-11.83],[130.548,-11.819],[130.57,-11.818],[130.584,-11.827],[130.606,-11.827],[130.619,-11.81],[130.641,-11.756]]],[[[132.632,-11.187],[132.622,-11.174],[132.607,-11.171],[132.593,-11.18],[132.58,-11.162],[132.59,-11.14],[132.601,-11.144],[132.614,-11.129],[132.603,-11.12],[132.598,-11.077],[132.585,-11.049],[132.586,-11.028],[132.579,-11.005],[132.582,-10.993],[132.598,-10.976],[132.57,-10.974],[132.557,-10.994],[132.562,-11.027],[132.543,-11.044],[132.527,-11.044],[132.523,-11.053],[132.504,-11.059],[132.466,-11.032],[132.463,-11.04],[132.482,-11.071],[132.513,-11.091],[132.508,-11.142],[132.494,-11.155],[132.477,-11.159],[132.489,-11.174],[132.501,-11.2],[132.545,-11.255],[132.545,-11.276],[132.555,-11.309],[132.569,-11.331],[132.592,-11.331],[132.6,-11.3],[132.62,-11.287],[132.613,-11.224],[132.605,-11.22],[132.603,-11.202],[132.616,-11.186],[132.632,-11.187]]],[[[135.938,-11.804],[135.925,-11.772],[135.91,-11.769],[135.906,-11.757],[135.89,-11.763],[135.876,-11.757],[135.864,-11.773],[135.874,-11.791],[135.886,-11.792],[135.871,-11.834],[135.848,-11.849],[135.833,-11.847],[135.832,-11.861],[135.782,-11.91],[135.758,-11.921],[135.734,-11.939],[135.715,-11.932],[135.694,-11.939],[135.677,-11.933],[135.654,-11.968],[135.631,-11.975],[135.614,-11.97],[135.594,-11.953],[135.585,-11.981],[135.564,-12.004],[135.564,-12.032],[135.554,-12.049],[135.572,-12.069],[135.581,-12.055],[135.606,-12.033],[135.624,-12.03],[135.637,-12.018],[135.703,-12.003],[135.735,-12.002],[135.739,-11.981],[135.749,-11.972],[135.779,-11.976],[135.798,-11.964],[135.828,-11.929],[135.84,-11.903],[135.865,-11.872],[135.9,-11.853],[135.907,-11.826],[135.92,-11.812],[135.938,-11.804]]],[[[137.106,-15.774],[137.077,-15.758],[137.078,-15.736],[137.085,-15.713],[137.078,-15.683],[137.081,-15.664],[137.075,-15.65],[137.06,-15.641],[137.032,-15.634],[137.02,-15.595],[136.992,-15.584],[137,-15.621],[136.97,-15.643],[136.96,-15.641],[136.947,-15.662],[136.948,-15.676],[136.936,-15.683],[136.935,-15.704],[136.948,-15.717],[136.978,-15.734],[136.99,-15.78],[136.998,-15.792],[137.016,-15.806],[137.036,-15.799],[137.043,-15.814],[137.039,-15.834],[137.055,-15.841],[137.084,-15.827],[137.097,-15.81],[137.106,-15.774]]],[[[136.302,-13.735],[136.293,-13.708],[136.276,-13.706],[136.265,-13.692],[136.253,-13.694],[136.251,-13.676],[136.226,-13.663],[136.213,-13.662],[136.191,-13.671],[136.19,-13.695],[136.179,-13.703],[136.181,-13.718],[136.174,-13.728],[136.18,-13.742],[136.161,-13.751],[136.147,-13.748],[136.126,-13.733],[136.113,-13.731],[136.11,-13.764],[136.121,-13.787],[136.106,-13.814],[136.129,-13.836],[136.168,-13.835],[136.168,-13.82],[136.152,-13.789],[136.154,-13.778],[136.175,-13.768],[136.19,-13.771],[136.189,-13.795],[136.206,-13.812],[136.211,-13.825],[136.198,-13.848],[136.205,-13.857],[136.241,-13.847],[136.255,-13.832],[136.26,-13.807],[136.26,-13.785],[136.28,-13.792],[136.275,-13.756],[136.254,-13.759],[136.253,-13.749],[136.271,-13.737],[136.284,-13.741],[136.302,-13.735]]],[[[136.767,-11.033],[136.759,-11.024],[136.722,-11.044],[136.714,-11.057],[136.736,-11.064],[136.737,-11.078],[136.726,-11.099],[136.718,-11.123],[136.703,-11.134],[136.707,-11.168],[136.687,-11.194],[136.672,-11.197],[136.663,-11.184],[136.652,-11.19],[136.644,-11.21],[136.622,-11.216],[136.625,-11.229],[136.588,-11.279],[136.577,-11.317],[136.581,-11.324],[136.569,-11.343],[136.538,-11.368],[136.513,-11.394],[136.495,-11.406],[136.501,-11.421],[136.494,-11.438],[136.478,-11.448],[136.498,-11.457],[136.499,-11.442],[136.522,-11.432],[136.535,-11.444],[136.562,-11.409],[136.562,-11.399],[136.587,-11.384],[136.604,-11.346],[136.616,-11.329],[136.624,-11.329],[136.633,-11.296],[136.627,-11.283],[136.647,-11.28],[136.649,-11.264],[136.663,-11.265],[136.678,-11.245],[136.673,-11.223],[136.686,-11.214],[136.709,-11.208],[136.72,-11.195],[136.715,-11.177],[136.723,-11.149],[136.736,-11.131],[136.735,-11.117],[136.745,-11.098],[136.748,-11.073],[136.758,-11.045],[136.767,-11.033]]],[[[136.617,-15.555],[136.61,-15.523],[136.583,-15.514],[136.57,-15.529],[136.537,-15.534],[136.512,-15.543],[136.522,-15.563],[136.517,-15.581],[136.505,-15.592],[136.512,-15.605],[136.511,-15.626],[136.495,-15.64],[136.514,-15.653],[136.536,-15.653],[136.551,-15.64],[136.559,-15.644],[136.59,-15.645],[136.601,-15.613],[136.597,-15.581],[136.604,-15.561],[136.617,-15.555]]],[[[136.378,-11.584],[136.369,-11.58],[136.368,-11.558],[136.347,-11.563],[136.341,-11.578],[136.323,-11.587],[136.312,-11.575],[136.295,-11.58],[136.296,-11.605],[136.279,-11.598],[136.264,-11.572],[136.251,-11.593],[136.239,-11.601],[136.243,-11.62],[136.232,-11.623],[136.231,-11.646],[136.209,-11.644],[136.179,-11.648],[136.169,-11.657],[136.181,-11.674],[136.161,-11.682],[136.16,-11.694],[136.181,-11.689],[136.192,-11.677],[136.228,-11.653],[136.241,-11.663],[136.266,-11.659],[136.273,-11.618],[136.306,-11.631],[136.317,-11.619],[136.339,-11.617],[136.337,-11.607],[136.378,-11.584]]],[[[136.837,-15.687],[136.827,-15.668],[136.794,-15.645],[136.781,-15.648],[136.759,-15.641],[136.743,-15.647],[136.735,-15.661],[136.736,-15.705],[136.743,-15.717],[136.728,-15.736],[136.728,-15.751],[136.772,-15.746],[136.804,-15.724],[136.794,-15.703],[136.791,-15.684],[136.814,-15.7],[136.824,-15.688],[136.837,-15.687]]],[[[136.317,-11.993],[136.306,-11.99],[136.306,-11.976],[136.283,-11.974],[136.271,-12.003],[136.221,-12.034],[136.173,-12.023],[136.171,-12.033],[136.156,-12.041],[136.149,-12.057],[136.119,-12.064],[136.128,-12.074],[136.164,-12.067],[136.179,-12.077],[136.196,-12.076],[136.196,-12.064],[136.216,-12.058],[136.241,-12.044],[136.277,-12.035],[136.277,-12.031],[136.309,-12.013],[136.317,-11.993]]],[[[136.206,-13.456],[136.177,-13.438],[136.175,-13.422],[136.162,-13.419],[136.154,-13.405],[136.15,-13.385],[136.137,-13.383],[136.134,-13.407],[136.141,-13.42],[136.128,-13.439],[136.136,-13.452],[136.123,-13.472],[136.15,-13.513],[136.142,-13.53],[136.129,-13.538],[136.142,-13.564],[136.15,-13.525],[136.166,-13.523],[136.168,-13.51],[136.157,-13.494],[136.149,-13.495],[136.141,-13.472],[136.163,-13.482],[136.17,-13.468],[136.184,-13.465],[136.199,-13.47],[136.206,-13.456]]],[[[133.481,-11.619],[133.473,-11.598],[133.447,-11.595],[133.438,-11.589],[133.408,-11.585],[133.395,-11.602],[133.353,-11.623],[133.352,-11.634],[133.364,-11.643],[133.358,-11.665],[133.369,-11.682],[133.402,-11.662],[133.385,-11.64],[133.411,-11.626],[133.418,-11.636],[133.434,-11.63],[133.446,-11.619],[133.481,-11.619]]],[[[136.905,-15.589],[136.892,-15.582],[136.877,-15.536],[136.874,-15.516],[136.863,-15.512],[136.859,-15.534],[136.843,-15.54],[136.842,-15.557],[136.856,-15.58],[136.839,-15.592],[136.839,-15.613],[136.847,-15.63],[136.844,-15.641],[136.867,-15.64],[136.879,-15.629],[136.872,-15.61],[136.902,-15.594],[136.905,-15.589]]],[[[136.055,-11.653],[136.047,-11.644],[136.034,-11.647],[136.025,-11.639],[135.987,-11.658],[135.953,-11.679],[135.951,-11.697],[135.979,-11.715],[136.002,-11.71],[136.031,-11.676],[136.055,-11.653]]],[[[134.929,-12.094],[134.908,-12.067],[134.883,-12.064],[134.854,-12.042],[134.847,-12.048],[134.866,-12.071],[134.863,-12.086],[134.868,-12.126],[134.9,-12.14],[134.913,-12.132],[134.929,-12.094]]],[[[136.541,-13.772],[136.534,-13.753],[136.539,-13.739],[136.526,-13.701],[136.516,-13.717],[136.494,-13.715],[136.472,-13.72],[136.469,-13.747],[136.487,-13.757],[136.494,-13.775],[136.519,-13.792],[136.541,-13.772]]],[[[132.422,-12.117],[132.415,-12.092],[132.401,-12.076],[132.378,-12.073],[132.361,-12.083],[132.336,-12.086],[132.351,-12.109],[132.388,-12.139],[132.411,-12.138],[132.422,-12.117]]],[[[136.474,-11.469],[136.431,-11.499],[136.416,-11.519],[136.386,-11.525],[136.387,-11.532],[136.367,-11.551],[136.374,-11.567],[136.406,-11.548],[136.437,-11.534],[136.452,-11.53],[136.467,-11.508],[136.462,-11.497],[136.473,-11.484],[136.474,-11.469]]],[[[133.493,-11.515],[133.481,-11.497],[133.474,-11.474],[133.466,-11.465],[133.448,-11.48],[133.421,-11.491],[133.389,-11.49],[133.401,-11.508],[133.398,-11.523],[133.416,-11.527],[133.424,-11.512],[133.439,-11.506],[133.453,-11.516],[133.493,-11.515]]],[[[135.768,-14.881],[135.759,-14.848],[135.748,-14.837],[135.726,-14.835],[135.716,-14.851],[135.721,-14.86],[135.717,-14.882],[135.69,-14.899],[135.708,-14.913],[135.733,-14.892],[135.764,-14.901],[135.768,-14.881]]],[[[130.544,-12.704],[130.542,-12.681],[130.52,-12.653],[130.51,-12.615],[130.503,-12.606],[130.51,-12.591],[130.508,-12.574],[130.485,-12.584],[130.495,-12.596],[130.488,-12.625],[130.499,-12.645],[130.524,-12.662],[130.527,-12.685],[130.523,-12.696],[130.534,-12.709],[130.544,-12.704]]],[[[134.991,-12.037],[134.97,-12.03],[134.955,-12.016],[134.911,-12.023],[134.912,-12.036],[134.932,-12.045],[134.94,-12.062],[134.962,-12.065],[134.963,-12.052],[134.991,-12.037]]],[[[136.628,-11.741],[136.613,-11.751],[136.595,-11.745],[136.572,-11.765],[136.567,-11.778],[136.534,-11.777],[136.52,-11.787],[136.521,-11.802],[136.548,-11.792],[136.568,-11.793],[136.589,-11.784],[136.592,-11.764],[136.615,-11.753],[136.628,-11.741]]],[[[136.5,-11.818],[136.482,-11.799],[136.476,-11.826],[136.469,-11.828],[136.47,-11.859],[136.46,-11.866],[136.464,-11.897],[136.481,-11.897],[136.486,-11.886],[136.48,-11.842],[136.5,-11.818]]],[[[135.122,-11.927],[135.082,-11.915],[135.07,-11.921],[135.052,-11.92],[135.046,-11.939],[135.056,-11.954],[135.08,-11.949],[135.09,-11.94],[135.106,-11.942],[135.122,-11.927]]],[[[130.075,-13.171],[130.058,-13.152],[130.03,-13.153],[130.019,-13.166],[130.022,-13.18],[130.054,-13.177],[130.068,-13.182],[130.075,-13.171]]],[[[131.072,-12.117],[131.065,-12.105],[131.047,-12.094],[131.023,-12.099],[131.011,-12.123],[131.03,-12.13],[131.059,-12.127],[131.072,-12.117]]],[[[132.15,-11.607],[132.141,-11.595],[132.135,-11.569],[132.117,-11.574],[132.121,-11.597],[132.11,-11.612],[132.112,-11.622],[132.133,-11.628],[132.15,-11.607]]],[[[136.828,-12.135],[136.822,-12.121],[136.824,-12.073],[136.81,-12.078],[136.796,-12.114],[136.804,-12.132],[136.816,-12.14],[136.828,-12.135]]],[[[136.841,-15.577],[136.837,-15.56],[136.808,-15.558],[136.789,-15.562],[136.801,-15.582],[136.836,-15.585],[136.841,-15.577]]],[[[131.065,-12.038],[131.051,-12.03],[131.023,-12.036],[131.002,-12.051],[131.031,-12.058],[131.058,-12.05],[131.065,-12.038]]],[[[132.92,-11.17],[132.914,-11.142],[132.897,-11.141],[132.88,-11.147],[132.86,-11.142],[132.88,-11.17],[132.901,-11.16],[132.92,-11.17]]],[[[136.433,-11.88],[136.427,-11.871],[136.403,-11.875],[136.398,-11.89],[136.405,-11.901],[136.432,-11.894],[136.433,-11.88]]],[[[136.156,-12.19],[136.14,-12.17],[136.131,-12.178],[136.118,-12.169],[136.104,-12.19],[136.109,-12.199],[136.151,-12.195],[136.156,-12.19]]],[[[131.127,-12.063],[131.125,-12.056],[131.098,-12.053],[131.065,-12.066],[131.071,-12.073],[131.106,-12.075],[131.127,-12.063]]],[[[129.732,-14.804],[129.705,-14.791],[129.674,-14.783],[129.671,-14.789],[129.698,-14.81],[129.722,-14.813],[129.732,-14.804]]],[[[136.373,-13.826],[136.367,-13.812],[136.353,-13.811],[136.334,-13.839],[136.337,-13.845],[136.369,-13.842],[136.373,-13.826]]],[[[135.978,-11.739],[135.955,-11.732],[135.938,-11.75],[135.942,-11.766],[135.962,-11.76],[135.978,-11.739]]],[[[134.866,-12.028],[134.839,-12.008],[134.83,-12.015],[134.829,-12.029],[134.853,-12.038],[134.866,-12.028]]],[[[131.135,-12.015],[131.127,-12.001],[131.087,-12.013],[131.105,-12.024],[131.135,-12.015]]],[[[135.993,-11.852],[135.983,-11.848],[135.977,-11.858],[135.942,-11.88],[135.957,-11.898],[135.982,-11.856],[135.993,-11.852]]],[[[133.017,-11.068],[132.989,-11.055],[132.994,-11.088],[133.008,-11.083],[133.017,-11.068]]],[[[132.325,-11.582],[132.304,-11.564],[132.296,-11.587],[132.319,-11.599],[132.325,-11.582]]],[[[130.396,-12.627],[130.386,-12.617],[130.366,-12.624],[130.369,-12.643],[130.388,-12.642],[130.396,-12.627]]],[[[136.155,-11.699],[136.141,-11.697],[136.125,-11.711],[136.142,-11.72],[136.155,-11.699]]],[[[136.047,-12.102],[136.028,-12.098],[136.028,-12.132],[136.041,-12.129],[136.039,-12.109],[136.047,-12.102]]],[[[136.109,-13.465],[136.102,-13.456],[136.086,-13.452],[136.074,-13.466],[136.085,-13.475],[136.109,-13.465]]],[[[136.819,-15.604],[136.813,-15.596],[136.791,-15.591],[136.78,-15.609],[136.8,-15.61],[136.819,-15.604]]],[[[130.434,-12.58],[130.427,-12.566],[130.411,-12.567],[130.405,-12.577],[130.418,-12.592],[130.434,-12.58]]],[[[135.63,-14.496],[135.625,-14.488],[135.603,-14.49],[135.601,-14.504],[135.612,-14.518],[135.63,-14.496]]],[[[132.682,-11.189],[132.67,-11.184],[132.653,-11.194],[132.661,-11.212],[132.682,-11.189]]],[[[134.832,-12.046],[134.815,-12.032],[134.804,-12.015],[134.798,-12.034],[134.813,-12.043],[134.832,-12.046]]],[[[130.11,-13.221],[130.101,-13.201],[130.085,-13.207],[130.103,-13.223],[130.11,-13.221]]],[[[135.002,-12.093],[134.994,-12.071],[134.976,-12.069],[134.99,-12.096],[135.002,-12.093]]],[[[136.249,-13.595],[136.246,-13.584],[136.221,-13.586],[136.226,-13.601],[136.249,-13.595]]],[[[136.682,-13.659],[136.666,-13.654],[136.661,-13.674],[136.677,-13.677],[136.682,-13.659]]],[[[130.416,-12.595],[130.41,-12.584],[130.392,-12.587],[130.402,-12.602],[130.416,-12.595]]],[[[136.83,-15.731],[136.817,-15.724],[136.799,-15.729],[136.805,-15.746],[136.818,-15.731],[136.83,-15.731]]],[[[134.185,-12.096],[134.173,-12.09],[134.165,-12.101],[134.172,-12.113],[134.185,-12.096]]],[[[132.878,-11.048],[132.857,-11.047],[132.853,-11.06],[132.869,-11.061],[132.878,-11.048]]],[[[132.803,-11.389],[132.781,-11.374],[132.779,-11.388],[132.803,-11.389]]],[[[136.122,-11.544],[136.111,-11.546],[136.106,-11.559],[136.114,-11.566],[136.122,-11.544]]],[[[136.689,-11.823],[136.665,-11.83],[136.668,-11.838],[136.689,-11.823]]]]}},{"type":"Feature","properties":{"name":"Solomon"},"geometry":{"type":"Polygon","coordinates":[[[130.956,-12.534],[130.977,-12.541],[130.981,-12.522],[130.993,-12.515],[131.001,-12.489],[130.973,-12.461],[130.951,-12.443],[130.923,-12.433],[130.923,-12.41],[130.938,-12.41],[130.937,-12.343],[130.924,-12.343],[130.894,-12.331],[130.871,-12.355],[130.838,-12.411],[130.828,-12.45],[130.833,-12.46],[130.852,-12.471],[130.853,-12.448],[130.879,-12.464],[130.893,-12.482],[130.931,-12.484],[130.943,-12.505],[130.942,-12.522],[130.956,-12.534]]]}},{"type":"Feature","properties":{"name":"Banks"},"geometry":{"type":"Polygon","coordinates":[[[151.073,-33.996],[151.1,-33.996],[151.114,-34.003],[151.122,-33.988],[151.079,-33.947],[151.072,-33.929],[151.027,-33.934],[151.018,-33.938],[150.979,-33.929],[150.969,-33.931],[150.966,-33.944],[150.998,-33.975],[151.012,-33.984],[151.035,-33.977],[151.035,-33.992],[151.058,-33.987],[151.073,-33.996]]]}},{"type":"Feature","properties":{"name":"Barton"},"geometry":{"type":"Polygon","coordinates":[[[151.144,-33.985],[151.143,-33.965],[151.16,-33.943],[151.161,-33.934],[151.155,-33.924],[151.117,-33.913],[151.072,-33.929],[151.079,-33.947],[151.122,-33.988],[151.144,-33.985]]]}},{"type":"Feature","properties":{"name":"Bennelong"},"geometry":{"type":"Polygon","coordinates":[[[151.198,-33.825],[151.176,-33.812],[151.178,-33.796],[151.16,-33.794],[151.14,-33.777],[151.105,-33.761],[151.091,-33.781],[151.074,-33.782],[151.066,-33.791],[151.072,-33.82],[151.094,-33.823],[151.108,-33.837],[151.159,-33.845],[151.187,-33.845],[151.198,-33.825]]]}},{"type":"Feature","properties":{"name":"Berowra"},"geometry":{"type":"Polygon","coordinates":[[[151.285,-33.572],[151.26,-33.579],[151.24,-33.561],[151.249,-33.541],[151.231,-33.535],[151.195,-33.538],[151.186,-33.51],[151.169,-33.521],[151.159,-33.517],[151.158,-33.497],[151.145,-33.472],[151.125,-33.464],[151.103,-33.483],[151.071,-33.461],[151.062,-33.442],[151.032,-33.427],[151.033,-33.406],[150.993,-33.397],[150.988,-33.379],[150.977,-33.4],[150.944,-33.425],[150.934,-33.416],[150.904,-33.419],[150.887,-33.437],[150.905,-33.467],[150.896,-33.475],[150.877,-33.471],[150.879,-33.49],[150.901,-33.489],[150.927,-33.508],[150.901,-33.527],[150.889,-33.542],[150.889,-33.555],[150.916,-33.555],[150.936,-33.565],[150.904,-33.612],[150.937,-33.623],[150.933,-33.66],[150.962,-33.68],[150.97,-33.694],[151.002,-33.715],[151.019,-33.717],[151.017,-33.731],[151.047,-33.743],[151.049,-33.759],[151.066,-33.759],[151.074,-33.782],[151.091,-33.781],[151.105,-33.761],[151.091,-33.745],[151.091,-33.734],[151.107,-33.728],[151.124,-33.689],[151.135,-33.685],[151.162,-33.66],[151.172,-33.639],[151.172,-33.639],[151.176,-33.627],[151.204,-33.617],[151.204,-33.617],[151.227,-33.599],[151.242,-33.6],[151.242,-33.6],[151.25,-33.588],[151.272,-33.586],[151.285,-33.572]]]}},{"type":"Feature","properties":{"name":"Blaxland"},"geometry":{"type":"Polygon","coordinates":[[[151.069,-33.884],[151.057,-33.865],[151.042,-33.862],[151.044,-33.843],[151.03,-33.835],[151.016,-33.828],[150.995,-33.827],[150.964,-33.816],[150.955,-33.856],[150.961,-33.868],[150.986,-33.87],[150.973,-33.889],[151.002,-33.904],[151.011,-33.896],[151.035,-33.899],[151.039,-33.888],[151.069,-33.884]]]}},{"type":"Feature","properties":{"name":"Bradfield"},"geometry":{"type":"Polygon","coordinates":[[[151.198,-33.825],[151.214,-33.816],[151.234,-33.814],[151.231,-33.784],[151.214,-33.783],[151.204,-33.773],[151.194,-33.75],[151.18,-33.74],[151.188,-33.728],[151.191,-33.703],[151.166,-33.686],[151.172,-33.678],[151.162,-33.66],[151.135,-33.685],[151.124,-33.689],[151.107,-33.728],[151.091,-33.734],[151.091,-33.745],[151.105,-33.761],[151.14,-33.777],[151.16,-33.794],[151.178,-33.796],[151.176,-33.812],[151.198,-33.825]]]}},{"type":"Feature","properties":{"name":"Calare"},"geometry":{"type":"Polygon","coordinates":[[[150.186,-33.881],[150.166,-33.865],[150.185,-33.838],[150.169,-33.827],[150.18,-33.806],[150.172,-33.799],[150.178,-33.778],[150.19,-33.775],[150.196,-33.757],[150.18,-33.743],[150.199,-33.729],[150.206,-33.714],[150.215,-33.675],[150.229,-33.676],[150.241,-33.639],[150.262,-33.642],[150.266,-33.622],[150.237,-33.593],[150.239,-33.582],[150.226,-33.572],[150.226,-33.561],[150.251,-33.558],[150.258,-33.519],[150.257,-33.494],[150.315,-33.504],[150.312,-33.52],[150.332,-33.522],[150.336,-33.512],[150.364,-33.489],[150.403,-33.477],[150.423,-33.482],[150.447,-33.481],[150.451,-33.459],[150.473,-33.439],[150.48,-33.409],[150.476,-33.399],[150.49,-33.377],[150.509,-33.379],[150.543,-33.364],[150.551,-33.369],[150.581,-33.351],[150.586,-33.325],[150.554,-33.318],[150.567,-33.306],[150.552,-33.272],[150.533,-33.24],[150.534,-33.211],[150.528,-33.194],[150.552,-33.184],[150.554,-33.163],[150.581,-33.168],[150.586,-33.152],[150.604,-33.147],[150.617,-33.104],[150.611,-33.099],[150.611,-33.066],[150.604,-33.07],[150.572,-33.059],[150.553,-33.06],[150.545,-33.042],[150.52,-33.035],[150.497,-33.036],[150.488,-33.048],[150.465,-33.046],[150.448,-33.035],[150.405,-33.025],[150.393,-33.034],[150.372,-33.015],[150.376,-32.99],[150.367,-32.972],[150.366,-32.937],[150.347,-32.895],[150.336,-32.885],[150.341,-32.871],[150.362,-32.867],[150.363,-32.846],[150.349,-32.818],[150.339,-32.809],[150.338,-32.79],[150.317,-32.784],[150.289,-32.765],[150.275,-32.748],[150.277,-32.732],[150.291,-32.721],[150.297,-32.692],[150.311,-32.647],[150.236,-32.608],[150.259,-32.598],[150.266,-32.578],[150.237,-32.574],[150.248,-32.55],[150.242,-32.538],[150.247,-32.519],[150.24,-32.494],[150.246,-32.481],[150.227,-32.463],[150.247,-32.46],[150.267,-32.449],[150.28,-32.422],[150.3,-32.419],[150.318,-32.41],[150.304,-32.374],[150.296,-32.384],[150.267,-32.376],[150.26,-32.346],[150.261,-32.318],[150.235,-32.309],[150.222,-32.315],[150.218,-32.337],[150.188,-32.335],[150.164,-32.32],[150.142,-32.342],[150.133,-32.337],[150.086,-32.342],[150.054,-32.351],[150.022,-32.306],[150.028,-32.291],[150.043,-32.285],[150.042,-32.262],[150.063,-32.246],[150.05,-32.225],[150.063,-32.208],[150.062,-32.185],[150.035,-32.196],[150.008,-32.177],[150.009,-32.163],[149.991,-32.164],[149.983,-32.185],[149.961,-32.182],[149.965,-32.16],[149.939,-32.157],[149.948,-32.135],[149.922,-32.123],[149.894,-32.12],[149.892,-32.113],[149.819,-32.104],[149.821,-32.096],[149.792,-32.079],[149.796,-32.058],[149.778,-32.078],[149.752,-32.1],[149.751,-32.12],[149.693,-32.112],[149.672,-32.122],[149.638,-32.113],[149.603,-32.127],[149.578,-32.106],[149.574,-32.087],[149.533,-32.089],[149.5,-32.073],[149.495,-32.102],[149.471,-32.104],[149.433,-32.095],[149.415,-32.096],[149.412,-32.106],[149.428,-32.124],[149.428,-32.137],[149.417,-32.153],[149.413,-32.176],[149.397,-32.177],[149.385,-32.193],[149.373,-32.19],[149.374,-32.216],[149.361,-32.22],[149.346,-32.238],[149.34,-32.256],[149.326,-32.26],[149.328,-32.275],[149.306,-32.305],[149.273,-32.295],[149.239,-32.299],[149.189,-32.291],[149.203,-32.214],[149.199,-32.187],[149.22,-32.181],[149.21,-32.162],[149.211,-32.15],[149.198,-32.143],[149.194,-32.104],[149.166,-32.109],[149.171,-32.125],[149.139,-32.117],[149.121,-32.107],[149.1,-32.115],[149.093,-32.109],[149.059,-32.097],[149.026,-32.109],[149.012,-32.107],[149.001,-32.14],[148.968,-32.168],[148.96,-32.162],[148.944,-32.174],[148.939,-32.21],[148.927,-32.272],[148.896,-32.291],[148.884,-32.312],[148.851,-32.313],[148.841,-32.331],[148.805,-32.367],[148.768,-32.343],[148.754,-32.419],[148.724,-32.421],[148.71,-32.407],[148.704,-32.435],[148.717,-32.446],[148.728,-32.473],[148.715,-32.492],[148.7,-32.497],[148.7,-32.523],[148.713,-32.531],[148.72,-32.575],[148.693,-32.597],[148.686,-32.613],[148.67,-32.624],[148.665,-32.64],[148.636,-32.64],[148.614,-32.654],[148.605,-32.652],[148.501,-32.614],[148.475,-32.628],[148.46,-32.607],[148.435,-32.621],[148.391,-32.622],[148.349,-32.637],[148.343,-32.665],[148.33,-32.701],[148.335,-32.782],[148.328,-32.799],[148.378,-32.833],[148.385,-32.875],[148.382,-32.935],[148.372,-32.972],[148.389,-32.974],[148.399,-32.959],[148.419,-32.974],[148.43,-32.97],[148.465,-33.014],[148.481,-33.016],[148.504,-33.047],[148.505,-33.062],[148.497,-33.096],[148.487,-33.123],[148.502,-33.14],[148.506,-33.166],[148.493,-33.18],[148.496,-33.191],[148.475,-33.199],[148.467,-33.209],[148.428,-33.202],[148.433,-33.226],[148.428,-33.239],[148.402,-33.26],[148.397,-33.27],[148.402,-33.3],[148.416,-33.327],[148.403,-33.329],[148.385,-33.351],[148.418,-33.385],[148.404,-33.392],[148.388,-33.413],[148.344,-33.429],[148.365,-33.435],[148.359,-33.449],[148.333,-33.444],[148.314,-33.453],[148.293,-33.478],[148.291,-33.492],[148.315,-33.5],[148.329,-33.491],[148.352,-33.495],[148.357,-33.511],[148.393,-33.519],[148.4,-33.535],[148.397,-33.554],[148.421,-33.56],[148.423,-33.569],[148.39,-33.568],[148.389,-33.58],[148.414,-33.596],[148.414,-33.604],[148.442,-33.608],[148.468,-33.602],[148.483,-33.581],[148.524,-33.577],[148.543,-33.6],[148.558,-33.603],[148.595,-33.592],[148.621,-33.592],[148.636,-33.567],[148.653,-33.577],[148.676,-33.581],[148.712,-33.574],[148.73,-33.555],[148.739,-33.538],[148.776,-33.526],[148.788,-33.529],[148.804,-33.55],[148.823,-33.566],[148.846,-33.576],[148.882,-33.583],[148.899,-33.579],[148.922,-33.599],[148.914,-33.63],[148.907,-33.673],[148.912,-33.683],[148.938,-33.683],[148.957,-33.688],[148.963,-33.708],[148.994,-33.721],[148.978,-33.738],[148.975,-33.756],[148.989,-33.781],[149.01,-33.784],[149.019,-33.796],[149.041,-33.809],[149.065,-33.812],[149.067,-33.79],[149.092,-33.794],[149.091,-33.765],[149.108,-33.761],[149.13,-33.764],[149.133,-33.75],[149.149,-33.73],[149.172,-33.726],[149.258,-33.741],[149.235,-33.76],[149.22,-33.792],[149.207,-33.8],[149.187,-33.798],[149.181,-33.806],[149.182,-33.831],[149.175,-33.845],[149.145,-33.855],[149.118,-33.872],[149.12,-33.888],[149.139,-33.903],[149.155,-33.928],[149.14,-33.946],[149.153,-33.967],[149.179,-33.985],[149.198,-33.985],[149.203,-33.969],[149.217,-33.964],[149.244,-33.97],[149.274,-33.96],[149.279,-33.949],[149.315,-33.957],[149.348,-33.953],[149.376,-33.984],[149.401,-33.998],[149.435,-34.023],[149.456,-34.024],[149.464,-34.011],[149.48,-34.015],[149.518,-34.041],[149.528,-34.061],[149.546,-34.074],[149.548,-34.086],[149.57,-34.091],[149.583,-34.107],[149.629,-34.114],[149.657,-34.159],[149.682,-34.191],[149.705,-34.199],[149.733,-34.197],[149.749,-34.189],[149.805,-34.203],[149.818,-34.201],[149.85,-34.184],[149.873,-34.188],[149.886,-34.183],[149.92,-34.182],[149.938,-34.169],[149.938,-34.151],[149.949,-34.125],[149.932,-34.117],[149.933,-34.091],[149.945,-34.092],[149.96,-34.079],[150.007,-34.085],[150.003,-34.096],[150.012,-34.11],[150.037,-34.121],[150.105,-34.138],[150.113,-34.127],[150.105,-34.109],[150.118,-34.091],[150.116,-34.08],[150.146,-34.071],[150.141,-34.051],[150.153,-34.043],[150.165,-34.023],[150.209,-33.998],[150.241,-33.952],[150.217,-33.948],[150.21,-33.937],[150.189,-33.951],[150.176,-33.945],[150.165,-33.912],[150.17,-33.902],[150.156,-33.893],[150.186,-33.881]]]}},{"type":"Feature","properties":{"name":"Chifley"},"geometry":{"type":"Polygon","coordinates":[[[150.905,-33.768],[150.898,-33.738],[150.882,-33.722],[150.853,-33.663],[150.851,-33.65],[150.827,-33.657],[150.812,-33.678],[150.799,-33.676],[150.79,-33.69],[150.766,-33.706],[150.762,-33.735],[150.784,-33.741],[150.803,-33.777],[150.856,-33.789],[150.856,-33.777],[150.869,-33.764],[150.905,-33.768]]]}},{"type":"Feature","properties":{"name":"Cook"},"geometry":{"type":"Polygon","coordinates":[[[151.232,-34.017],[151.221,-34.002],[151.164,-34.001],[151.144,-33.985],[151.122,-33.988],[151.114,-34.003],[151.1,-33.996],[151.073,-33.996],[151.065,-34.011],[151.065,-34.042],[151.076,-34.05],[151.072,-34.063],[151.087,-34.067],[151.096,-34.056],[151.113,-34.076],[151.138,-34.077],[151.163,-34.072],[151.155,-34.055],[151.165,-34.041],[151.193,-34.036],[151.214,-34.041],[151.225,-34.034],[151.232,-34.017]]]}},{"type":"Feature","properties":{"name":"Cowper"},"geometry":{"type":"Polygon","coordinates":[[[152.915,-31.493],[152.938,-31.472],[152.926,-31.435],[152.915,-31.424],[152.922,-31.388],[152.938,-31.361],[152.973,-31.318],[152.965,-31.309],[152.971,-31.261],[152.96,-31.245],[152.964,-31.219],[152.975,-31.197],[152.985,-31.155],[152.998,-31.134],[153.048,-31.08],[153.065,-31.057],[153.044,-31.046],[153.038,-31.015],[153.043,-30.988],[153.057,-30.958],[153.085,-30.926],[153.089,-30.913],[153.076,-30.889],[153.037,-30.882],[153.023,-30.873],[153.011,-30.856],[153.004,-30.835],[153.002,-30.796],[152.997,-30.786],[153.002,-30.749],[152.991,-30.74],[152.989,-30.718],[153,-30.672],[153.017,-30.644],[153.01,-30.615],[153.017,-30.564],[153.029,-30.547],[153.025,-30.534],[153.032,-30.499],[153.051,-30.46],[153.076,-30.432],[153.078,-30.405],[153.102,-30.377],[153.106,-30.355],[153.121,-30.33],[153.153,-30.304],[153.141,-30.301],[153.145,-30.281],[153.138,-30.263],[153.128,-30.268],[153.096,-30.262],[153.063,-30.287],[153.046,-30.272],[153.02,-30.267],[153.011,-30.249],[152.995,-30.247],[152.999,-30.221],[152.982,-30.214],[152.966,-30.223],[152.952,-30.216],[152.928,-30.227],[152.911,-30.228],[152.873,-30.221],[152.868,-30.21],[152.83,-30.222],[152.803,-30.19],[152.755,-30.181],[152.751,-30.197],[152.693,-30.189],[152.699,-30.2],[152.698,-30.223],[152.671,-30.24],[152.655,-30.255],[152.635,-30.252],[152.626,-30.258],[152.603,-30.252],[152.587,-30.241],[152.56,-30.244],[152.547,-30.289],[152.527,-30.309],[152.506,-30.321],[152.49,-30.337],[152.481,-30.333],[152.475,-30.357],[152.479,-30.397],[152.441,-30.399],[152.428,-30.419],[152.418,-30.437],[152.402,-30.435],[152.39,-30.453],[152.395,-30.479],[152.408,-30.489],[152.386,-30.505],[152.387,-30.529],[152.364,-30.546],[152.362,-30.555],[152.336,-30.567],[152.33,-30.584],[152.316,-30.603],[152.332,-30.628],[152.369,-30.659],[152.358,-30.684],[152.376,-30.732],[152.375,-30.745],[152.352,-30.769],[152.344,-30.792],[152.316,-30.794],[152.29,-30.844],[152.299,-30.868],[152.291,-30.882],[152.289,-30.9],[152.296,-30.931],[152.284,-30.949],[152.291,-30.975],[152.27,-30.999],[152.308,-31.025],[152.34,-31.036],[152.345,-31.051],[152.335,-31.096],[152.35,-31.117],[152.368,-31.136],[152.369,-31.156],[152.386,-31.167],[152.413,-31.165],[152.456,-31.156],[152.471,-31.166],[152.514,-31.168],[152.54,-31.163],[152.556,-31.148],[152.561,-31.13],[152.574,-31.132],[152.598,-31.124],[152.615,-31.136],[152.632,-31.138],[152.64,-31.15],[152.672,-31.153],[152.681,-31.141],[152.707,-31.152],[152.706,-31.181],[152.74,-31.187],[152.752,-31.195],[152.746,-31.216],[152.705,-31.207],[152.68,-31.227],[152.674,-31.254],[152.69,-31.263],[152.712,-31.301],[152.735,-31.319],[152.737,-31.34],[152.786,-31.343],[152.805,-31.383],[152.825,-31.414],[152.824,-31.446],[152.815,-31.477],[152.84,-31.476],[152.874,-31.488],[152.915,-31.493]]]}},{"type":"Feature","properties":{"name":"Cunningham"},"geometry":{"type":"Polygon","coordinates":[[[151.066,-34.172],[151.016,-34.166],[151.019,-34.156],[150.98,-34.138],[150.923,-34.13],[150.914,-34.159],[150.907,-34.164],[150.899,-34.19],[150.86,-34.181],[150.857,-34.193],[150.891,-34.214],[150.891,-34.228],[150.876,-34.26],[150.853,-34.28],[150.817,-34.27],[150.805,-34.271],[150.817,-34.306],[150.792,-34.307],[150.751,-34.302],[150.746,-34.337],[150.69,-34.442],[150.718,-34.455],[150.747,-34.461],[150.76,-34.45],[150.798,-34.45],[150.815,-34.462],[150.831,-34.464],[150.824,-34.481],[150.831,-34.49],[150.856,-34.484],[150.871,-34.492],[150.871,-34.492],[150.873,-34.493],[150.874,-34.493],[150.875,-34.493],[150.876,-34.493],[150.869,-34.526],[150.875,-34.542],[150.878,-34.526],[150.895,-34.503],[150.909,-34.493],[150.914,-34.465],[150.902,-34.463],[150.9,-34.444],[150.907,-34.423],[150.902,-34.414],[150.907,-34.395],[150.93,-34.37],[150.92,-34.353],[150.925,-34.321],[150.993,-34.228],[151.045,-34.186],[151.066,-34.172]]]}},{"type":"Feature","properties":{"name":"Dobell"},"geometry":{"type":"Polygon","coordinates":[[[151.45,-33.429],[151.487,-33.393],[151.489,-33.372],[151.505,-33.354],[151.508,-33.334],[151.528,-33.313],[151.57,-33.289],[151.564,-33.272],[151.565,-33.247],[151.549,-33.24],[151.528,-33.244],[151.509,-33.216],[151.523,-33.2],[151.512,-33.194],[151.491,-33.187],[151.464,-33.194],[151.455,-33.203],[151.439,-33.195],[151.399,-33.186],[151.397,-33.165],[151.383,-33.14],[151.379,-33.1],[151.333,-33.069],[151.315,-33.048],[151.267,-33.059],[151.26,-33.1],[151.251,-33.1],[151.207,-33.133],[151.209,-33.147],[151.225,-33.164],[151.223,-33.19],[151.208,-33.204],[151.258,-33.219],[151.255,-33.235],[151.284,-33.239],[151.287,-33.253],[151.253,-33.259],[151.265,-33.286],[151.283,-33.296],[151.28,-33.32],[151.303,-33.328],[151.296,-33.351],[151.303,-33.362],[151.377,-33.371],[151.372,-33.381],[151.354,-33.383],[151.344,-33.396],[151.345,-33.412],[151.391,-33.423],[151.395,-33.428],[151.439,-33.423],[151.45,-33.429]]]}},{"type":"Feature","properties":{"name":"Eden-monaro"},"geometry":{"type":"Polygon","coordinates":[[[150.334,-34.752],[150.302,-34.734],[150.27,-34.733],[150.257,-34.741],[150.194,-34.751],[150.169,-34.769],[150.178,-34.728],[150.171,-34.72],[150.141,-34.715],[150.143,-34.703],[150.117,-34.7],[150.113,-34.684],[150.093,-34.68],[150.098,-34.655],[150.078,-34.64],[150.1,-34.627],[150.091,-34.615],[150.097,-34.597],[150.083,-34.582],[150.089,-34.596],[150.066,-34.603],[150.063,-34.616],[150.008,-34.619],[149.984,-34.631],[149.949,-34.63],[149.94,-34.625],[149.897,-34.619],[149.886,-34.624],[149.86,-34.606],[149.828,-34.601],[149.824,-34.619],[149.86,-34.616],[149.855,-34.643],[149.82,-34.639],[149.817,-34.653],[149.793,-34.65],[149.811,-34.621],[149.814,-34.605],[149.779,-34.603],[149.752,-34.597],[149.761,-34.577],[149.757,-34.569],[149.723,-34.568],[149.726,-34.557],[149.7,-34.549],[149.686,-34.559],[149.661,-34.559],[149.655,-34.586],[149.637,-34.592],[149.622,-34.621],[149.604,-34.63],[149.589,-34.627],[149.588,-34.613],[149.557,-34.605],[149.549,-34.626],[149.52,-34.645],[149.524,-34.664],[149.495,-34.668],[149.516,-34.681],[149.526,-34.696],[149.516,-34.733],[149.508,-34.736],[149.499,-34.79],[149.503,-34.828],[149.489,-34.849],[149.505,-34.866],[149.536,-34.876],[149.523,-34.893],[149.521,-34.907],[149.491,-34.902],[149.489,-34.916],[149.455,-34.912],[149.448,-34.928],[149.423,-34.93],[149.407,-34.962],[149.388,-34.979],[149.38,-35.007],[149.373,-35.063],[149.376,-35.095],[149.363,-35.113],[149.348,-35.119],[149.328,-35.154],[149.294,-35.175],[149.232,-35.184],[149.201,-35.205],[149.206,-35.212],[149.208,-35.216],[149.208,-35.216],[149.206,-35.216],[149.205,-35.22],[149.205,-35.229],[149.227,-35.22],[149.237,-35.222],[149.241,-35.225],[149.243,-35.225],[149.246,-35.228],[149.245,-35.231],[149.243,-35.232],[149.243,-35.233],[149.242,-35.235],[149.241,-35.237],[149.235,-35.24],[149.235,-35.243],[149.238,-35.244],[149.242,-35.246],[149.246,-35.247],[149.249,-35.247],[149.25,-35.249],[149.251,-35.252],[149.254,-35.254],[149.255,-35.256],[149.26,-35.257],[149.262,-35.257],[149.273,-35.259],[149.273,-35.26],[149.273,-35.261],[149.273,-35.263],[149.274,-35.263],[149.273,-35.266],[149.272,-35.269],[149.272,-35.273],[149.276,-35.273],[149.277,-35.271],[149.28,-35.271],[149.283,-35.272],[149.288,-35.274],[149.302,-35.273],[149.304,-35.273],[149.306,-35.275],[149.305,-35.276],[149.312,-35.278],[149.321,-35.285],[149.325,-35.286],[149.336,-35.287],[149.336,-35.289],[149.338,-35.287],[149.343,-35.29],[149.345,-35.292],[149.346,-35.292],[149.348,-35.292],[149.348,-35.293],[149.35,-35.294],[149.351,-35.297],[149.35,-35.298],[149.354,-35.3],[149.357,-35.301],[149.362,-35.303],[149.36,-35.308],[149.366,-35.309],[149.382,-35.306],[149.384,-35.306],[149.387,-35.303],[149.39,-35.303],[149.393,-35.303],[149.396,-35.31],[149.397,-35.311],[149.397,-35.314],[149.397,-35.317],[149.399,-35.319],[149.398,-35.321],[149.397,-35.323],[149.398,-35.325],[149.394,-35.328],[149.394,-35.328],[149.392,-35.33],[149.391,-35.33],[149.391,-35.33],[149.39,-35.331],[149.389,-35.331],[149.386,-35.332],[149.386,-35.332],[149.385,-35.333],[149.368,-35.34],[149.367,-35.34],[149.366,-35.34],[149.366,-35.34],[149.366,-35.341],[149.366,-35.341],[149.366,-35.341],[149.365,-35.341],[149.365,-35.341],[149.365,-35.342],[149.365,-35.342],[149.365,-35.342],[149.365,-35.342],[149.365,-35.342],[149.365,-35.343],[149.365,-35.344],[149.365,-35.345],[149.365,-35.345],[149.365,-35.346],[149.365,-35.347],[149.365,-35.347],[149.365,-35.347],[149.365,-35.347],[149.364,-35.348],[149.364,-35.348],[149.363,-35.348],[149.362,-35.348],[149.361,-35.348],[149.36,-35.349],[149.358,-35.35],[149.356,-35.351],[149.351,-35.351],[149.348,-35.35],[149.341,-35.345],[149.336,-35.34],[149.319,-35.337],[149.314,-35.336],[149.312,-35.336],[149.291,-35.334],[149.275,-35.336],[149.273,-35.336],[149.271,-35.335],[149.263,-35.332],[149.263,-35.331],[149.26,-35.332],[149.258,-35.332],[149.257,-35.331],[149.256,-35.331],[149.255,-35.331],[149.255,-35.33],[149.253,-35.33],[149.252,-35.33],[149.25,-35.33],[149.25,-35.33],[149.249,-35.33],[149.249,-35.33],[149.248,-35.33],[149.248,-35.33],[149.248,-35.331],[149.247,-35.331],[149.247,-35.331],[149.246,-35.332],[149.246,-35.332],[149.244,-35.335],[149.243,-35.336],[149.231,-35.342],[149.226,-35.342],[149.225,-35.342],[149.224,-35.342],[149.222,-35.341],[149.22,-35.341],[149.22,-35.341],[149.218,-35.342],[149.216,-35.342],[149.204,-35.348],[149.191,-35.369],[149.178,-35.385],[149.177,-35.386],[149.157,-35.407],[149.149,-35.413],[149.148,-35.414],[149.146,-35.415],[149.146,-35.417],[149.145,-35.419],[149.145,-35.423],[149.143,-35.426],[149.139,-35.428],[149.138,-35.428],[149.138,-35.429],[149.138,-35.429],[149.138,-35.43],[149.138,-35.43],[149.139,-35.431],[149.139,-35.431],[149.139,-35.432],[149.139,-35.432],[149.139,-35.433],[149.139,-35.433],[149.14,-35.434],[149.14,-35.434],[149.14,-35.434],[149.14,-35.434],[149.14,-35.434],[149.141,-35.434],[149.141,-35.434],[149.142,-35.434],[149.143,-35.434],[149.145,-35.433],[149.152,-35.433],[149.152,-35.433],[149.153,-35.434],[149.153,-35.434],[149.154,-35.434],[149.154,-35.434],[149.154,-35.434],[149.154,-35.434],[149.154,-35.434],[149.154,-35.435],[149.155,-35.435],[149.155,-35.436],[149.155,-35.437],[149.155,-35.438],[149.153,-35.439],[149.153,-35.44],[149.151,-35.444],[149.135,-35.454],[149.139,-35.468],[149.145,-35.477],[149.151,-35.491],[149.151,-35.492],[149.151,-35.492],[149.152,-35.492],[149.152,-35.493],[149.152,-35.493],[149.151,-35.506],[149.151,-35.506],[149.151,-35.507],[149.151,-35.509],[149.15,-35.511],[149.133,-35.549],[149.143,-35.593],[149.108,-35.584],[149.078,-35.586],[149.079,-35.597],[149.078,-35.599],[149.08,-35.602],[149.08,-35.605],[149.08,-35.609],[149.081,-35.61],[149.083,-35.614],[149.085,-35.617],[149.085,-35.618],[149.085,-35.62],[149.084,-35.622],[149.085,-35.623],[149.086,-35.625],[149.097,-35.647],[149.095,-35.677],[149.109,-35.697],[149.102,-35.708],[149.099,-35.715],[149.099,-35.716],[149.1,-35.717],[149.101,-35.719],[149.101,-35.719],[149.102,-35.72],[149.102,-35.721],[149.104,-35.723],[149.104,-35.724],[149.104,-35.725],[149.104,-35.726],[149.103,-35.727],[149.1,-35.728],[149.099,-35.729],[149.099,-35.731],[149.101,-35.733],[149.101,-35.735],[149.101,-35.736],[149.101,-35.736],[149.096,-35.744],[149.091,-35.766],[149.1,-35.79],[149.1,-35.794],[149.099,-35.795],[149.099,-35.795],[149.098,-35.796],[149.097,-35.797],[149.097,-35.8],[149.101,-35.805],[149.101,-35.815],[149.094,-35.824],[149.095,-35.829],[149.095,-35.83],[149.095,-35.831],[149.094,-35.831],[149.094,-35.832],[149.094,-35.834],[149.092,-35.835],[149.092,-35.835],[149.095,-35.841],[149.096,-35.843],[149.096,-35.846],[149.095,-35.847],[149.093,-35.846],[149.089,-35.848],[149.087,-35.848],[149.062,-35.88],[149.062,-35.881],[149.062,-35.882],[149.062,-35.883],[149.062,-35.885],[149.06,-35.888],[149.06,-35.889],[149.059,-35.895],[149.049,-35.92],[149.046,-35.921],[149.045,-35.919],[149.041,-35.914],[149.034,-35.911],[149.009,-35.901],[149.003,-35.901],[148.997,-35.901],[148.976,-35.892],[148.958,-35.892],[148.941,-35.876],[148.913,-35.856],[148.908,-35.851],[148.904,-35.843],[148.905,-35.84],[148.905,-35.839],[148.904,-35.837],[148.903,-35.836],[148.903,-35.835],[148.903,-35.834],[148.904,-35.833],[148.907,-35.832],[148.907,-35.83],[148.906,-35.828],[148.904,-35.826],[148.898,-35.825],[148.897,-35.818],[148.887,-35.81],[148.887,-35.809],[148.887,-35.809],[148.889,-35.808],[148.889,-35.807],[148.89,-35.806],[148.89,-35.805],[148.891,-35.804],[148.892,-35.803],[148.893,-35.802],[148.895,-35.799],[148.896,-35.797],[148.897,-35.796],[148.898,-35.795],[148.897,-35.794],[148.897,-35.792],[148.896,-35.79],[148.896,-35.79],[148.896,-35.788],[148.895,-35.785],[148.895,-35.783],[148.895,-35.782],[148.895,-35.781],[148.895,-35.779],[148.895,-35.778],[148.895,-35.777],[148.895,-35.775],[148.895,-35.773],[148.895,-35.772],[148.895,-35.771],[148.896,-35.77],[148.897,-35.769],[148.899,-35.768],[148.902,-35.763],[148.903,-35.758],[148.903,-35.757],[148.903,-35.757],[148.901,-35.755],[148.899,-35.752],[148.899,-35.751],[148.898,-35.751],[148.895,-35.751],[148.894,-35.751],[148.893,-35.748],[148.893,-35.746],[148.892,-35.744],[148.891,-35.741],[148.89,-35.739],[148.89,-35.739],[148.89,-35.739],[148.888,-35.737],[148.888,-35.737],[148.888,-35.736],[148.888,-35.734],[148.892,-35.73],[148.892,-35.728],[148.887,-35.719],[148.878,-35.715],[148.871,-35.727],[148.87,-35.728],[148.869,-35.729],[148.869,-35.73],[148.869,-35.731],[148.868,-35.731],[148.867,-35.732],[148.864,-35.734],[148.861,-35.753],[148.839,-35.744],[148.838,-35.744],[148.824,-35.724],[148.823,-35.723],[148.822,-35.721],[148.821,-35.72],[148.814,-35.72],[148.813,-35.72],[148.812,-35.718],[148.81,-35.718],[148.809,-35.717],[148.805,-35.714],[148.804,-35.714],[148.782,-35.737],[148.767,-35.703],[148.754,-35.688],[148.741,-35.684],[148.72,-35.667],[148.678,-35.656],[148.668,-35.66],[148.645,-35.653],[148.624,-35.639],[148.61,-35.617],[148.58,-35.622],[148.581,-35.659],[148.569,-35.665],[148.567,-35.687],[148.552,-35.693],[148.547,-35.714],[148.53,-35.721],[148.517,-35.754],[148.503,-35.778],[148.48,-35.793],[148.452,-35.843],[148.451,-35.872],[148.44,-35.887],[148.445,-35.905],[148.471,-35.915],[148.47,-35.937],[148.514,-35.974],[148.538,-35.999],[148.561,-36.005],[148.554,-36.041],[148.57,-36.066],[148.553,-36.083],[148.565,-36.09],[148.562,-36.105],[148.538,-36.099],[148.513,-36.088],[148.477,-36.106],[148.479,-36.114],[148.454,-36.126],[148.461,-36.145],[148.441,-36.172],[148.435,-36.202],[148.426,-36.204],[148.427,-36.234],[148.434,-36.239],[148.428,-36.261],[148.416,-36.263],[148.396,-36.291],[148.372,-36.289],[148.373,-36.325],[148.357,-36.341],[148.343,-36.368],[148.329,-36.383],[148.289,-36.41],[148.262,-36.456],[148.273,-36.462],[148.247,-36.51],[148.261,-36.528],[148.25,-36.543],[148.268,-36.549],[148.288,-36.569],[148.304,-36.599],[148.275,-36.619],[148.257,-36.617],[148.25,-36.626],[148.239,-36.664],[148.247,-36.668],[148.254,-36.692],[148.238,-36.707],[148.24,-36.73],[148.232,-36.747],[148.211,-36.752],[148.202,-36.772],[148.201,-36.799],[148.524,-36.93],[148.798,-37.041],[148.993,-37.118],[149.356,-37.263],[149.592,-37.356],[149.976,-37.505],[149.975,-37.446],[149.959,-37.426],[149.955,-37.389],[149.95,-37.375],[149.959,-37.348],[149.972,-37.329],[149.966,-37.307],[149.943,-37.283],[149.966,-37.25],[149.986,-37.24],[150.016,-37.255],[150.05,-37.26],[150.031,-37.238],[150.021,-37.218],[150.019,-37.191],[150.012,-37.181],[150.005,-37.143],[149.988,-37.141],[149.95,-37.104],[149.929,-37.111],[149.904,-37.109],[149.872,-37.091],[149.91,-37.062],[149.924,-37.046],[149.939,-37.039],[149.944,-37.022],[149.929,-37.006],[149.927,-36.992],[149.938,-36.952],[149.918,-36.948],[149.905,-36.928],[149.907,-36.909],[149.916,-36.897],[149.931,-36.902],[149.931,-36.873],[149.946,-36.852],[149.934,-36.84],[149.942,-36.808],[149.955,-36.791],[149.968,-36.786],[149.979,-36.765],[149.983,-36.739],[149.979,-36.722],[149.983,-36.701],[149.996,-36.674],[150.022,-36.626],[150.055,-36.573],[150.066,-36.548],[150.056,-36.541],[150.06,-36.525],[150.057,-36.481],[150.074,-36.458],[150.072,-36.444],[150.085,-36.43],[150.069,-36.421],[150.067,-36.399],[150.081,-36.378],[150.083,-36.363],[150.102,-36.34],[150.131,-36.316],[150.138,-36.304],[150.131,-36.289],[150.146,-36.268],[150.147,-36.238],[150.132,-36.205],[150.135,-36.171],[150.125,-36.158],[150.126,-36.129],[150.138,-36.097],[150.133,-36.082],[150.141,-36.051],[150.124,-36.032],[150.105,-36.02],[150.085,-36.022],[150.075,-36.008],[150.054,-36.02],[150.053,-36.041],[150.014,-36.036],[149.972,-36.009],[149.967,-36.01],[149.856,-35.809],[149.86,-35.795],[149.827,-35.778],[149.817,-35.753],[149.83,-35.721],[149.857,-35.719],[149.908,-35.637],[149.934,-35.612],[149.936,-35.595],[149.93,-35.566],[149.949,-35.553],[149.964,-35.501],[149.999,-35.479],[150.006,-35.461],[150.007,-35.431],[150.023,-35.411],[150.038,-35.406],[150.042,-35.383],[150.037,-35.367],[150.047,-35.347],[150.038,-35.332],[150.053,-35.309],[150.087,-35.301],[150.107,-35.285],[150.114,-35.291],[150.148,-35.27],[150.172,-35.249],[150.17,-35.239],[150.197,-35.23],[150.186,-35.2],[150.208,-35.204],[150.215,-35.194],[150.204,-35.178],[150.176,-35.165],[150.17,-35.149],[150.142,-35.144],[150.14,-35.118],[150.129,-35.098],[150.103,-35.082],[150.106,-35.072],[150.072,-35.05],[150.064,-35.022],[150.066,-35.005],[150.084,-34.991],[150.078,-34.976],[150.056,-34.965],[150.068,-34.936],[150.088,-34.925],[150.08,-34.897],[150.054,-34.882],[150.041,-34.86],[150.037,-34.844],[150.044,-34.828],[150.036,-34.807],[150.04,-34.796],[150.067,-34.779],[150.074,-34.768],[150.105,-34.789],[150.125,-34.808],[150.127,-34.817],[150.157,-34.823],[150.194,-34.82],[150.21,-34.814],[150.236,-34.794],[150.258,-34.79],[150.268,-34.774],[150.288,-34.765],[150.31,-34.772],[150.334,-34.752]]]}},{"type":"Feature","properties":{"name":"Farrer"},"geometry":{"type":"Polygon","coordinates":[[[147.689,-35.938],[147.687,-35.918],[147.696,-35.912],[147.691,-35.886],[147.708,-35.879],[147.703,-35.856],[147.714,-35.839],[147.74,-35.834],[147.761,-35.84],[147.774,-35.819],[147.813,-35.771],[147.82,-35.744],[147.808,-35.721],[147.802,-35.678],[147.821,-35.649],[147.834,-35.642],[147.876,-35.634],[147.894,-35.624],[147.855,-35.56],[147.812,-35.549],[147.792,-35.551],[147.738,-35.541],[147.686,-35.534],[147.681,-35.557],[147.646,-35.539],[147.632,-35.547],[147.608,-35.54],[147.581,-35.516],[147.525,-35.483],[147.518,-35.497],[147.498,-35.514],[147.502,-35.522],[147.481,-35.545],[147.456,-35.531],[147.438,-35.537],[147.419,-35.534],[147.395,-35.555],[147.382,-35.551],[147.384,-35.53],[147.364,-35.514],[147.303,-35.496],[147.283,-35.5],[147.263,-35.489],[147.247,-35.488],[147.238,-35.471],[147.227,-35.474],[147.195,-35.466],[147.185,-35.448],[147.166,-35.457],[147.158,-35.469],[147.125,-35.463],[147.122,-35.456],[147.087,-35.45],[147.017,-35.494],[146.994,-35.489],[146.991,-35.517],[146.971,-35.519],[146.91,-35.555],[146.891,-35.56],[146.888,-35.573],[146.871,-35.576],[146.798,-35.566],[146.797,-35.575],[146.702,-35.561],[146.673,-35.555],[146.662,-35.548],[146.67,-35.52],[146.554,-35.494],[146.54,-35.487],[146.428,-35.471],[146.375,-35.405],[146.354,-35.388],[146.364,-35.338],[146.373,-35.321],[146.389,-35.323],[146.392,-35.303],[146.404,-35.304],[146.414,-35.251],[146.386,-35.247],[146.389,-35.232],[146.564,-35.119],[146.615,-35.114],[146.635,-35.096],[146.662,-35.089],[146.688,-35.068],[146.762,-35.076],[146.779,-35.098],[146.784,-35.07],[146.794,-35.058],[146.808,-34.987],[146.804,-34.969],[146.78,-34.947],[146.784,-34.924],[146.844,-34.899],[146.831,-34.881],[146.843,-34.837],[146.876,-34.663],[146.912,-34.483],[146.835,-34.473],[146.795,-34.471],[146.823,-34.311],[146.719,-34.298],[146.729,-34.237],[146.624,-34.225],[146.635,-34.151],[146.458,-34.133],[146.472,-34.057],[146.493,-33.92],[146.417,-33.911],[146.437,-33.794],[146.317,-33.781],[146.07,-33.754],[146.095,-33.603],[146.054,-33.476],[146.067,-33.371],[146.067,-33.359],[146.088,-33.321],[146.082,-33.309],[146.095,-33.276],[146.059,-33.212],[146.094,-33.189],[146.032,-33.094],[145.905,-33.088],[145.907,-33.079],[145.873,-33.075],[145.871,-33.086],[145.755,-33.083],[145.645,-33.08],[145.669,-32.936],[145.652,-32.935],[145.672,-32.806],[145.587,-32.796],[145.596,-32.738],[145.557,-32.733],[145.553,-32.756],[145.569,-32.758],[145.561,-32.781],[145.545,-32.775],[145.504,-32.77],[145.51,-32.728],[145.467,-32.723],[145.415,-32.761],[145.413,-32.776],[145.331,-32.767],[145.344,-32.682],[145.257,-32.671],[145.249,-32.724],[145.165,-32.715],[145.127,-32.955],[145.119,-32.954],[145.108,-33.034],[145.028,-33.022],[144.992,-33.034],[144.979,-33.084],[144.963,-33.087],[144.942,-33.078],[144.909,-33.074],[144.913,-33.049],[144.798,-33.036],[144.778,-33.163],[144.76,-33.157],[144.742,-33.174],[144.733,-33.231],[144.646,-33.222],[144.643,-33.241],[144.612,-33.238],[144.609,-33.256],[144.596,-33.27],[144.58,-33.268],[144.578,-33.289],[144.549,-33.286],[144.547,-33.3],[144.491,-33.293],[144.263,-33.273],[144.278,-33.254],[144.236,-33.25],[144.251,-33.155],[143.906,-33.116],[143.898,-33.161],[143.839,-33.155],[143.817,-33.137],[143.79,-33.149],[143.721,-33.14],[143.715,-33.155],[143.674,-33.171],[143.665,-33.179],[143.637,-33.15],[143.552,-33.14],[143.573,-33.012],[143.603,-33.007],[143.653,-33.012],[143.662,-32.955],[143.672,-32.941],[143.585,-32.931],[143.592,-32.885],[143.506,-32.876],[143.5,-32.918],[143.417,-32.907],[143.432,-32.808],[143.27,-32.791],[143.271,-32.78],[142.965,-32.749],[142.944,-32.891],[142.516,-32.847],[142.55,-32.991],[142.548,-33.017],[142.424,-33.005],[142.428,-32.979],[142.376,-32.974],[142.374,-32.989],[142.382,-33.006],[142.363,-33.025],[142.334,-33.046],[142.314,-33.049],[142.311,-33.067],[142.29,-33.082],[142.297,-33.102],[142.293,-33.117],[142.274,-33.123],[142.178,-33.115],[142.106,-33.112],[142.108,-33.09],[142.023,-33.085],[142.038,-33.144],[141.755,-33.116],[141.561,-33.096],[141.573,-33.006],[141.403,-32.988],[141.388,-33.081],[141.348,-33.367],[141.306,-33.362],[141.309,-33.341],[141.267,-33.337],[141.264,-33.356],[141.168,-33.346],[141.002,-33.329],[141.002,-33.33],[141.002,-33.437],[141.003,-33.499],[141.003,-33.585],[141.003,-33.679],[141.003,-33.854],[141.003,-33.884],[141.003,-34.022],[141.009,-34.045],[141.039,-34.053],[141.062,-34.054],[141.092,-34.077],[141.098,-34.069],[141.135,-34.06],[141.153,-34.064],[141.153,-34.08],[141.179,-34.089],[141.207,-34.061],[141.237,-34.07],[141.242,-34.081],[141.261,-34.079],[141.283,-34.103],[141.313,-34.112],[141.313,-34.124],[141.332,-34.132],[141.346,-34.124],[141.349,-34.112],[141.403,-34.127],[141.412,-34.15],[141.453,-34.161],[141.495,-34.155],[141.511,-34.178],[141.507,-34.19],[141.517,-34.207],[141.533,-34.212],[141.545,-34.201],[141.568,-34.192],[141.583,-34.199],[141.59,-34.175],[141.632,-34.14],[141.635,-34.12],[141.654,-34.117],[141.677,-34.101],[141.705,-34.096],[141.717,-34.115],[141.745,-34.103],[141.775,-34.114],[141.802,-34.116],[141.842,-34.133],[141.888,-34.126],[141.885,-34.115],[141.904,-34.111],[141.947,-34.12],[141.964,-34.137],[141.97,-34.12],[141.983,-34.112],[142.013,-34.125],[142.013,-34.105],[142.033,-34.113],[142.034,-34.129],[142.052,-34.125],[142.074,-34.13],[142.067,-34.153],[142.078,-34.158],[142.082,-34.173],[142.104,-34.177],[142.121,-34.174],[142.119,-34.16],[142.138,-34.16],[142.148,-34.149],[142.166,-34.152],[142.159,-34.171],[142.166,-34.183],[142.184,-34.176],[142.199,-34.183],[142.22,-34.182],[142.229,-34.207],[142.244,-34.217],[142.244,-34.232],[142.236,-34.249],[142.25,-34.267],[142.249,-34.287],[142.232,-34.297],[142.239,-34.308],[142.272,-34.304],[142.292,-34.324],[142.322,-34.337],[142.349,-34.337],[142.365,-34.327],[142.397,-34.338],[142.384,-34.347],[142.391,-34.36],[142.369,-34.37],[142.371,-34.383],[142.352,-34.395],[142.353,-34.419],[142.365,-34.447],[142.354,-34.471],[142.375,-34.477],[142.361,-34.488],[142.392,-34.492],[142.368,-34.527],[142.377,-34.541],[142.411,-34.553],[142.429,-34.573],[142.452,-34.573],[142.468,-34.564],[142.471,-34.593],[142.459,-34.617],[142.472,-34.64],[142.472,-34.667],[142.498,-34.672],[142.519,-34.704],[142.513,-34.723],[142.5,-34.739],[142.526,-34.76],[142.596,-34.773],[142.616,-34.785],[142.631,-34.784],[142.646,-34.764],[142.619,-34.754],[142.617,-34.738],[142.655,-34.728],[142.68,-34.739],[142.697,-34.72],[142.679,-34.68],[142.689,-34.672],[142.71,-34.677],[142.709,-34.662],[142.689,-34.651],[142.704,-34.612],[142.7,-34.603],[142.732,-34.6],[142.746,-34.603],[142.764,-34.597],[142.757,-34.579],[142.781,-34.579],[142.781,-34.565],[142.793,-34.55],[142.809,-34.562],[142.788,-34.591],[142.805,-34.609],[142.836,-34.611],[142.854,-34.62],[142.872,-34.652],[142.874,-34.673],[142.899,-34.669],[142.902,-34.655],[142.925,-34.65],[142.934,-34.66],[142.963,-34.677],[142.982,-34.683],[142.991,-34.668],[143.013,-34.671],[143.014,-34.695],[143.031,-34.694],[143.04,-34.703],[143.066,-34.688],[143.09,-34.701],[143.134,-34.701],[143.147,-34.71],[143.165,-34.701],[143.17,-34.72],[143.194,-34.713],[143.201,-34.733],[143.229,-34.747],[143.243,-34.747],[143.254,-34.767],[143.274,-34.777],[143.284,-34.795],[143.307,-34.78],[143.352,-34.796],[143.347,-34.805],[143.359,-34.817],[143.346,-34.855],[143.349,-34.864],[143.332,-34.885],[143.333,-34.911],[143.343,-34.934],[143.32,-34.948],[143.318,-34.986],[143.336,-35.003],[143.335,-35.035],[143.34,-35.056],[143.341,-35.089],[143.349,-35.105],[143.374,-35.123],[143.391,-35.147],[143.383,-35.174],[143.396,-35.193],[143.418,-35.195],[143.446,-35.19],[143.465,-35.203],[143.471,-35.219],[143.492,-35.22],[143.52,-35.213],[143.529,-35.22],[143.546,-35.207],[143.564,-35.203],[143.579,-35.214],[143.565,-35.236],[143.576,-35.265],[143.591,-35.282],[143.578,-35.303],[143.563,-35.318],[143.567,-35.344],[143.582,-35.341],[143.629,-35.392],[143.642,-35.401],[143.677,-35.372],[143.71,-35.393],[143.746,-35.389],[143.768,-35.401],[143.764,-35.424],[143.79,-35.422],[143.803,-35.434],[143.818,-35.438],[143.827,-35.455],[143.841,-35.459],[143.868,-35.481],[143.919,-35.501],[143.959,-35.504],[143.978,-35.534],[143.996,-35.535],[143.989,-35.553],[144.048,-35.556],[144.062,-35.577],[144.106,-35.592],[144.113,-35.602],[144.118,-35.626],[144.141,-35.646],[144.153,-35.646],[144.162,-35.672],[144.185,-35.67],[144.195,-35.686],[144.214,-35.687],[144.215,-35.704],[144.248,-35.721],[144.247,-35.729],[144.268,-35.754],[144.285,-35.737],[144.353,-35.778],[144.352,-35.786],[144.376,-35.801],[144.365,-35.82],[144.376,-35.824],[144.375,-35.841],[144.39,-35.859],[144.405,-35.862],[144.409,-35.899],[144.439,-35.931],[144.464,-35.941],[144.493,-35.968],[144.514,-35.974],[144.52,-35.996],[144.554,-36.003],[144.557,-36.014],[144.578,-36.021],[144.583,-36.039],[144.619,-36.04],[144.609,-36.065],[144.628,-36.067],[144.625,-36.052],[144.653,-36.053],[144.653,-36.074],[144.692,-36.069],[144.685,-36.091],[144.712,-36.091],[144.718,-36.114],[144.743,-36.109],[144.748,-36.121],[144.774,-36.121],[144.787,-36.128],[144.806,-36.124],[144.824,-36.103],[144.843,-36.097],[144.842,-36.083],[144.875,-36.058],[144.889,-36.064],[144.933,-36.067],[144.946,-36.082],[144.965,-36.079],[144.987,-36.064],[144.982,-36.048],[144.968,-36.042],[144.966,-36.029],[144.946,-36.013],[144.946,-36.005],[144.924,-35.989],[144.931,-35.969],[144.956,-35.962],[144.949,-35.932],[144.975,-35.883],[144.968,-35.866],[144.979,-35.858],[145.02,-35.856],[145.047,-35.837],[145.073,-35.828],[145.11,-35.824],[145.134,-35.828],[145.168,-35.842],[145.183,-35.835],[145.213,-35.836],[145.247,-35.83],[145.284,-35.857],[145.307,-35.86],[145.325,-35.851],[145.352,-35.866],[145.387,-35.85],[145.41,-35.849],[145.42,-35.828],[145.442,-35.836],[145.46,-35.827],[145.472,-35.811],[145.504,-35.81],[145.521,-35.819],[145.532,-35.805],[145.556,-35.815],[145.564,-35.832],[145.582,-35.848],[145.589,-35.863],[145.605,-35.874],[145.625,-35.862],[145.632,-35.889],[145.659,-35.903],[145.674,-35.926],[145.698,-35.925],[145.726,-35.942],[145.747,-35.964],[145.778,-35.96],[145.793,-35.983],[145.844,-35.983],[145.849,-35.969],[145.871,-35.955],[145.908,-35.954],[145.915,-35.965],[145.951,-35.975],[145.953,-35.992],[145.968,-36.006],[145.987,-36.013],[146.031,-35.995],[146.058,-36.013],[146.096,-36.02],[146.108,-36.014],[146.142,-36.017],[146.155,-36.025],[146.174,-36.02],[146.177,-36.034],[146.198,-36.03],[146.244,-36.028],[146.256,-36.013],[146.288,-36.015],[146.291,-36.035],[146.306,-36.043],[146.346,-36.029],[146.347,-36.038],[146.367,-36.05],[146.387,-36.037],[146.381,-36.013],[146.398,-36.008],[146.403,-35.989],[146.436,-35.967],[146.457,-35.967],[146.488,-35.99],[146.5,-35.978],[146.501,-35.965],[146.527,-35.97],[146.532,-35.982],[146.55,-35.992],[146.57,-35.979],[146.608,-35.975],[146.613,-35.995],[146.622,-35.995],[146.657,-36.026],[146.683,-36.039],[146.717,-36.027],[146.732,-36.031],[146.731,-36.045],[146.76,-36.058],[146.796,-36.057],[146.814,-36.064],[146.825,-36.089],[146.849,-36.087],[146.873,-36.074],[146.881,-36.088],[146.902,-36.083],[146.912,-36.106],[146.946,-36.116],[146.951,-36.094],[146.973,-36.082],[147.016,-36.089],[147.035,-36.115],[147.049,-36.104],[147.06,-36.074],[147.085,-36.052],[147.095,-36.053],[147.105,-36.019],[147.114,-36.001],[147.137,-36.029],[147.162,-36.031],[147.204,-36.05],[147.226,-36.048],[147.242,-36.039],[147.3,-36.045],[147.318,-36.06],[147.352,-36.032],[147.346,-36.024],[147.361,-35.989],[147.384,-35.972],[147.404,-35.944],[147.456,-35.958],[147.464,-35.944],[147.499,-35.947],[147.526,-35.986],[147.555,-36.003],[147.584,-35.986],[147.582,-35.968],[147.605,-35.977],[147.638,-35.962],[147.654,-35.944],[147.68,-35.944],[147.689,-35.938]]]}},{"type":"Feature","properties":{"name":"Fowler"},"geometry":{"type":"Polygon","coordinates":[[[150.973,-33.889],[150.986,-33.87],[150.961,-33.868],[150.96,-33.881],[150.945,-33.886],[150.917,-33.874],[150.918,-33.848],[150.876,-33.852],[150.87,-33.865],[150.854,-33.863],[150.842,-33.876],[150.854,-33.884],[150.882,-33.889],[150.904,-33.915],[150.904,-33.938],[150.918,-33.939],[150.936,-33.93],[150.969,-33.931],[150.979,-33.929],[150.979,-33.906],[150.973,-33.889]]]}},{"type":"Feature","properties":{"name":"Gilmore"},"geometry":{"type":"Polygon","coordinates":[[[150.141,-36.051],[150.149,-36.029],[150.161,-36.013],[150.151,-35.979],[150.16,-35.955],[150.158,-35.909],[150.15,-35.891],[150.156,-35.877],[150.179,-35.854],[150.187,-35.833],[150.225,-35.828],[150.224,-35.808],[150.237,-35.787],[150.235,-35.775],[150.212,-35.76],[150.217,-35.746],[150.199,-35.73],[150.198,-35.702],[150.229,-35.703],[150.273,-35.719],[150.28,-35.704],[150.301,-35.683],[150.299,-35.647],[150.33,-35.629],[150.323,-35.614],[150.339,-35.605],[150.365,-35.571],[150.376,-35.572],[150.392,-35.537],[150.408,-35.53],[150.392,-35.504],[150.391,-35.469],[150.42,-35.424],[150.445,-35.408],[150.448,-35.394],[150.467,-35.376],[150.487,-35.366],[150.476,-35.347],[150.472,-35.317],[150.48,-35.29],[150.501,-35.272],[150.515,-35.268],[150.541,-35.245],[150.531,-35.232],[150.54,-35.217],[150.573,-35.193],[150.594,-35.185],[150.592,-35.176],[150.597,-35.171],[150.602,-35.17],[150.603,-35.166],[150.601,-35.164],[150.606,-35.157],[150.603,-35.152],[150.596,-35.151],[150.595,-35.147],[150.594,-35.145],[150.594,-35.144],[150.594,-35.144],[150.594,-35.144],[150.594,-35.144],[150.594,-35.144],[150.595,-35.144],[150.595,-35.144],[150.595,-35.144],[150.595,-35.144],[150.595,-35.145],[150.596,-35.145],[150.597,-35.146],[150.607,-35.144],[150.615,-35.148],[150.616,-35.148],[150.617,-35.148],[150.618,-35.148],[150.62,-35.148],[150.621,-35.148],[150.621,-35.148],[150.621,-35.148],[150.621,-35.148],[150.621,-35.148],[150.621,-35.147],[150.622,-35.147],[150.622,-35.148],[150.623,-35.148],[150.624,-35.149],[150.625,-35.149],[150.626,-35.15],[150.626,-35.15],[150.627,-35.15],[150.628,-35.15],[150.629,-35.15],[150.629,-35.15],[150.629,-35.15],[150.631,-35.149],[150.634,-35.149],[150.638,-35.146],[150.644,-35.139],[150.651,-35.132],[150.654,-35.131],[150.655,-35.13],[150.655,-35.13],[150.656,-35.13],[150.656,-35.13],[150.656,-35.13],[150.656,-35.13],[150.657,-35.13],[150.657,-35.129],[150.66,-35.126],[150.662,-35.119],[150.662,-35.119],[150.662,-35.118],[150.661,-35.118],[150.661,-35.118],[150.661,-35.118],[150.702,-35.123],[150.695,-35.111],[150.689,-35.072],[150.674,-35.062],[150.673,-35.035],[150.687,-35.017],[150.741,-34.992],[150.76,-34.992],[150.775,-35.003],[150.771,-35.022],[150.785,-35.031],[150.774,-35.065],[150.8,-35.084],[150.807,-35.094],[150.833,-35.075],[150.843,-35.051],[150.834,-35.043],[150.84,-35.024],[150.849,-35.013],[150.829,-35.005],[150.821,-35.015],[150.798,-35.004],[150.785,-34.987],[150.776,-34.95],[150.781,-34.933],[150.769,-34.927],[150.766,-34.91],[150.751,-34.891],[150.75,-34.855],[150.762,-34.817],[150.792,-34.783],[150.828,-34.769],[150.845,-34.727],[150.85,-34.704],[150.86,-34.689],[150.855,-34.66],[150.861,-34.628],[150.833,-34.639],[150.797,-34.641],[150.796,-34.615],[150.79,-34.602],[150.768,-34.599],[150.758,-34.613],[150.7,-34.605],[150.667,-34.612],[150.643,-34.625],[150.623,-34.644],[150.59,-34.659],[150.576,-34.67],[150.58,-34.693],[150.568,-34.697],[150.563,-34.652],[150.548,-34.65],[150.504,-34.667],[150.498,-34.682],[150.469,-34.678],[150.452,-34.692],[150.433,-34.69],[150.406,-34.701],[150.389,-34.714],[150.378,-34.737],[150.359,-34.748],[150.334,-34.752],[150.31,-34.772],[150.288,-34.765],[150.268,-34.774],[150.258,-34.79],[150.236,-34.794],[150.21,-34.814],[150.194,-34.82],[150.157,-34.823],[150.127,-34.817],[150.125,-34.808],[150.105,-34.789],[150.074,-34.768],[150.067,-34.779],[150.04,-34.796],[150.036,-34.807],[150.044,-34.828],[150.037,-34.844],[150.041,-34.86],[150.054,-34.882],[150.08,-34.897],[150.088,-34.925],[150.068,-34.936],[150.056,-34.965],[150.078,-34.976],[150.084,-34.991],[150.066,-35.005],[150.064,-35.022],[150.072,-35.05],[150.106,-35.072],[150.103,-35.082],[150.129,-35.098],[150.14,-35.118],[150.142,-35.144],[150.17,-35.149],[150.176,-35.165],[150.204,-35.178],[150.215,-35.194],[150.208,-35.204],[150.186,-35.2],[150.197,-35.23],[150.17,-35.239],[150.172,-35.249],[150.148,-35.27],[150.114,-35.291],[150.107,-35.285],[150.087,-35.301],[150.053,-35.309],[150.038,-35.332],[150.047,-35.347],[150.037,-35.367],[150.042,-35.383],[150.038,-35.406],[150.023,-35.411],[150.007,-35.431],[150.006,-35.461],[149.999,-35.479],[149.964,-35.501],[149.949,-35.553],[149.93,-35.566],[149.936,-35.595],[149.934,-35.612],[149.908,-35.637],[149.857,-35.719],[149.83,-35.721],[149.817,-35.753],[149.827,-35.778],[149.86,-35.795],[149.856,-35.809],[149.967,-36.01],[149.972,-36.009],[150.014,-36.036],[150.053,-36.041],[150.054,-36.02],[150.075,-36.008],[150.085,-36.022],[150.105,-36.02],[150.124,-36.032],[150.141,-36.051]]]}},{"type":"Feature","properties":{"name":"Grayndler"},"geometry":{"type":"Polygon","coordinates":[[[151.181,-33.919],[151.172,-33.895],[151.175,-33.873],[151.142,-33.87],[151.118,-33.889],[151.092,-33.888],[151.089,-33.901],[151.11,-33.903],[151.117,-33.913],[151.155,-33.924],[151.161,-33.934],[151.181,-33.919]]]}},{"type":"Feature","properties":{"name":"Greenway"},"geometry":{"type":"Polygon","coordinates":[[[150.958,-33.766],[150.927,-33.697],[150.935,-33.669],[150.933,-33.66],[150.937,-33.623],[150.904,-33.612],[150.874,-33.657],[150.851,-33.65],[150.853,-33.663],[150.882,-33.722],[150.898,-33.738],[150.905,-33.768],[150.935,-33.774],[150.958,-33.766]]]}},{"type":"Feature","properties":{"name":"Hughes"},"geometry":{"type":"Polygon","coordinates":[[[151.066,-34.172],[151.081,-34.167],[151.122,-34.14],[151.14,-34.117],[151.152,-34.11],[151.172,-34.087],[151.163,-34.072],[151.138,-34.077],[151.113,-34.076],[151.096,-34.056],[151.087,-34.067],[151.072,-34.063],[151.076,-34.05],[151.065,-34.042],[151.065,-34.011],[151.073,-33.996],[151.058,-33.987],[151.035,-33.992],[151.035,-33.977],[151.012,-33.984],[150.998,-33.975],[150.966,-33.944],[150.969,-33.931],[150.936,-33.93],[150.918,-33.939],[150.899,-33.966],[150.88,-33.964],[150.856,-33.975],[150.857,-33.986],[150.829,-34.011],[150.859,-34.016],[150.886,-34.025],[150.887,-34.032],[150.941,-34.04],[150.934,-34.059],[150.937,-34.095],[150.923,-34.13],[150.98,-34.138],[151.019,-34.156],[151.016,-34.166],[151.066,-34.172]]]}},{"type":"Feature","properties":{"name":"Hume"},"geometry":{"type":"Polygon","coordinates":[[[150.746,-34.337],[150.751,-34.302],[150.792,-34.307],[150.817,-34.306],[150.805,-34.271],[150.817,-34.27],[150.853,-34.28],[150.876,-34.26],[150.891,-34.228],[150.891,-34.214],[150.857,-34.193],[150.86,-34.181],[150.841,-34.177],[150.752,-34.164],[150.756,-34.141],[150.753,-34.117],[150.737,-34.113],[150.742,-34.081],[150.766,-34.078],[150.781,-34.06],[150.746,-34.037],[150.764,-34.016],[150.811,-33.974],[150.823,-33.952],[150.759,-33.944],[150.755,-33.911],[150.771,-33.896],[150.768,-33.876],[150.698,-33.864],[150.688,-33.848],[150.672,-33.842],[150.613,-33.862],[150.612,-33.873],[150.561,-33.904],[150.524,-33.921],[150.495,-33.95],[150.471,-33.963],[150.457,-33.951],[150.437,-33.951],[150.404,-33.941],[150.386,-33.911],[150.369,-33.908],[150.363,-33.893],[150.341,-33.901],[150.327,-33.857],[150.304,-33.845],[150.281,-33.851],[150.265,-33.866],[150.233,-33.885],[150.197,-33.878],[150.186,-33.881],[150.156,-33.893],[150.17,-33.902],[150.165,-33.912],[150.176,-33.945],[150.189,-33.951],[150.21,-33.937],[150.217,-33.948],[150.241,-33.952],[150.209,-33.998],[150.165,-34.023],[150.153,-34.043],[150.141,-34.051],[150.146,-34.071],[150.116,-34.08],[150.118,-34.091],[150.105,-34.109],[150.113,-34.127],[150.105,-34.138],[150.037,-34.121],[150.022,-34.129],[150.017,-34.145],[150.047,-34.15],[150.047,-34.161],[150.063,-34.183],[150.066,-34.195],[150.052,-34.225],[150.062,-34.239],[150.059,-34.267],[150.117,-34.283],[150.127,-34.293],[150.157,-34.306],[150.197,-34.304],[150.223,-34.275],[150.233,-34.229],[150.272,-34.223],[150.357,-34.237],[150.442,-34.248],[150.551,-34.267],[150.542,-34.294],[150.563,-34.297],[150.566,-34.323],[150.602,-34.314],[150.746,-34.337]]]}},{"type":"Feature","properties":{"name":"Hunter"},"geometry":{"type":"Polygon","coordinates":[[[151.64,-32.92],[151.639,-32.907],[151.619,-32.902],[151.601,-32.889],[151.566,-32.875],[151.533,-32.831],[151.509,-32.823],[151.498,-32.807],[151.474,-32.796],[151.446,-32.766],[151.434,-32.759],[151.421,-32.735],[151.423,-32.723],[151.401,-32.703],[151.407,-32.679],[151.403,-32.661],[151.424,-32.646],[151.435,-32.614],[151.471,-32.618],[151.48,-32.555],[151.496,-32.557],[151.502,-32.529],[151.495,-32.524],[151.501,-32.504],[151.457,-32.472],[151.454,-32.464],[151.468,-32.449],[151.468,-32.421],[151.446,-32.407],[151.411,-32.349],[151.383,-32.324],[151.371,-32.292],[151.361,-32.289],[151.339,-32.262],[151.337,-32.237],[151.348,-32.219],[151.342,-32.176],[151.327,-32.172],[151.328,-32.155],[151.31,-32.139],[151.295,-32.169],[151.27,-32.184],[151.246,-32.21],[151.238,-32.208],[151.209,-32.22],[151.197,-32.234],[151.174,-32.212],[151.159,-32.211],[151.16,-32.229],[151.169,-32.244],[151.156,-32.267],[151.129,-32.27],[151.126,-32.284],[151.11,-32.282],[151.096,-32.312],[151.099,-32.335],[151.048,-32.332],[151.046,-32.347],[151.029,-32.345],[151.018,-32.402],[150.984,-32.398],[150.977,-32.408],[150.898,-32.397],[150.883,-32.47],[150.853,-32.451],[150.843,-32.48],[150.833,-32.486],[150.817,-32.473],[150.799,-32.466],[150.778,-32.474],[150.745,-32.641],[150.682,-32.633],[150.671,-32.698],[150.634,-32.702],[150.623,-32.713],[150.603,-32.718],[150.582,-32.747],[150.557,-32.758],[150.541,-32.754],[150.527,-32.76],[150.518,-32.749],[150.494,-32.752],[150.492,-32.765],[150.465,-32.78],[150.461,-32.795],[150.445,-32.792],[150.413,-32.824],[150.389,-32.826],[150.386,-32.84],[150.363,-32.846],[150.362,-32.867],[150.341,-32.871],[150.336,-32.885],[150.347,-32.895],[150.366,-32.937],[150.367,-32.972],[150.376,-32.99],[150.372,-33.015],[150.393,-33.034],[150.405,-33.025],[150.448,-33.035],[150.465,-33.046],[150.488,-33.048],[150.497,-33.036],[150.52,-33.035],[150.545,-33.042],[150.553,-33.06],[150.572,-33.059],[150.604,-33.07],[150.611,-33.066],[150.63,-33.059],[150.718,-33.069],[150.706,-33.045],[150.682,-33.045],[150.672,-33.027],[150.677,-33.013],[150.694,-32.996],[150.703,-33.01],[150.723,-33.013],[150.746,-33.022],[150.761,-33.015],[150.764,-33],[150.805,-33.006],[150.832,-33.033],[150.849,-33.034],[150.855,-33.056],[150.848,-33.093],[150.872,-33.104],[150.873,-33.114],[150.9,-33.121],[150.916,-33.112],[150.942,-33.123],[150.974,-33.13],[150.994,-33.123],[151.024,-33.126],[151.035,-33.117],[151.042,-33.091],[151.052,-33.08],[151.084,-33.075],[151.104,-33.077],[151.109,-33.086],[151.13,-33.095],[151.136,-33.11],[151.162,-33.124],[151.203,-33.139],[151.207,-33.133],[151.251,-33.1],[151.26,-33.1],[151.267,-33.059],[151.315,-33.048],[151.333,-33.069],[151.379,-33.1],[151.383,-33.14],[151.397,-33.165],[151.399,-33.186],[151.439,-33.195],[151.455,-33.203],[151.464,-33.194],[151.491,-33.187],[151.512,-33.194],[151.528,-33.18],[151.526,-33.158],[151.533,-33.141],[151.555,-33.127],[151.573,-33.122],[151.575,-33.09],[151.59,-33.081],[151.614,-33.091],[151.633,-33.041],[151.619,-33.013],[151.628,-33.003],[151.631,-32.982],[151.615,-32.967],[151.614,-32.955],[151.625,-32.931],[151.64,-32.92]]]}},{"type":"Feature","properties":{"name":"Kingsford Smith"},"geometry":{"type":"Polygon","coordinates":[[[151.232,-34.017],[151.249,-34.002],[151.258,-33.972],[151.257,-33.952],[151.262,-33.917],[151.237,-33.912],[151.215,-33.901],[151.211,-33.924],[151.181,-33.919],[151.161,-33.934],[151.16,-33.943],[151.143,-33.965],[151.144,-33.985],[151.164,-34.001],[151.221,-34.002],[151.232,-34.017]]]}},{"type":"Feature","properties":{"name":"Lindsay"},"geometry":{"type":"Polygon","coordinates":[[[150.812,-33.678],[150.782,-33.638],[150.708,-33.613],[150.681,-33.625],[150.658,-33.677],[150.66,-33.733],[150.685,-33.741],[150.68,-33.75],[150.642,-33.779],[150.62,-33.814],[150.6,-33.826],[150.588,-33.845],[150.592,-33.855],[150.613,-33.862],[150.672,-33.842],[150.688,-33.848],[150.698,-33.864],[150.768,-33.876],[150.769,-33.836],[150.765,-33.783],[150.811,-33.791],[150.803,-33.777],[150.784,-33.741],[150.762,-33.735],[150.766,-33.706],[150.79,-33.69],[150.799,-33.676],[150.812,-33.678]]]}},{"type":"Feature","properties":{"name":"Lyne"},"geometry":{"type":"Polygon","coordinates":[[[152.915,-31.493],[152.874,-31.488],[152.84,-31.476],[152.815,-31.477],[152.824,-31.446],[152.825,-31.414],[152.805,-31.383],[152.786,-31.343],[152.737,-31.34],[152.735,-31.319],[152.712,-31.301],[152.69,-31.263],[152.674,-31.254],[152.68,-31.227],[152.705,-31.207],[152.746,-31.216],[152.752,-31.195],[152.74,-31.187],[152.706,-31.181],[152.707,-31.152],[152.681,-31.141],[152.672,-31.153],[152.64,-31.15],[152.632,-31.138],[152.615,-31.136],[152.598,-31.124],[152.574,-31.132],[152.561,-31.13],[152.556,-31.148],[152.54,-31.163],[152.514,-31.168],[152.471,-31.166],[152.456,-31.156],[152.413,-31.165],[152.386,-31.167],[152.369,-31.156],[152.368,-31.136],[152.35,-31.117],[152.331,-31.127],[152.317,-31.203],[152.255,-31.195],[152.253,-31.205],[152.223,-31.208],[152.2,-31.194],[152.176,-31.199],[152.157,-31.186],[152.148,-31.196],[152.154,-31.209],[152.15,-31.224],[152.161,-31.241],[152.148,-31.28],[152.124,-31.279],[152.1,-31.392],[152.087,-31.392],[152.066,-31.409],[152.065,-31.439],[152.085,-31.45],[152.08,-31.463],[152.084,-31.5],[151.913,-31.477],[151.916,-31.51],[151.845,-31.499],[151.843,-31.509],[151.802,-31.505],[151.789,-31.515],[151.762,-31.511],[151.754,-31.524],[151.764,-31.541],[151.787,-31.55],[151.802,-31.574],[151.757,-31.602],[151.757,-31.638],[151.733,-31.628],[151.69,-31.622],[151.682,-31.609],[151.66,-31.612],[151.612,-31.607],[151.601,-31.596],[151.585,-31.604],[151.561,-31.606],[151.536,-31.598],[151.521,-31.676],[151.532,-31.697],[151.518,-31.768],[151.541,-31.776],[151.554,-31.787],[151.594,-31.79],[151.585,-31.819],[151.585,-31.838],[151.577,-31.855],[151.535,-31.846],[151.517,-31.853],[151.515,-31.866],[151.491,-31.878],[151.485,-31.893],[151.456,-31.923],[151.45,-31.944],[151.442,-31.949],[151.455,-31.996],[151.433,-32.017],[151.409,-32.033],[151.407,-32.059],[151.387,-32.084],[151.335,-32.082],[151.312,-32.111],[151.31,-32.139],[151.328,-32.155],[151.327,-32.172],[151.342,-32.176],[151.348,-32.219],[151.337,-32.237],[151.339,-32.262],[151.361,-32.289],[151.371,-32.292],[151.383,-32.324],[151.411,-32.349],[151.446,-32.407],[151.468,-32.421],[151.468,-32.449],[151.454,-32.464],[151.457,-32.472],[151.501,-32.504],[151.495,-32.524],[151.502,-32.529],[151.496,-32.557],[151.48,-32.555],[151.471,-32.618],[151.435,-32.614],[151.424,-32.646],[151.403,-32.661],[151.407,-32.679],[151.425,-32.691],[151.452,-32.671],[151.453,-32.657],[151.471,-32.663],[151.484,-32.637],[151.497,-32.639],[151.511,-32.664],[151.51,-32.687],[151.518,-32.693],[151.535,-32.679],[151.543,-32.688],[151.566,-32.689],[151.569,-32.697],[151.554,-32.728],[151.582,-32.737],[151.59,-32.721],[151.613,-32.715],[151.62,-32.723],[151.641,-32.719],[151.674,-32.741],[151.686,-32.727],[151.715,-32.737],[151.727,-32.751],[151.748,-32.721],[151.756,-32.678],[151.81,-32.686],[151.844,-32.662],[151.895,-32.669],[151.896,-32.659],[151.932,-32.661],[151.949,-32.677],[151.949,-32.677],[151.976,-32.685],[152.039,-32.692],[152.052,-32.688],[152.125,-32.7],[152.188,-32.705],[152.194,-32.708],[152.186,-32.683],[152.191,-32.656],[152.214,-32.628],[152.244,-32.609],[152.283,-32.596],[152.302,-32.561],[152.336,-32.527],[152.364,-32.509],[152.446,-32.472],[152.515,-32.452],[152.536,-32.443],[152.52,-32.429],[152.516,-32.41],[152.521,-32.391],[152.545,-32.338],[152.524,-32.312],[152.527,-32.28],[152.543,-32.25],[152.567,-32.229],[152.571,-32.216],[152.543,-32.202],[152.536,-32.183],[152.514,-32.178],[152.506,-32.165],[152.509,-32.127],[152.523,-32.098],[152.548,-32.073],[152.544,-32.036],[152.567,-32.01],[152.578,-31.986],[152.594,-31.97],[152.609,-31.947],[152.636,-31.92],[152.691,-31.878],[152.747,-31.845],[152.733,-31.823],[152.745,-31.793],[152.765,-31.768],[152.805,-31.724],[152.793,-31.714],[152.799,-31.692],[152.815,-31.669],[152.843,-31.644],[152.835,-31.624],[152.848,-31.599],[152.84,-31.59],[152.852,-31.561],[152.876,-31.531],[152.915,-31.493]]]}},{"type":"Feature","properties":{"name":"Macarthur"},"geometry":{"type":"Polygon","coordinates":[[[150.923,-34.13],[150.937,-34.095],[150.934,-34.059],[150.941,-34.04],[150.887,-34.032],[150.886,-34.025],[150.859,-34.016],[150.829,-34.011],[150.857,-33.986],[150.856,-33.975],[150.841,-33.956],[150.823,-33.952],[150.811,-33.974],[150.764,-34.016],[150.746,-34.037],[150.781,-34.06],[150.766,-34.078],[150.742,-34.081],[150.737,-34.113],[150.753,-34.117],[150.756,-34.141],[150.752,-34.164],[150.841,-34.177],[150.86,-34.181],[150.899,-34.19],[150.907,-34.164],[150.914,-34.159],[150.923,-34.13]]]}},{"type":"Feature","properties":{"name":"Mackellar"},"geometry":{"type":"Polygon","coordinates":[[[151.3,-33.767],[151.307,-33.745],[151.301,-33.715],[151.311,-33.684],[151.341,-33.622],[151.336,-33.604],[151.326,-33.599],[151.335,-33.582],[151.335,-33.582],[151.335,-33.582],[151.335,-33.582],[151.335,-33.582],[151.335,-33.582],[151.335,-33.582],[151.335,-33.582],[151.334,-33.582],[151.334,-33.582],[151.334,-33.581],[151.334,-33.581],[151.334,-33.581],[151.334,-33.581],[151.334,-33.581],[151.334,-33.581],[151.333,-33.581],[151.333,-33.581],[151.333,-33.581],[151.333,-33.581],[151.333,-33.58],[151.333,-33.58],[151.311,-33.579],[151.285,-33.572],[151.272,-33.586],[151.25,-33.588],[151.242,-33.6],[151.242,-33.6],[151.227,-33.599],[151.204,-33.617],[151.204,-33.617],[151.176,-33.627],[151.172,-33.639],[151.172,-33.639],[151.162,-33.66],[151.172,-33.678],[151.166,-33.686],[151.191,-33.703],[151.188,-33.728],[151.18,-33.74],[151.194,-33.75],[151.204,-33.773],[151.214,-33.783],[151.231,-33.784],[151.238,-33.779],[151.234,-33.752],[151.275,-33.755],[151.279,-33.766],[151.3,-33.767]]]}},{"type":"Feature","properties":{"name":"Macquarie"},"geometry":{"type":"Polygon","coordinates":[[[151.136,-33.11],[151.13,-33.095],[151.109,-33.086],[151.104,-33.077],[151.084,-33.075],[151.052,-33.08],[151.042,-33.091],[151.035,-33.117],[151.024,-33.126],[150.994,-33.123],[150.974,-33.13],[150.942,-33.123],[150.916,-33.112],[150.9,-33.121],[150.873,-33.114],[150.872,-33.104],[150.848,-33.093],[150.855,-33.056],[150.849,-33.034],[150.832,-33.033],[150.805,-33.006],[150.764,-33],[150.761,-33.015],[150.746,-33.022],[150.723,-33.013],[150.703,-33.01],[150.694,-32.996],[150.677,-33.013],[150.672,-33.027],[150.682,-33.045],[150.706,-33.045],[150.718,-33.069],[150.63,-33.059],[150.611,-33.066],[150.611,-33.099],[150.617,-33.104],[150.604,-33.147],[150.586,-33.152],[150.581,-33.168],[150.554,-33.163],[150.552,-33.184],[150.528,-33.194],[150.534,-33.211],[150.533,-33.24],[150.552,-33.272],[150.567,-33.306],[150.554,-33.318],[150.586,-33.325],[150.581,-33.351],[150.551,-33.369],[150.543,-33.364],[150.509,-33.379],[150.49,-33.377],[150.476,-33.399],[150.48,-33.409],[150.473,-33.439],[150.451,-33.459],[150.447,-33.481],[150.423,-33.482],[150.403,-33.477],[150.364,-33.489],[150.336,-33.512],[150.332,-33.522],[150.312,-33.52],[150.315,-33.504],[150.257,-33.494],[150.258,-33.519],[150.251,-33.558],[150.226,-33.561],[150.226,-33.572],[150.239,-33.582],[150.237,-33.593],[150.266,-33.622],[150.262,-33.642],[150.241,-33.639],[150.229,-33.676],[150.215,-33.675],[150.206,-33.714],[150.199,-33.729],[150.18,-33.743],[150.196,-33.757],[150.19,-33.775],[150.178,-33.778],[150.172,-33.799],[150.18,-33.806],[150.169,-33.827],[150.185,-33.838],[150.166,-33.865],[150.186,-33.881],[150.197,-33.878],[150.233,-33.885],[150.265,-33.866],[150.281,-33.851],[150.304,-33.845],[150.327,-33.857],[150.341,-33.901],[150.363,-33.893],[150.369,-33.908],[150.386,-33.911],[150.404,-33.941],[150.437,-33.951],[150.457,-33.951],[150.471,-33.963],[150.495,-33.95],[150.524,-33.921],[150.561,-33.904],[150.612,-33.873],[150.613,-33.862],[150.592,-33.855],[150.588,-33.845],[150.6,-33.826],[150.62,-33.814],[150.642,-33.779],[150.68,-33.75],[150.685,-33.741],[150.66,-33.733],[150.658,-33.677],[150.681,-33.625],[150.708,-33.613],[150.782,-33.638],[150.812,-33.678],[150.827,-33.657],[150.851,-33.65],[150.874,-33.657],[150.904,-33.612],[150.936,-33.565],[150.916,-33.555],[150.889,-33.555],[150.889,-33.542],[150.901,-33.527],[150.927,-33.508],[150.901,-33.489],[150.879,-33.49],[150.877,-33.471],[150.896,-33.475],[150.905,-33.467],[150.887,-33.437],[150.904,-33.419],[150.934,-33.416],[150.944,-33.425],[150.977,-33.4],[150.988,-33.379],[150.984,-33.372],[151,-33.351],[151.018,-33.354],[151.051,-33.341],[151.064,-33.342],[151.09,-33.325],[151.095,-33.303],[151.09,-33.268],[151.098,-33.257],[151.106,-33.228],[151.099,-33.221],[151.097,-33.193],[151.1,-33.144],[151.108,-33.128],[151.136,-33.11]]]}},{"type":"Feature","properties":{"name":"Mcmahon"},"geometry":{"type":"Polygon","coordinates":[[[150.842,-33.876],[150.854,-33.863],[150.87,-33.865],[150.876,-33.852],[150.918,-33.848],[150.917,-33.874],[150.945,-33.886],[150.96,-33.881],[150.961,-33.868],[150.955,-33.856],[150.964,-33.816],[150.933,-33.808],[150.951,-33.785],[150.935,-33.774],[150.905,-33.768],[150.869,-33.764],[150.856,-33.777],[150.856,-33.789],[150.803,-33.777],[150.811,-33.791],[150.765,-33.783],[150.769,-33.836],[150.768,-33.876],[150.795,-33.881],[150.842,-33.876]]]}},{"type":"Feature","properties":{"name":"Mitchell"},"geometry":{"type":"Polygon","coordinates":[[[151.049,-33.759],[151.047,-33.743],[151.017,-33.731],[151.019,-33.717],[151.002,-33.715],[150.97,-33.694],[150.962,-33.68],[150.933,-33.66],[150.935,-33.669],[150.927,-33.697],[150.958,-33.766],[150.97,-33.784],[150.987,-33.797],[151.008,-33.788],[151.012,-33.778],[151.049,-33.759]]]}},{"type":"Feature","properties":{"name":"New England"},"geometry":{"type":"Polygon","coordinates":[[[152.428,-30.419],[152.388,-30.383],[152.382,-30.363],[152.352,-30.355],[152.355,-30.34],[152.346,-30.333],[152.342,-30.314],[152.348,-30.291],[152.338,-30.262],[152.347,-30.242],[152.345,-30.228],[152.315,-30.209],[152.313,-30.184],[152.304,-30.16],[152.31,-30.148],[152.297,-30.115],[152.288,-30.11],[152.281,-30.087],[152.298,-30.072],[152.293,-30.06],[152.297,-30.039],[152.313,-30.03],[152.316,-30.001],[152.308,-29.98],[152.292,-29.977],[152.275,-29.96],[152.27,-29.932],[152.286,-29.907],[152.282,-29.856],[152.268,-29.848],[152.251,-29.865],[152.24,-29.863],[152.198,-29.876],[152.169,-29.87],[152.176,-29.817],[152.205,-29.772],[152.23,-29.755],[152.264,-29.751],[152.256,-29.733],[152.266,-29.725],[152.262,-29.702],[152.276,-29.682],[152.281,-29.666],[152.295,-29.669],[152.312,-29.663],[152.336,-29.641],[152.354,-29.545],[152.412,-29.507],[152.389,-29.445],[152.404,-29.433],[152.41,-29.401],[152.429,-29.392],[152.451,-29.358],[152.332,-29.342],[152.331,-29.329],[152.311,-29.323],[152.298,-29.307],[152.315,-29.299],[152.306,-29.283],[152.339,-29.262],[152.351,-29.249],[152.394,-29.241],[152.413,-29.23],[152.405,-29.212],[152.425,-29.179],[152.414,-29.165],[152.417,-29.153],[152.444,-29.144],[152.455,-29.089],[152.421,-29.084],[152.442,-29.052],[152.444,-29.04],[152.465,-29.008],[152.467,-28.974],[152.487,-28.97],[152.51,-28.973],[152.517,-28.984],[152.559,-28.99],[152.549,-28.932],[152.566,-28.926],[152.581,-28.929],[152.58,-28.911],[152.557,-28.894],[152.573,-28.864],[152.537,-28.847],[152.557,-28.825],[152.54,-28.816],[152.537,-28.804],[152.544,-28.788],[152.531,-28.781],[152.522,-28.793],[152.48,-28.78],[152.498,-28.745],[152.478,-28.746],[152.465,-28.736],[152.426,-28.724],[152.408,-28.723],[152.405,-28.71],[152.375,-28.7],[152.384,-28.686],[152.389,-28.666],[152.402,-28.659],[152.409,-28.628],[152.422,-28.607],[152.442,-28.593],[152.442,-28.557],[152.448,-28.527],[152.5,-28.529],[152.503,-28.512],[152.533,-28.514],[152.527,-28.498],[152.562,-28.455],[152.567,-28.438],[152.577,-28.438],[152.584,-28.417],[152.605,-28.392],[152.616,-28.352],[152.628,-28.347],[152.628,-28.328],[152.598,-28.315],[152.598,-28.315],[152.598,-28.315],[152.585,-28.328],[152.583,-28.332],[152.583,-28.334],[152.581,-28.337],[152.58,-28.339],[152.576,-28.335],[152.575,-28.334],[152.572,-28.327],[152.554,-28.324],[152.544,-28.319],[152.543,-28.316],[152.542,-28.314],[152.541,-28.313],[152.539,-28.311],[152.537,-28.311],[152.534,-28.311],[152.533,-28.31],[152.532,-28.309],[152.528,-28.307],[152.526,-28.306],[152.526,-28.305],[152.525,-28.304],[152.526,-28.302],[152.528,-28.3],[152.529,-28.299],[152.529,-28.299],[152.529,-28.298],[152.529,-28.293],[152.529,-28.289],[152.529,-28.287],[152.536,-28.266],[152.534,-28.265],[152.534,-28.263],[152.532,-28.263],[152.532,-28.263],[152.529,-28.262],[152.524,-28.261],[152.523,-28.261],[152.522,-28.261],[152.52,-28.259],[152.519,-28.257],[152.516,-28.257],[152.517,-28.255],[152.516,-28.252],[152.509,-28.249],[152.508,-28.249],[152.506,-28.25],[152.503,-28.251],[152.501,-28.252],[152.493,-28.254],[152.488,-28.253],[152.488,-28.253],[152.485,-28.256],[152.484,-28.257],[152.484,-28.258],[152.476,-28.258],[152.474,-28.258],[152.473,-28.257],[152.47,-28.257],[152.468,-28.258],[152.465,-28.259],[152.463,-28.259],[152.46,-28.265],[152.46,-28.268],[152.461,-28.269],[152.461,-28.27],[152.46,-28.27],[152.459,-28.271],[152.458,-28.272],[152.456,-28.277],[152.455,-28.278],[152.445,-28.285],[152.444,-28.288],[152.443,-28.289],[152.443,-28.291],[152.443,-28.292],[152.444,-28.297],[152.44,-28.298],[152.438,-28.299],[152.436,-28.299],[152.431,-28.297],[152.428,-28.297],[152.427,-28.298],[152.426,-28.299],[152.425,-28.3],[152.424,-28.299],[152.421,-28.299],[152.419,-28.298],[152.418,-28.297],[152.417,-28.297],[152.415,-28.298],[152.413,-28.302],[152.414,-28.307],[152.411,-28.31],[152.41,-28.312],[152.41,-28.313],[152.411,-28.32],[152.413,-28.324],[152.414,-28.324],[152.414,-28.325],[152.415,-28.326],[152.415,-28.327],[152.417,-28.329],[152.417,-28.33],[152.418,-28.332],[152.416,-28.335],[152.416,-28.336],[152.41,-28.341],[152.401,-28.347],[152.399,-28.352],[152.396,-28.355],[152.394,-28.357],[152.393,-28.36],[152.392,-28.36],[152.392,-28.362],[152.392,-28.362],[152.391,-28.363],[152.388,-28.366],[152.388,-28.367],[152.385,-28.369],[152.382,-28.368],[152.378,-28.366],[152.365,-28.366],[152.357,-28.361],[152.354,-28.362],[152.353,-28.363],[152.351,-28.364],[152.349,-28.365],[152.346,-28.366],[152.344,-28.367],[152.342,-28.368],[152.307,-28.369],[152.294,-28.379],[152.292,-28.381],[152.291,-28.383],[152.289,-28.389],[152.282,-28.393],[152.274,-28.392],[152.27,-28.391],[152.268,-28.39],[152.267,-28.391],[152.265,-28.394],[152.264,-28.394],[152.263,-28.396],[152.262,-28.398],[152.261,-28.399],[152.261,-28.4],[152.26,-28.401],[152.249,-28.412],[152.244,-28.416],[152.242,-28.416],[152.239,-28.418],[152.239,-28.419],[152.24,-28.42],[152.238,-28.423],[152.231,-28.43],[152.229,-28.437],[152.226,-28.437],[152.222,-28.442],[152.222,-28.445],[152.217,-28.449],[152.205,-28.438],[152.195,-28.436],[152.19,-28.434],[152.186,-28.439],[152.172,-28.434],[152.168,-28.435],[152.165,-28.433],[152.162,-28.433],[152.16,-28.433],[152.159,-28.434],[152.156,-28.435],[152.155,-28.437],[152.154,-28.438],[152.142,-28.442],[152.122,-28.461],[152.107,-28.463],[152.102,-28.465],[152.098,-28.466],[152.096,-28.466],[152.095,-28.47],[152.094,-28.47],[152.091,-28.468],[152.089,-28.469],[152.088,-28.47],[152.084,-28.469],[152.08,-28.471],[152.067,-28.485],[152.046,-28.495],[152.044,-28.499],[152.04,-28.503],[152.038,-28.505],[152.038,-28.505],[152.036,-28.507],[152.032,-28.51],[152.027,-28.513],[152.024,-28.513],[152.024,-28.514],[152.023,-28.515],[152.02,-28.517],[152.019,-28.518],[152.017,-28.525],[152,-28.528],[152,-28.528],[151.999,-28.527],[151.998,-28.526],[151.995,-28.527],[151.993,-28.526],[151.992,-28.525],[151.99,-28.525],[151.989,-28.526],[151.988,-28.525],[151.987,-28.524],[151.987,-28.521],[151.984,-28.517],[151.984,-28.515],[151.984,-28.514],[151.986,-28.511],[151.983,-28.507],[151.983,-28.505],[151.983,-28.503],[151.978,-28.503],[151.973,-28.505],[151.955,-28.519],[151.953,-28.54],[151.957,-28.563],[151.986,-28.582],[151.989,-28.601],[151.991,-28.61],[151.993,-28.61],[151.994,-28.612],[151.994,-28.615],[151.993,-28.615],[151.992,-28.616],[151.992,-28.619],[151.99,-28.621],[151.991,-28.622],[151.991,-28.625],[152.002,-28.64],[152.002,-28.647],[152.003,-28.648],[152.002,-28.651],[152.003,-28.652],[152.004,-28.652],[152.006,-28.652],[152.006,-28.654],[152.009,-28.658],[152.009,-28.659],[152.01,-28.661],[152.012,-28.662],[152.01,-28.665],[152.014,-28.666],[152.014,-28.666],[152.039,-28.665],[152.053,-28.682],[152.068,-28.685],[152.066,-28.697],[152.072,-28.705],[152.075,-28.707],[152.076,-28.708],[152.071,-28.715],[152.062,-28.718],[152.054,-28.726],[152.048,-28.729],[152.046,-28.73],[152.043,-28.731],[152.042,-28.732],[152.043,-28.732],[152.044,-28.733],[152.045,-28.733],[152.046,-28.734],[152.046,-28.734],[152.046,-28.735],[152.047,-28.736],[152.047,-28.737],[152.047,-28.739],[152.047,-28.74],[152.048,-28.74],[152.047,-28.742],[152.045,-28.743],[152.044,-28.746],[152.041,-28.748],[152.036,-28.757],[152.036,-28.758],[152.036,-28.761],[152.038,-28.764],[152.037,-28.769],[152.038,-28.773],[152.036,-28.777],[152.041,-28.781],[152.034,-28.789],[152.033,-28.828],[152.027,-28.832],[152.023,-28.831],[152.021,-28.837],[152.017,-28.838],[152.018,-28.844],[152.015,-28.85],[152.015,-28.851],[152.016,-28.852],[152.018,-28.851],[152.019,-28.852],[152.023,-28.855],[152.026,-28.858],[152.027,-28.858],[152.028,-28.857],[152.03,-28.855],[152.036,-28.858],[152.038,-28.864],[152.03,-28.87],[152.024,-28.891],[152.017,-28.895],[152.016,-28.895],[152.016,-28.897],[152.015,-28.898],[152.015,-28.898],[152.015,-28.898],[152.014,-28.9],[152.011,-28.907],[152.01,-28.907],[152.008,-28.908],[152.005,-28.909],[152.002,-28.908],[152.001,-28.907],[152.001,-28.906],[152.001,-28.906],[152,-28.904],[152.001,-28.902],[152.001,-28.9],[152.001,-28.899],[152,-28.898],[151.999,-28.897],[151.998,-28.895],[151.997,-28.895],[151.995,-28.899],[151.972,-28.91],[151.969,-28.914],[151.968,-28.917],[151.961,-28.919],[151.956,-28.917],[151.952,-28.92],[151.945,-28.92],[151.943,-28.922],[151.941,-28.922],[151.941,-28.922],[151.939,-28.922],[151.937,-28.922],[151.928,-28.925],[151.923,-28.928],[151.919,-28.929],[151.916,-28.929],[151.916,-28.927],[151.916,-28.927],[151.917,-28.925],[151.914,-28.92],[151.896,-28.913],[151.869,-28.914],[151.86,-28.907],[151.847,-28.909],[151.843,-28.912],[151.841,-28.911],[151.84,-28.913],[151.839,-28.915],[151.838,-28.916],[151.838,-28.918],[151.837,-28.92],[151.837,-28.923],[151.836,-28.929],[151.836,-28.931],[151.835,-28.932],[151.837,-28.937],[151.84,-28.939],[151.84,-28.943],[151.836,-28.957],[151.826,-28.964],[151.813,-28.96],[151.807,-28.945],[151.799,-28.948],[151.798,-28.948],[151.795,-28.949],[151.793,-28.949],[151.777,-28.957],[151.773,-28.938],[151.771,-28.939],[151.77,-28.938],[151.763,-28.935],[151.746,-28.915],[151.739,-28.901],[151.74,-28.9],[151.741,-28.898],[151.736,-28.892],[151.734,-28.888],[151.733,-28.886],[151.732,-28.882],[151.732,-28.881],[151.734,-28.879],[151.733,-28.876],[151.734,-28.874],[151.734,-28.871],[151.731,-28.871],[151.73,-28.869],[151.729,-28.868],[151.729,-28.868],[151.726,-28.867],[151.719,-28.873],[151.717,-28.874],[151.716,-28.875],[151.715,-28.875],[151.713,-28.875],[151.711,-28.871],[151.709,-28.871],[151.706,-28.872],[151.702,-28.882],[151.699,-28.884],[151.698,-28.885],[151.696,-28.888],[151.69,-28.888],[151.686,-28.889],[151.686,-28.891],[151.685,-28.893],[151.683,-28.896],[151.681,-28.897],[151.678,-28.9],[151.675,-28.908],[151.666,-28.906],[151.637,-28.922],[151.633,-28.93],[151.626,-28.924],[151.617,-28.926],[151.612,-28.924],[151.604,-28.928],[151.591,-28.931],[151.585,-28.936],[151.584,-28.939],[151.582,-28.939],[151.581,-28.942],[151.58,-28.943],[151.579,-28.944],[151.577,-28.945],[151.575,-28.944],[151.57,-28.944],[151.567,-28.942],[151.562,-28.945],[151.548,-28.953],[151.547,-28.953],[151.546,-28.953],[151.545,-28.953],[151.545,-28.953],[151.544,-28.954],[151.544,-28.955],[151.544,-28.955],[151.545,-28.955],[151.545,-28.956],[151.544,-28.958],[151.545,-28.959],[151.544,-28.961],[151.543,-28.963],[151.542,-28.967],[151.542,-28.967],[151.542,-28.968],[151.542,-28.969],[151.541,-28.97],[151.537,-28.98],[151.532,-28.985],[151.528,-28.987],[151.526,-28.988],[151.525,-28.988],[151.524,-28.989],[151.523,-28.989],[151.506,-29.007],[151.505,-29.011],[151.504,-29.012],[151.503,-29.014],[151.503,-29.015],[151.503,-29.016],[151.503,-29.016],[151.502,-29.017],[151.502,-29.017],[151.502,-29.017],[151.501,-29.017],[151.501,-29.017],[151.5,-29.017],[151.5,-29.017],[151.5,-29.017],[151.499,-29.018],[151.499,-29.019],[151.498,-29.019],[151.498,-29.021],[151.495,-29.03],[151.49,-29.057],[151.493,-29.072],[151.494,-29.074],[151.494,-29.075],[151.494,-29.076],[151.493,-29.077],[151.491,-29.078],[151.487,-29.088],[151.486,-29.089],[151.485,-29.089],[151.485,-29.09],[151.483,-29.09],[151.478,-29.091],[151.477,-29.091],[151.463,-29.098],[151.461,-29.101],[151.462,-29.102],[151.461,-29.107],[151.46,-29.108],[151.46,-29.11],[151.458,-29.117],[151.454,-29.124],[151.448,-29.131],[151.438,-29.137],[151.435,-29.139],[151.433,-29.139],[151.432,-29.14],[151.431,-29.142],[151.429,-29.146],[151.427,-29.148],[151.426,-29.148],[151.426,-29.149],[151.425,-29.149],[151.41,-29.154],[151.395,-29.177],[151.38,-29.177],[151.377,-29.177],[151.366,-29.174],[151.363,-29.172],[151.358,-29.172],[151.358,-29.173],[151.358,-29.173],[151.357,-29.174],[151.357,-29.174],[151.353,-29.176],[151.339,-29.179],[151.336,-29.178],[151.335,-29.176],[151.335,-29.175],[151.331,-29.172],[151.328,-29.17],[151.322,-29.167],[151.32,-29.166],[151.318,-29.166],[151.317,-29.166],[151.316,-29.166],[151.316,-29.166],[151.315,-29.166],[151.315,-29.165],[151.313,-29.164],[151.313,-29.163],[151.312,-29.162],[151.312,-29.161],[151.31,-29.154],[151.309,-29.15],[151.31,-29.149],[151.309,-29.147],[151.318,-29.139],[151.316,-29.135],[151.313,-29.13],[151.312,-29.13],[151.312,-29.13],[151.311,-29.13],[151.31,-29.128],[151.308,-29.125],[151.306,-29.124],[151.304,-29.121],[151.305,-29.121],[151.304,-29.119],[151.304,-29.118],[151.303,-29.117],[151.303,-29.116],[151.301,-29.114],[151.299,-29.113],[151.298,-29.113],[151.296,-29.113],[151.295,-29.113],[151.292,-29.114],[151.283,-29.105],[151.282,-29.104],[151.28,-29.102],[151.279,-29.099],[151.278,-29.095],[151.278,-29.093],[151.278,-29.09],[151.278,-29.089],[151.279,-29.089],[151.279,-29.088],[151.278,-29.084],[151.275,-29.083],[151.275,-29.082],[151.275,-29.076],[151.277,-29.075],[151.277,-29.075],[151.278,-29.074],[151.281,-29.07],[151.282,-29.068],[151.283,-29.067],[151.284,-29.066],[151.286,-29.065],[151.286,-29.065],[151.291,-29.051],[151.285,-29.036],[151.28,-29.036],[151.278,-29.036],[151.277,-29.036],[151.276,-29.036],[151.276,-29.035],[151.274,-29.034],[151.274,-29.032],[151.272,-29.031],[151.272,-29.029],[151.273,-29.027],[151.274,-29.026],[151.274,-29.025],[151.274,-29.025],[151.275,-29.024],[151.281,-29.021],[151.284,-29.017],[151.284,-29.007],[151.284,-29.005],[151.283,-29.003],[151.281,-29],[151.279,-28.998],[151.279,-28.997],[151.277,-28.992],[151.276,-28.987],[151.277,-28.985],[151.282,-28.982],[151.281,-28.979],[151.276,-28.975],[151.273,-28.974],[151.272,-28.973],[151.273,-28.968],[151.276,-28.967],[151.278,-28.966],[151.279,-28.966],[151.281,-28.964],[151.282,-28.958],[151.281,-28.957],[151.281,-28.956],[151.282,-28.952],[151.282,-28.949],[151.276,-28.943],[151.275,-28.941],[151.275,-28.94],[151.275,-28.939],[151.274,-28.938],[151.274,-28.938],[151.273,-28.938],[151.273,-28.938],[151.272,-28.937],[151.271,-28.937],[151.27,-28.937],[151.269,-28.937],[151.268,-28.936],[151.268,-28.936],[151.265,-28.935],[151.265,-28.934],[151.265,-28.933],[151.265,-28.933],[151.263,-28.932],[151.26,-28.932],[151.259,-28.932],[151.258,-28.932],[151.254,-28.929],[151.251,-28.928],[151.25,-28.926],[151.246,-28.925],[151.244,-28.924],[151.244,-28.924],[151.24,-28.92],[151.24,-28.915],[151.24,-28.913],[151.239,-28.912],[151.239,-28.909],[151.238,-28.908],[151.237,-28.907],[151.236,-28.906],[151.235,-28.905],[151.232,-28.906],[151.229,-28.909],[151.221,-28.907],[151.215,-28.904],[151.214,-28.904],[151.213,-28.902],[151.21,-28.901],[151.209,-28.9],[151.207,-28.898],[151.207,-28.896],[151.207,-28.894],[151.207,-28.892],[151.203,-28.887],[151.202,-28.886],[151.201,-28.885],[151.2,-28.884],[151.186,-28.88],[151.185,-28.879],[151.185,-28.879],[151.184,-28.878],[151.181,-28.879],[151.18,-28.879],[151.179,-28.88],[151.178,-28.88],[151.172,-28.88],[151.171,-28.877],[151.163,-28.87],[151.163,-28.867],[151.162,-28.867],[151.162,-28.866],[151.161,-28.865],[151.152,-28.865],[151.15,-28.865],[151.147,-28.862],[151.145,-28.861],[151.144,-28.861],[151.144,-28.86],[151.142,-28.861],[151.142,-28.861],[151.142,-28.862],[151.142,-28.862],[151.14,-28.863],[151.132,-28.86],[151.115,-28.851],[151.115,-28.85],[151.114,-28.848],[151.114,-28.848],[151.109,-28.843],[151.107,-28.843],[151.107,-28.843],[151.106,-28.844],[151.105,-28.845],[151.104,-28.844],[151.104,-28.844],[151.104,-28.843],[151.104,-28.842],[151.104,-28.841],[151.105,-28.84],[151.104,-28.839],[151.104,-28.838],[151.103,-28.837],[151.103,-28.836],[151.102,-28.837],[151.102,-28.836],[151.1,-28.836],[151.1,-28.836],[151.098,-28.838],[151.096,-28.838],[151.092,-28.836],[151.089,-28.835],[151.085,-28.835],[151.083,-28.835],[151.081,-28.835],[151.081,-28.836],[151.08,-28.836],[151.08,-28.837],[151.078,-28.838],[151.072,-28.841],[151.071,-28.845],[151.068,-28.845],[151.065,-28.846],[151.063,-28.846],[151.06,-28.846],[151.059,-28.846],[151.059,-28.846],[151.058,-28.846],[151.057,-28.849],[151.055,-28.849],[151.054,-28.85],[151.052,-28.849],[151.052,-28.848],[151.053,-28.845],[151.051,-28.844],[151.05,-28.844],[151.05,-28.844],[151.049,-28.844],[151.047,-28.845],[151.046,-28.845],[151.044,-28.843],[151.044,-28.84],[151.043,-28.84],[151.043,-28.84],[151.04,-28.839],[151.039,-28.839],[151.039,-28.838],[151.039,-28.837],[151.042,-28.835],[151.043,-28.835],[151.043,-28.835],[151.043,-28.833],[151.042,-28.832],[151.042,-28.832],[151.041,-28.832],[151.037,-28.828],[151.037,-28.82],[151.038,-28.818],[151.039,-28.817],[151.041,-28.817],[151.042,-28.816],[151.042,-28.816],[151.042,-28.815],[151.042,-28.815],[151.041,-28.814],[151.041,-28.812],[151.041,-28.804],[151.042,-28.803],[151.042,-28.803],[151.043,-28.802],[151.042,-28.8],[151.042,-28.799],[151.041,-28.798],[151.04,-28.797],[151.04,-28.798],[151.039,-28.798],[151.038,-28.798],[151.033,-28.794],[151.032,-28.794],[151.029,-28.794],[151.025,-28.794],[151.024,-28.794],[151.024,-28.792],[151.026,-28.79],[151.026,-28.784],[151.024,-28.778],[151.019,-28.774],[151.021,-28.771],[151.029,-28.769],[151.026,-28.755],[151.024,-28.752],[151.017,-28.747],[151.014,-28.746],[151.011,-28.743],[150.979,-28.733],[150.971,-28.732],[150.963,-28.738],[150.952,-28.737],[150.951,-28.736],[150.948,-28.734],[150.947,-28.734],[150.947,-28.733],[150.948,-28.732],[150.947,-28.731],[150.946,-28.729],[150.946,-28.729],[150.945,-28.729],[150.944,-28.729],[150.944,-28.729],[150.943,-28.729],[150.942,-28.729],[150.939,-28.731],[150.938,-28.731],[150.938,-28.731],[150.938,-28.73],[150.938,-28.73],[150.938,-28.729],[150.938,-28.728],[150.938,-28.726],[150.938,-28.725],[150.935,-28.724],[150.934,-28.724],[150.933,-28.723],[150.933,-28.723],[150.933,-28.723],[150.933,-28.723],[150.932,-28.722],[150.933,-28.72],[150.932,-28.718],[150.932,-28.717],[150.932,-28.716],[150.932,-28.714],[150.932,-28.713],[150.932,-28.709],[150.931,-28.707],[150.931,-28.706],[150.931,-28.705],[150.93,-28.704],[150.93,-28.704],[150.929,-28.703],[150.928,-28.703],[150.928,-28.702],[150.927,-28.701],[150.926,-28.7],[150.925,-28.7],[150.925,-28.699],[150.924,-28.699],[150.92,-28.701],[150.911,-28.695],[150.905,-28.687],[150.894,-28.689],[150.89,-28.695],[150.869,-28.686],[150.864,-28.688],[150.852,-28.68],[150.85,-28.674],[150.843,-28.672],[150.84,-28.673],[150.832,-28.668],[150.82,-28.667],[150.816,-28.664],[150.815,-28.658],[150.804,-28.654],[150.799,-28.654],[150.798,-28.656],[150.794,-28.655],[150.782,-28.646],[150.752,-28.635],[150.727,-28.636],[150.701,-28.655],[150.68,-28.661],[150.67,-28.654],[150.642,-28.665],[150.633,-28.677],[150.6,-28.671],[150.583,-28.656],[150.575,-28.658],[150.57,-28.659],[150.569,-28.659],[150.569,-28.658],[150.563,-28.661],[150.563,-28.661],[150.563,-28.661],[150.563,-28.662],[150.56,-28.662],[150.552,-28.672],[150.534,-28.672],[150.514,-28.662],[150.484,-28.662],[150.421,-28.752],[150.344,-28.828],[150.169,-28.876],[150.149,-28.889],[150.259,-29.014],[150.25,-29.076],[150.24,-29.115],[150.246,-29.116],[150.184,-29.438],[150.175,-29.463],[150.169,-29.496],[150.193,-29.494],[150.206,-29.483],[150.219,-29.498],[150.195,-29.519],[150.212,-29.53],[150.195,-29.62],[150.216,-29.649],[150.232,-29.663],[150.263,-29.679],[150.288,-29.722],[150.303,-29.732],[150.288,-29.75],[150.291,-29.803],[150.298,-29.808],[150.302,-29.84],[150.294,-29.847],[150.294,-29.871],[150.312,-29.893],[150.312,-29.907],[150.301,-29.921],[150.302,-29.957],[150.292,-29.964],[150.293,-29.991],[150.249,-29.993],[150.249,-30.01],[150.236,-30.013],[150.198,-30.063],[150.172,-30.063],[150.163,-30.078],[150.14,-30.086],[150.124,-30.07],[150.103,-30.082],[150.076,-30.107],[150.074,-30.137],[150.089,-30.158],[150.089,-30.172],[150.102,-30.192],[150.145,-30.202],[150.146,-30.216],[150.167,-30.229],[150.181,-30.28],[150.183,-30.3],[150.195,-30.321],[150.196,-30.346],[150.188,-30.36],[150.203,-30.375],[150.224,-30.371],[150.238,-30.385],[150.239,-30.402],[150.253,-30.414],[150.275,-30.421],[150.283,-30.431],[150.314,-30.429],[150.323,-30.42],[150.351,-30.418],[150.363,-30.433],[150.361,-30.454],[150.368,-30.47],[150.359,-30.519],[150.369,-30.53],[150.366,-30.543],[150.389,-30.551],[150.391,-30.569],[150.373,-30.567],[150.365,-30.583],[150.378,-30.603],[150.411,-30.59],[150.43,-30.601],[150.454,-30.608],[150.456,-30.619],[150.499,-30.639],[150.51,-30.66],[150.458,-30.69],[150.453,-30.715],[150.464,-30.717],[150.467,-30.745],[150.453,-30.757],[150.463,-30.779],[150.49,-30.783],[150.487,-30.799],[150.52,-30.8],[150.544,-30.813],[150.559,-30.811],[150.556,-30.845],[150.547,-30.859],[150.521,-30.855],[150.53,-30.875],[150.53,-30.903],[150.499,-30.909],[150.533,-30.94],[150.528,-30.969],[150.552,-31.011],[150.575,-31.02],[150.599,-31.047],[150.58,-31.147],[150.572,-31.206],[150.587,-31.21],[150.575,-31.274],[150.548,-31.265],[150.551,-31.29],[150.546,-31.329],[150.55,-31.344],[150.543,-31.363],[150.484,-31.356],[150.47,-31.347],[150.419,-31.34],[150.433,-31.364],[150.43,-31.384],[150.418,-31.398],[150.382,-31.393],[150.384,-31.386],[150.339,-31.386],[150.303,-31.381],[150.286,-31.374],[150.2,-31.363],[150.161,-31.355],[150.157,-31.329],[150.159,-31.314],[150.149,-31.304],[150.158,-31.238],[150.135,-31.244],[150.103,-31.24],[150.091,-31.298],[150.079,-31.338],[150.04,-31.333],[150.041,-31.325],[150.007,-31.321],[149.987,-31.329],[149.999,-31.345],[149.999,-31.362],[149.988,-31.427],[150.004,-31.43],[150.002,-31.446],[149.968,-31.458],[149.883,-31.452],[149.867,-31.537],[149.904,-31.537],[149.912,-31.553],[149.911,-31.573],[149.893,-31.593],[149.899,-31.617],[149.887,-31.621],[149.841,-31.616],[149.865,-31.636],[149.864,-31.67],[149.879,-31.692],[149.905,-31.707],[149.939,-31.706],[149.966,-31.701],[149.981,-31.719],[149.994,-31.722],[150.014,-31.698],[150.03,-31.691],[150.052,-31.699],[150.045,-31.711],[150.075,-31.74],[150.1,-31.749],[150.07,-31.766],[150.05,-31.786],[150.034,-31.817],[150.024,-31.829],[149.992,-31.843],[149.919,-31.894],[149.897,-31.913],[149.899,-31.919],[149.873,-31.944],[149.866,-31.962],[149.851,-31.971],[149.839,-31.987],[149.858,-31.99],[149.876,-31.985],[149.88,-32],[149.87,-32.024],[149.85,-32.026],[149.826,-32.037],[149.808,-32.039],[149.796,-32.058],[149.792,-32.079],[149.821,-32.096],[149.819,-32.104],[149.892,-32.113],[149.894,-32.12],[149.922,-32.123],[149.948,-32.135],[149.939,-32.157],[149.965,-32.16],[149.961,-32.182],[149.983,-32.185],[149.991,-32.164],[150.009,-32.163],[150.008,-32.177],[150.035,-32.196],[150.062,-32.185],[150.063,-32.208],[150.05,-32.225],[150.063,-32.246],[150.042,-32.262],[150.043,-32.285],[150.028,-32.291],[150.022,-32.306],[150.054,-32.351],[150.086,-32.342],[150.133,-32.337],[150.142,-32.342],[150.164,-32.32],[150.188,-32.335],[150.218,-32.337],[150.222,-32.315],[150.235,-32.309],[150.261,-32.318],[150.26,-32.346],[150.267,-32.376],[150.296,-32.384],[150.304,-32.374],[150.318,-32.41],[150.3,-32.419],[150.28,-32.422],[150.267,-32.449],[150.247,-32.46],[150.227,-32.463],[150.246,-32.481],[150.24,-32.494],[150.247,-32.519],[150.242,-32.538],[150.248,-32.55],[150.237,-32.574],[150.266,-32.578],[150.259,-32.598],[150.236,-32.608],[150.311,-32.647],[150.297,-32.692],[150.291,-32.721],[150.277,-32.732],[150.275,-32.748],[150.289,-32.765],[150.317,-32.784],[150.338,-32.79],[150.339,-32.809],[150.349,-32.818],[150.363,-32.846],[150.386,-32.84],[150.389,-32.826],[150.413,-32.824],[150.445,-32.792],[150.461,-32.795],[150.465,-32.78],[150.492,-32.765],[150.494,-32.752],[150.518,-32.749],[150.527,-32.76],[150.541,-32.754],[150.557,-32.758],[150.582,-32.747],[150.603,-32.718],[150.623,-32.713],[150.634,-32.702],[150.671,-32.698],[150.682,-32.633],[150.745,-32.641],[150.778,-32.474],[150.799,-32.466],[150.817,-32.473],[150.833,-32.486],[150.843,-32.48],[150.853,-32.451],[150.883,-32.47],[150.898,-32.397],[150.977,-32.408],[150.984,-32.398],[151.018,-32.402],[151.029,-32.345],[151.046,-32.347],[151.048,-32.332],[151.099,-32.335],[151.096,-32.312],[151.11,-32.282],[151.126,-32.284],[151.129,-32.27],[151.156,-32.267],[151.169,-32.244],[151.16,-32.229],[151.159,-32.211],[151.174,-32.212],[151.197,-32.234],[151.209,-32.22],[151.238,-32.208],[151.246,-32.21],[151.27,-32.184],[151.295,-32.169],[151.31,-32.139],[151.312,-32.111],[151.335,-32.082],[151.387,-32.084],[151.407,-32.059],[151.409,-32.033],[151.433,-32.017],[151.455,-31.996],[151.442,-31.949],[151.45,-31.944],[151.456,-31.923],[151.485,-31.893],[151.491,-31.878],[151.515,-31.866],[151.517,-31.853],[151.535,-31.846],[151.577,-31.855],[151.585,-31.838],[151.585,-31.819],[151.594,-31.79],[151.554,-31.787],[151.541,-31.776],[151.518,-31.768],[151.532,-31.697],[151.521,-31.676],[151.536,-31.598],[151.561,-31.606],[151.585,-31.604],[151.601,-31.596],[151.612,-31.607],[151.66,-31.612],[151.682,-31.609],[151.69,-31.622],[151.733,-31.628],[151.757,-31.638],[151.757,-31.602],[151.802,-31.574],[151.787,-31.55],[151.764,-31.541],[151.754,-31.524],[151.762,-31.511],[151.789,-31.515],[151.802,-31.505],[151.843,-31.509],[151.845,-31.499],[151.916,-31.51],[151.913,-31.477],[152.084,-31.5],[152.08,-31.463],[152.085,-31.45],[152.065,-31.439],[152.066,-31.409],[152.087,-31.392],[152.1,-31.392],[152.124,-31.279],[152.148,-31.28],[152.161,-31.241],[152.15,-31.224],[152.154,-31.209],[152.148,-31.196],[152.157,-31.186],[152.176,-31.199],[152.2,-31.194],[152.223,-31.208],[152.253,-31.205],[152.255,-31.195],[152.317,-31.203],[152.331,-31.127],[152.35,-31.117],[152.335,-31.096],[152.345,-31.051],[152.34,-31.036],[152.308,-31.025],[152.27,-30.999],[152.291,-30.975],[152.284,-30.949],[152.296,-30.931],[152.289,-30.9],[152.291,-30.882],[152.299,-30.868],[152.29,-30.844],[152.316,-30.794],[152.344,-30.792],[152.352,-30.769],[152.375,-30.745],[152.376,-30.732],[152.358,-30.684],[152.369,-30.659],[152.332,-30.628],[152.316,-30.603],[152.33,-30.584],[152.336,-30.567],[152.362,-30.555],[152.364,-30.546],[152.387,-30.529],[152.386,-30.505],[152.408,-30.489],[152.395,-30.479],[152.39,-30.453],[152.402,-30.435],[152.418,-30.437],[152.428,-30.419]]]}},{"type":"Feature","properties":{"name":"Newcastle"},"geometry":{"type":"Polygon","coordinates":[[[151.81,-32.878],[151.786,-32.875],[151.777,-32.857],[151.736,-32.848],[151.727,-32.837],[151.673,-32.83],[151.635,-32.86],[151.614,-32.857],[151.609,-32.88],[151.601,-32.889],[151.619,-32.902],[151.639,-32.907],[151.64,-32.92],[151.659,-32.925],[151.685,-32.948],[151.729,-32.955],[151.738,-32.963],[151.794,-32.927],[151.788,-32.908],[151.793,-32.893],[151.81,-32.878]]]}},{"type":"Feature","properties":{"name":"Page"},"geometry":{"type":"Polygon","coordinates":[[[153.544,-28.918],[153.519,-28.918],[153.476,-28.925],[153.487,-28.865],[153.478,-28.848],[153.441,-28.823],[153.451,-28.782],[153.442,-28.763],[153.448,-28.747],[153.407,-28.743],[153.408,-28.694],[153.418,-28.678],[153.413,-28.619],[153.373,-28.614],[153.379,-28.582],[153.352,-28.567],[153.328,-28.543],[153.291,-28.541],[153.273,-28.522],[153.255,-28.527],[153.248,-28.516],[153.226,-28.518],[153.198,-28.527],[153.186,-28.521],[153.16,-28.524],[153.15,-28.503],[153.154,-28.484],[153.136,-28.457],[153.142,-28.436],[153.124,-28.431],[153.128,-28.406],[153.111,-28.388],[153.109,-28.357],[153.109,-28.356],[153.109,-28.357],[153.108,-28.358],[153.106,-28.357],[153.105,-28.357],[153.102,-28.358],[153.098,-28.357],[153.097,-28.356],[153.094,-28.356],[153.093,-28.355],[153.092,-28.354],[153.089,-28.353],[153.087,-28.354],[153.086,-28.355],[153.084,-28.355],[153.083,-28.354],[153.081,-28.354],[153.079,-28.354],[153.074,-28.352],[153.072,-28.35],[153.071,-28.348],[153.067,-28.346],[153.065,-28.344],[153.062,-28.344],[153.059,-28.344],[153.058,-28.343],[153.053,-28.343],[153.052,-28.341],[153.049,-28.342],[153.045,-28.339],[153.038,-28.343],[153.033,-28.342],[153.03,-28.34],[153.022,-28.338],[153.01,-28.341],[153.003,-28.34],[153,-28.34],[152.996,-28.34],[152.992,-28.339],[152.991,-28.337],[152.99,-28.337],[152.989,-28.337],[152.989,-28.337],[152.987,-28.337],[152.986,-28.338],[152.984,-28.338],[152.982,-28.337],[152.98,-28.335],[152.978,-28.334],[152.973,-28.332],[152.951,-28.334],[152.949,-28.334],[152.949,-28.335],[152.945,-28.336],[152.945,-28.336],[152.945,-28.335],[152.945,-28.335],[152.944,-28.335],[152.943,-28.335],[152.941,-28.335],[152.939,-28.335],[152.936,-28.336],[152.934,-28.338],[152.923,-28.332],[152.92,-28.331],[152.919,-28.331],[152.918,-28.331],[152.917,-28.331],[152.915,-28.33],[152.911,-28.328],[152.91,-28.327],[152.909,-28.326],[152.906,-28.326],[152.903,-28.325],[152.9,-28.325],[152.9,-28.325],[152.899,-28.325],[152.899,-28.324],[152.898,-28.324],[152.898,-28.324],[152.897,-28.322],[152.897,-28.322],[152.896,-28.322],[152.896,-28.321],[152.895,-28.321],[152.895,-28.321],[152.894,-28.32],[152.894,-28.319],[152.894,-28.318],[152.893,-28.318],[152.892,-28.318],[152.891,-28.317],[152.889,-28.315],[152.883,-28.313],[152.882,-28.312],[152.881,-28.311],[152.88,-28.31],[152.878,-28.312],[152.876,-28.312],[152.873,-28.313],[152.866,-28.314],[152.861,-28.312],[152.86,-28.311],[152.858,-28.311],[152.857,-28.312],[152.855,-28.313],[152.853,-28.312],[152.852,-28.312],[152.852,-28.311],[152.852,-28.311],[152.851,-28.311],[152.849,-28.311],[152.831,-28.32],[152.809,-28.342],[152.809,-28.343],[152.809,-28.344],[152.809,-28.347],[152.809,-28.351],[152.809,-28.351],[152.807,-28.351],[152.806,-28.351],[152.804,-28.354],[152.804,-28.354],[152.803,-28.354],[152.801,-28.353],[152.8,-28.354],[152.798,-28.353],[152.796,-28.354],[152.795,-28.354],[152.793,-28.354],[152.793,-28.354],[152.792,-28.352],[152.788,-28.351],[152.782,-28.347],[152.777,-28.346],[152.775,-28.347],[152.773,-28.348],[152.772,-28.348],[152.771,-28.349],[152.768,-28.349],[152.765,-28.351],[152.764,-28.351],[152.76,-28.352],[152.759,-28.353],[152.758,-28.355],[152.762,-28.358],[152.761,-28.36],[152.758,-28.363],[152.758,-28.363],[152.757,-28.364],[152.751,-28.364],[152.749,-28.363],[152.749,-28.362],[152.747,-28.361],[152.744,-28.36],[152.743,-28.36],[152.74,-28.359],[152.723,-28.344],[152.713,-28.342],[152.712,-28.341],[152.711,-28.342],[152.71,-28.343],[152.709,-28.344],[152.708,-28.344],[152.699,-28.336],[152.692,-28.337],[152.688,-28.335],[152.686,-28.329],[152.679,-28.331],[152.674,-28.326],[152.673,-28.324],[152.674,-28.323],[152.673,-28.321],[152.674,-28.32],[152.674,-28.318],[152.668,-28.312],[152.659,-28.31],[152.653,-28.311],[152.652,-28.312],[152.648,-28.313],[152.647,-28.312],[152.644,-28.313],[152.64,-28.312],[152.628,-28.304],[152.627,-28.3],[152.626,-28.3],[152.624,-28.298],[152.622,-28.293],[152.623,-28.292],[152.623,-28.291],[152.624,-28.289],[152.623,-28.288],[152.623,-28.287],[152.622,-28.286],[152.621,-28.284],[152.618,-28.283],[152.616,-28.272],[152.612,-28.271],[152.611,-28.274],[152.603,-28.279],[152.6,-28.284],[152.597,-28.291],[152.598,-28.315],[152.598,-28.315],[152.598,-28.315],[152.628,-28.328],[152.628,-28.347],[152.616,-28.352],[152.605,-28.392],[152.584,-28.417],[152.577,-28.438],[152.567,-28.438],[152.562,-28.455],[152.527,-28.498],[152.533,-28.514],[152.503,-28.512],[152.5,-28.529],[152.448,-28.527],[152.442,-28.557],[152.442,-28.593],[152.422,-28.607],[152.409,-28.628],[152.402,-28.659],[152.389,-28.666],[152.384,-28.686],[152.375,-28.7],[152.405,-28.71],[152.408,-28.723],[152.426,-28.724],[152.465,-28.736],[152.478,-28.746],[152.498,-28.745],[152.48,-28.78],[152.522,-28.793],[152.531,-28.781],[152.544,-28.788],[152.537,-28.804],[152.54,-28.816],[152.557,-28.825],[152.537,-28.847],[152.573,-28.864],[152.557,-28.894],[152.58,-28.911],[152.581,-28.929],[152.566,-28.926],[152.549,-28.932],[152.559,-28.99],[152.517,-28.984],[152.51,-28.973],[152.487,-28.97],[152.467,-28.974],[152.465,-29.008],[152.444,-29.04],[152.442,-29.052],[152.421,-29.084],[152.455,-29.089],[152.444,-29.144],[152.417,-29.153],[152.414,-29.165],[152.425,-29.179],[152.405,-29.212],[152.413,-29.23],[152.394,-29.241],[152.351,-29.249],[152.339,-29.262],[152.306,-29.283],[152.315,-29.299],[152.298,-29.307],[152.311,-29.323],[152.331,-29.329],[152.332,-29.342],[152.451,-29.358],[152.429,-29.392],[152.41,-29.401],[152.404,-29.433],[152.389,-29.445],[152.412,-29.507],[152.354,-29.545],[152.336,-29.641],[152.312,-29.663],[152.295,-29.669],[152.281,-29.666],[152.276,-29.682],[152.262,-29.702],[152.266,-29.725],[152.256,-29.733],[152.264,-29.751],[152.23,-29.755],[152.205,-29.772],[152.176,-29.817],[152.169,-29.87],[152.198,-29.876],[152.24,-29.863],[152.251,-29.865],[152.268,-29.848],[152.282,-29.856],[152.286,-29.907],[152.27,-29.932],[152.275,-29.96],[152.292,-29.977],[152.308,-29.98],[152.316,-30.001],[152.313,-30.03],[152.297,-30.039],[152.293,-30.06],[152.298,-30.072],[152.281,-30.087],[152.288,-30.11],[152.297,-30.115],[152.31,-30.148],[152.304,-30.16],[152.313,-30.184],[152.315,-30.209],[152.345,-30.228],[152.347,-30.242],[152.338,-30.262],[152.348,-30.291],[152.342,-30.314],[152.346,-30.333],[152.355,-30.34],[152.352,-30.355],[152.382,-30.363],[152.388,-30.383],[152.428,-30.419],[152.441,-30.399],[152.479,-30.397],[152.475,-30.357],[152.481,-30.333],[152.49,-30.337],[152.506,-30.321],[152.527,-30.309],[152.547,-30.289],[152.56,-30.244],[152.587,-30.241],[152.603,-30.252],[152.626,-30.258],[152.635,-30.252],[152.655,-30.255],[152.671,-30.24],[152.698,-30.223],[152.699,-30.2],[152.693,-30.189],[152.751,-30.197],[152.755,-30.181],[152.803,-30.19],[152.83,-30.222],[152.868,-30.21],[152.873,-30.221],[152.911,-30.228],[152.928,-30.227],[152.952,-30.216],[152.966,-30.223],[152.982,-30.214],[152.999,-30.221],[152.995,-30.247],[153.011,-30.249],[153.02,-30.267],[153.046,-30.272],[153.063,-30.287],[153.096,-30.262],[153.128,-30.268],[153.138,-30.263],[153.154,-30.235],[153.167,-30.198],[153.202,-30.156],[153.2,-30.141],[153.212,-30.109],[153.2,-30.099],[153.205,-30.07],[153.197,-30.056],[153.198,-30.039],[153.233,-29.98],[153.26,-29.948],[153.261,-29.93],[153.272,-29.919],[153.275,-29.895],[153.268,-29.886],[153.27,-29.858],[153.285,-29.831],[153.294,-29.825],[153.288,-29.798],[153.303,-29.776],[153.292,-29.753],[153.305,-29.715],[153.334,-29.675],[153.321,-29.667],[153.323,-29.644],[153.341,-29.61],[153.332,-29.594],[153.339,-29.564],[153.356,-29.53],[153.367,-29.482],[153.358,-29.466],[153.368,-29.438],[153.363,-29.422],[153.374,-29.371],[153.351,-29.355],[153.344,-29.343],[153.34,-29.32],[153.351,-29.28],[153.392,-29.214],[153.419,-29.178],[153.448,-29.15],[153.451,-29.12],[153.435,-29.112],[153.433,-29.101],[153.439,-29.071],[153.464,-29.019],[153.499,-28.97],[153.544,-28.918]]]}},{"type":"Feature","properties":{"name":"Parkes"},"geometry":{"type":"Polygon","coordinates":[[[149.796,-32.058],[149.808,-32.039],[149.826,-32.037],[149.85,-32.026],[149.87,-32.024],[149.88,-32],[149.876,-31.985],[149.858,-31.99],[149.839,-31.987],[149.851,-31.971],[149.866,-31.962],[149.873,-31.944],[149.899,-31.919],[149.897,-31.913],[149.919,-31.894],[149.992,-31.843],[150.024,-31.829],[150.034,-31.817],[150.05,-31.786],[150.07,-31.766],[150.1,-31.749],[150.075,-31.74],[150.045,-31.711],[150.052,-31.699],[150.03,-31.691],[150.014,-31.698],[149.994,-31.722],[149.981,-31.719],[149.966,-31.701],[149.939,-31.706],[149.905,-31.707],[149.879,-31.692],[149.864,-31.67],[149.865,-31.636],[149.841,-31.616],[149.887,-31.621],[149.899,-31.617],[149.893,-31.593],[149.911,-31.573],[149.912,-31.553],[149.904,-31.537],[149.867,-31.537],[149.883,-31.452],[149.968,-31.458],[150.002,-31.446],[150.004,-31.43],[149.988,-31.427],[149.999,-31.362],[149.999,-31.345],[149.987,-31.329],[150.007,-31.321],[150.041,-31.325],[150.04,-31.333],[150.079,-31.338],[150.091,-31.298],[150.103,-31.24],[150.135,-31.244],[150.158,-31.238],[150.149,-31.304],[150.159,-31.314],[150.157,-31.329],[150.161,-31.355],[150.2,-31.363],[150.286,-31.374],[150.303,-31.381],[150.339,-31.386],[150.384,-31.386],[150.382,-31.393],[150.418,-31.398],[150.43,-31.384],[150.433,-31.364],[150.419,-31.34],[150.47,-31.347],[150.484,-31.356],[150.543,-31.363],[150.55,-31.344],[150.546,-31.329],[150.551,-31.29],[150.548,-31.265],[150.575,-31.274],[150.587,-31.21],[150.572,-31.206],[150.58,-31.147],[150.599,-31.047],[150.575,-31.02],[150.552,-31.011],[150.528,-30.969],[150.533,-30.94],[150.499,-30.909],[150.53,-30.903],[150.53,-30.875],[150.521,-30.855],[150.547,-30.859],[150.556,-30.845],[150.559,-30.811],[150.544,-30.813],[150.52,-30.8],[150.487,-30.799],[150.49,-30.783],[150.463,-30.779],[150.453,-30.757],[150.467,-30.745],[150.464,-30.717],[150.453,-30.715],[150.458,-30.69],[150.51,-30.66],[150.499,-30.639],[150.456,-30.619],[150.454,-30.608],[150.43,-30.601],[150.411,-30.59],[150.378,-30.603],[150.365,-30.583],[150.373,-30.567],[150.391,-30.569],[150.389,-30.551],[150.366,-30.543],[150.369,-30.53],[150.359,-30.519],[150.368,-30.47],[150.361,-30.454],[150.363,-30.433],[150.351,-30.418],[150.323,-30.42],[150.314,-30.429],[150.283,-30.431],[150.275,-30.421],[150.253,-30.414],[150.239,-30.402],[150.238,-30.385],[150.224,-30.371],[150.203,-30.375],[150.188,-30.36],[150.196,-30.346],[150.195,-30.321],[150.183,-30.3],[150.181,-30.28],[150.167,-30.229],[150.146,-30.216],[150.145,-30.202],[150.102,-30.192],[150.089,-30.172],[150.089,-30.158],[150.074,-30.137],[150.076,-30.107],[150.103,-30.082],[150.124,-30.07],[150.14,-30.086],[150.163,-30.078],[150.172,-30.063],[150.198,-30.063],[150.236,-30.013],[150.249,-30.01],[150.249,-29.993],[150.293,-29.991],[150.292,-29.964],[150.302,-29.957],[150.301,-29.921],[150.312,-29.907],[150.312,-29.893],[150.294,-29.871],[150.294,-29.847],[150.302,-29.84],[150.298,-29.808],[150.291,-29.803],[150.288,-29.75],[150.303,-29.732],[150.288,-29.722],[150.263,-29.679],[150.232,-29.663],[150.216,-29.649],[150.195,-29.62],[150.212,-29.53],[150.195,-29.519],[150.219,-29.498],[150.206,-29.483],[150.193,-29.494],[150.169,-29.496],[150.175,-29.463],[150.184,-29.438],[150.246,-29.116],[150.24,-29.115],[150.25,-29.076],[150.259,-29.014],[150.149,-28.889],[150.169,-28.876],[150.344,-28.828],[150.421,-28.752],[150.484,-28.662],[150.46,-28.669],[150.442,-28.664],[150.437,-28.661],[150.428,-28.652],[150.414,-28.652],[150.412,-28.648],[150.416,-28.645],[150.416,-28.636],[150.409,-28.634],[150.404,-28.631],[150.404,-28.629],[150.404,-28.629],[150.403,-28.628],[150.402,-28.627],[150.402,-28.627],[150.401,-28.627],[150.401,-28.627],[150.4,-28.628],[150.4,-28.628],[150.4,-28.628],[150.398,-28.628],[150.398,-28.629],[150.397,-28.629],[150.396,-28.629],[150.396,-28.63],[150.396,-28.63],[150.392,-28.634],[150.391,-28.634],[150.389,-28.634],[150.389,-28.634],[150.388,-28.634],[150.385,-28.632],[150.37,-28.621],[150.369,-28.62],[150.37,-28.619],[150.37,-28.618],[150.37,-28.618],[150.369,-28.615],[150.369,-28.613],[150.369,-28.613],[150.37,-28.613],[150.371,-28.612],[150.37,-28.61],[150.367,-28.609],[150.364,-28.609],[150.364,-28.609],[150.364,-28.608],[150.364,-28.606],[150.368,-28.601],[150.363,-28.597],[150.363,-28.597],[150.363,-28.594],[150.363,-28.592],[150.363,-28.59],[150.363,-28.589],[150.362,-28.589],[150.35,-28.575],[150.33,-28.572],[150.328,-28.571],[150.326,-28.57],[150.326,-28.569],[150.324,-28.568],[150.323,-28.567],[150.322,-28.563],[150.321,-28.561],[150.321,-28.559],[150.32,-28.557],[150.32,-28.557],[150.319,-28.556],[150.318,-28.556],[150.314,-28.556],[150.313,-28.555],[150.312,-28.554],[150.311,-28.554],[150.311,-28.552],[150.31,-28.551],[150.309,-28.551],[150.306,-28.549],[150.304,-28.549],[150.303,-28.549],[150.303,-28.549],[150.302,-28.549],[150.301,-28.549],[150.301,-28.548],[150.3,-28.548],[150.297,-28.544],[150.296,-28.541],[150.296,-28.54],[150.296,-28.54],[150.295,-28.539],[150.295,-28.539],[150.294,-28.538],[150.293,-28.538],[150.293,-28.538],[150.291,-28.537],[150.29,-28.537],[150.29,-28.537],[150.289,-28.537],[150.284,-28.542],[150.277,-28.542],[150.273,-28.54],[150.271,-28.54],[150.27,-28.54],[150.268,-28.54],[150.268,-28.541],[150.255,-28.546],[150.249,-28.552],[150.248,-28.553],[150.247,-28.553],[150.246,-28.553],[150.246,-28.553],[150.244,-28.555],[150.244,-28.555],[150.243,-28.553],[150.242,-28.552],[150.241,-28.553],[150.241,-28.554],[150.24,-28.554],[150.24,-28.554],[150.235,-28.555],[150.234,-28.561],[150.233,-28.563],[150.231,-28.563],[150.23,-28.564],[150.229,-28.566],[150.228,-28.568],[150.227,-28.569],[150.223,-28.567],[150.223,-28.567],[150.222,-28.567],[150.222,-28.567],[150.221,-28.567],[150.22,-28.567],[150.22,-28.567],[150.219,-28.567],[150.219,-28.568],[150.219,-28.569],[150.218,-28.569],[150.216,-28.567],[150.215,-28.567],[150.214,-28.567],[150.213,-28.568],[150.212,-28.568],[150.212,-28.569],[150.212,-28.569],[150.213,-28.57],[150.213,-28.571],[150.214,-28.573],[150.202,-28.572],[150.201,-28.569],[150.2,-28.569],[150.199,-28.568],[150.198,-28.567],[150.197,-28.567],[150.196,-28.567],[150.196,-28.567],[150.195,-28.568],[150.195,-28.568],[150.194,-28.568],[150.193,-28.567],[150.192,-28.567],[150.192,-28.567],[150.19,-28.567],[150.189,-28.568],[150.189,-28.569],[150.19,-28.57],[150.19,-28.57],[150.189,-28.57],[150.189,-28.571],[150.188,-28.572],[150.187,-28.573],[150.184,-28.572],[150.183,-28.571],[150.181,-28.57],[150.181,-28.568],[150.183,-28.568],[150.184,-28.569],[150.187,-28.568],[150.187,-28.567],[150.186,-28.565],[150.186,-28.565],[150.185,-28.565],[150.184,-28.565],[150.184,-28.565],[150.184,-28.566],[150.181,-28.565],[150.179,-28.564],[150.17,-28.561],[150.165,-28.554],[150.136,-28.564],[150.119,-28.562],[150.116,-28.567],[150.116,-28.567],[150.115,-28.568],[150.115,-28.568],[150.115,-28.568],[150.114,-28.568],[150.112,-28.568],[150.111,-28.568],[150.111,-28.569],[150.112,-28.569],[150.112,-28.57],[150.111,-28.57],[150.111,-28.57],[150.11,-28.57],[150.1,-28.566],[150.098,-28.564],[150.097,-28.563],[150.097,-28.563],[150.096,-28.563],[150.096,-28.563],[150.095,-28.564],[150.095,-28.564],[150.093,-28.564],[150.093,-28.564],[150.092,-28.564],[150.091,-28.565],[150.091,-28.565],[150.091,-28.566],[150.092,-28.567],[150.092,-28.567],[150.091,-28.569],[150.092,-28.57],[150.092,-28.572],[150.093,-28.573],[150.094,-28.574],[150.093,-28.577],[150.093,-28.578],[150.093,-28.578],[150.092,-28.579],[150.092,-28.579],[150.091,-28.579],[150.09,-28.579],[150.09,-28.578],[150.091,-28.576],[150.089,-28.576],[150.088,-28.576],[150.088,-28.575],[150.087,-28.575],[150.087,-28.576],[150.086,-28.576],[150.085,-28.576],[150.085,-28.576],[150.085,-28.576],[150.085,-28.577],[150.087,-28.577],[150.088,-28.577],[150.088,-28.579],[150.088,-28.579],[150.088,-28.58],[150.087,-28.581],[150.087,-28.581],[150.086,-28.581],[150.086,-28.581],[150.085,-28.581],[150.085,-28.58],[150.084,-28.58],[150.084,-28.58],[150.084,-28.58],[150.082,-28.578],[150.082,-28.578],[150.082,-28.577],[150.081,-28.577],[150.081,-28.577],[150.08,-28.579],[150.081,-28.579],[150.081,-28.579],[150.081,-28.579],[150.08,-28.581],[150.08,-28.582],[150.08,-28.582],[150.081,-28.582],[150.082,-28.582],[150.083,-28.582],[150.083,-28.582],[150.082,-28.583],[150.08,-28.584],[150.08,-28.584],[150.079,-28.584],[150.079,-28.584],[150.077,-28.583],[150.068,-28.578],[150.057,-28.584],[150.057,-28.584],[150.056,-28.584],[150.056,-28.584],[150.055,-28.585],[150.056,-28.585],[150.056,-28.585],[150.056,-28.586],[150.056,-28.586],[150.057,-28.586],[150.057,-28.586],[150.056,-28.587],[150.056,-28.586],[150.055,-28.586],[150.055,-28.586],[150.054,-28.586],[150.053,-28.586],[150.052,-28.586],[150.052,-28.585],[150.052,-28.585],[150.051,-28.585],[150.051,-28.586],[150.05,-28.586],[150.05,-28.587],[150.05,-28.587],[150.05,-28.587],[150.05,-28.588],[150.049,-28.588],[150.049,-28.589],[150.049,-28.589],[150.049,-28.589],[150.045,-28.587],[150.037,-28.586],[150.035,-28.585],[150.035,-28.584],[150.034,-28.584],[150.034,-28.583],[150.034,-28.583],[150.033,-28.583],[150.032,-28.584],[150.032,-28.584],[150.031,-28.584],[150.031,-28.583],[150.03,-28.583],[150.031,-28.581],[150.031,-28.581],[150.031,-28.58],[150.027,-28.579],[150.026,-28.579],[150.025,-28.58],[150.024,-28.582],[150.021,-28.583],[150.018,-28.58],[150.015,-28.581],[150.015,-28.581],[150.015,-28.581],[150.016,-28.582],[150.017,-28.582],[150.013,-28.584],[150.009,-28.591],[149.998,-28.595],[149.993,-28.601],[149.988,-28.601],[149.987,-28.602],[149.985,-28.603],[149.987,-28.604],[149.987,-28.605],[149.984,-28.604],[149.982,-28.606],[149.982,-28.608],[149.979,-28.608],[149.977,-28.611],[149.978,-28.613],[149.976,-28.613],[149.974,-28.609],[149.967,-28.61],[149.963,-28.613],[149.957,-28.61],[149.957,-28.608],[149.954,-28.608],[149.953,-28.61],[149.951,-28.608],[149.949,-28.611],[149.95,-28.613],[149.943,-28.614],[149.942,-28.618],[149.937,-28.615],[149.937,-28.612],[149.93,-28.612],[149.925,-28.609],[149.92,-28.61],[149.916,-28.61],[149.914,-28.609],[149.913,-28.61],[149.912,-28.611],[149.912,-28.61],[149.909,-28.61],[149.909,-28.611],[149.909,-28.612],[149.91,-28.612],[149.907,-28.615],[149.903,-28.616],[149.905,-28.619],[149.89,-28.619],[149.875,-28.607],[149.831,-28.604],[149.818,-28.614],[149.814,-28.608],[149.803,-28.608],[149.798,-28.61],[149.787,-28.612],[149.784,-28.614],[149.78,-28.61],[149.778,-28.611],[149.776,-28.613],[149.764,-28.615],[149.756,-28.612],[149.754,-28.612],[149.754,-28.613],[149.752,-28.613],[149.752,-28.612],[149.75,-28.612],[149.751,-28.612],[149.751,-28.613],[149.75,-28.612],[149.75,-28.612],[149.749,-28.611],[149.748,-28.612],[149.748,-28.613],[149.746,-28.612],[149.745,-28.615],[149.746,-28.616],[149.744,-28.618],[149.71,-28.613],[149.697,-28.632],[149.68,-28.633],[149.671,-28.621],[149.648,-28.612],[149.645,-28.604],[149.641,-28.599],[149.64,-28.598],[149.639,-28.598],[149.638,-28.6],[149.636,-28.6],[149.636,-28.598],[149.635,-28.598],[149.635,-28.596],[149.635,-28.595],[149.634,-28.596],[149.633,-28.597],[149.632,-28.596],[149.632,-28.598],[149.631,-28.598],[149.63,-28.597],[149.63,-28.596],[149.631,-28.595],[149.63,-28.595],[149.63,-28.595],[149.629,-28.595],[149.629,-28.596],[149.627,-28.596],[149.627,-28.596],[149.624,-28.595],[149.62,-28.596],[149.611,-28.601],[149.606,-28.598],[149.606,-28.592],[149.603,-28.587],[149.597,-28.588],[149.598,-28.584],[149.599,-28.581],[149.598,-28.579],[149.593,-28.576],[149.572,-28.572],[149.557,-28.579],[149.538,-28.575],[149.52,-28.581],[149.518,-28.58],[149.517,-28.58],[149.517,-28.58],[149.516,-28.579],[149.515,-28.579],[149.515,-28.58],[149.515,-28.581],[149.513,-28.581],[149.514,-28.578],[149.51,-28.578],[149.509,-28.577],[149.508,-28.576],[149.508,-28.576],[149.507,-28.576],[149.507,-28.576],[149.506,-28.576],[149.503,-28.575],[149.503,-28.576],[149.504,-28.578],[149.503,-28.58],[149.502,-28.58],[149.501,-28.579],[149.5,-28.579],[149.5,-28.578],[149.499,-28.578],[149.499,-28.578],[149.499,-28.578],[149.499,-28.579],[149.498,-28.579],[149.498,-28.58],[149.497,-28.581],[149.497,-28.581],[149.496,-28.58],[149.496,-28.58],[149.497,-28.579],[149.497,-28.579],[149.497,-28.578],[149.496,-28.579],[149.495,-28.579],[149.495,-28.579],[149.495,-28.579],[149.494,-28.58],[149.494,-28.58],[149.493,-28.58],[149.493,-28.581],[149.492,-28.581],[149.492,-28.581],[149.492,-28.582],[149.492,-28.582],[149.49,-28.585],[149.488,-28.584],[149.488,-28.584],[149.487,-28.584],[149.487,-28.583],[149.486,-28.582],[149.484,-28.583],[149.484,-28.583],[149.484,-28.583],[149.484,-28.583],[149.483,-28.583],[149.483,-28.583],[149.483,-28.583],[149.482,-28.583],[149.481,-28.583],[149.481,-28.584],[149.482,-28.584],[149.482,-28.584],[149.482,-28.585],[149.482,-28.586],[149.483,-28.587],[149.482,-28.587],[149.481,-28.587],[149.481,-28.588],[149.481,-28.588],[149.481,-28.589],[149.481,-28.589],[149.481,-28.589],[149.481,-28.59],[149.481,-28.59],[149.481,-28.59],[149.48,-28.59],[149.48,-28.591],[149.48,-28.591],[149.48,-28.591],[149.479,-28.591],[149.479,-28.591],[149.479,-28.591],[149.478,-28.588],[149.478,-28.588],[149.478,-28.588],[149.477,-28.588],[149.477,-28.59],[149.477,-28.59],[149.477,-28.592],[149.475,-28.594],[149.475,-28.594],[149.474,-28.594],[149.474,-28.594],[149.473,-28.594],[149.472,-28.593],[149.472,-28.593],[149.472,-28.593],[149.471,-28.592],[149.471,-28.593],[149.471,-28.594],[149.471,-28.594],[149.47,-28.594],[149.469,-28.594],[149.469,-28.593],[149.469,-28.592],[149.469,-28.592],[149.468,-28.592],[149.468,-28.592],[149.468,-28.593],[149.467,-28.593],[149.467,-28.594],[149.467,-28.594],[149.465,-28.593],[149.464,-28.593],[149.464,-28.593],[149.464,-28.593],[149.463,-28.593],[149.463,-28.593],[149.456,-28.595],[149.452,-28.604],[149.451,-28.605],[149.45,-28.605],[149.45,-28.605],[149.449,-28.605],[149.448,-28.605],[149.447,-28.605],[149.447,-28.606],[149.447,-28.606],[149.447,-28.606],[149.447,-28.606],[149.446,-28.606],[149.445,-28.606],[149.444,-28.606],[149.444,-28.608],[149.439,-28.612],[149.43,-28.626],[149.43,-28.627],[149.43,-28.627],[149.43,-28.627],[149.43,-28.628],[149.429,-28.629],[149.428,-28.629],[149.428,-28.629],[149.428,-28.63],[149.429,-28.63],[149.43,-28.63],[149.43,-28.631],[149.429,-28.631],[149.429,-28.632],[149.431,-28.638],[149.426,-28.65],[149.419,-28.65],[149.417,-28.651],[149.417,-28.653],[149.417,-28.653],[149.418,-28.653],[149.418,-28.653],[149.419,-28.654],[149.423,-28.654],[149.423,-28.654],[149.423,-28.655],[149.421,-28.656],[149.418,-28.655],[149.418,-28.655],[149.417,-28.655],[149.417,-28.655],[149.417,-28.655],[149.417,-28.655],[149.417,-28.656],[149.417,-28.657],[149.417,-28.658],[149.416,-28.658],[149.416,-28.659],[149.417,-28.659],[149.417,-28.659],[149.418,-28.66],[149.417,-28.661],[149.417,-28.661],[149.416,-28.662],[149.416,-28.662],[149.416,-28.663],[149.416,-28.663],[149.415,-28.663],[149.414,-28.662],[149.413,-28.662],[149.411,-28.663],[149.41,-28.665],[149.411,-28.665],[149.411,-28.665],[149.411,-28.666],[149.411,-28.666],[149.411,-28.667],[149.411,-28.667],[149.41,-28.667],[149.41,-28.667],[149.411,-28.668],[149.411,-28.668],[149.412,-28.667],[149.412,-28.667],[149.414,-28.665],[149.414,-28.666],[149.414,-28.667],[149.414,-28.667],[149.414,-28.668],[149.413,-28.668],[149.408,-28.671],[149.407,-28.672],[149.407,-28.673],[149.406,-28.673],[149.405,-28.675],[149.402,-28.676],[149.401,-28.676],[149.401,-28.676],[149.401,-28.675],[149.4,-28.675],[149.399,-28.675],[149.399,-28.675],[149.398,-28.676],[149.397,-28.677],[149.397,-28.678],[149.396,-28.678],[149.396,-28.678],[149.395,-28.677],[149.394,-28.677],[149.394,-28.677],[149.394,-28.678],[149.394,-28.679],[149.394,-28.679],[149.394,-28.68],[149.394,-28.68],[149.394,-28.681],[149.393,-28.681],[149.393,-28.682],[149.393,-28.683],[149.394,-28.684],[149.394,-28.684],[149.394,-28.685],[149.394,-28.685],[149.394,-28.686],[149.394,-28.687],[149.393,-28.688],[149.393,-28.688],[149.392,-28.689],[149.392,-28.691],[149.392,-28.691],[149.391,-28.692],[149.39,-28.693],[149.39,-28.693],[149.389,-28.693],[149.388,-28.694],[149.388,-28.694],[149.385,-28.691],[149.381,-28.69],[149.371,-28.688],[149.369,-28.687],[149.368,-28.689],[149.368,-28.69],[149.368,-28.69],[149.369,-28.69],[149.369,-28.69],[149.369,-28.691],[149.369,-28.692],[149.368,-28.692],[149.368,-28.692],[149.367,-28.692],[149.367,-28.692],[149.366,-28.691],[149.366,-28.691],[149.365,-28.689],[149.364,-28.689],[149.363,-28.689],[149.363,-28.688],[149.362,-28.686],[149.362,-28.685],[149.361,-28.684],[149.358,-28.684],[149.357,-28.686],[149.357,-28.686],[149.355,-28.687],[149.355,-28.687],[149.355,-28.688],[149.355,-28.688],[149.354,-28.688],[149.353,-28.688],[149.352,-28.689],[149.352,-28.69],[149.352,-28.69],[149.352,-28.691],[149.353,-28.691],[149.352,-28.691],[149.352,-28.692],[149.351,-28.693],[149.351,-28.693],[149.351,-28.693],[149.35,-28.692],[149.35,-28.691],[149.348,-28.691],[149.346,-28.694],[149.346,-28.697],[149.345,-28.697],[149.344,-28.697],[149.344,-28.697],[149.343,-28.696],[149.342,-28.696],[149.342,-28.696],[149.341,-28.697],[149.341,-28.696],[149.341,-28.696],[149.341,-28.696],[149.34,-28.695],[149.336,-28.698],[149.331,-28.697],[149.329,-28.699],[149.332,-28.701],[149.332,-28.702],[149.332,-28.702],[149.332,-28.703],[149.332,-28.703],[149.33,-28.704],[149.329,-28.704],[149.328,-28.705],[149.32,-28.706],[149.316,-28.711],[149.311,-28.711],[149.31,-28.711],[149.311,-28.712],[149.311,-28.712],[149.311,-28.712],[149.311,-28.712],[149.306,-28.712],[149.301,-28.71],[149.301,-28.71],[149.3,-28.71],[149.3,-28.71],[149.3,-28.71],[149.299,-28.71],[149.299,-28.71],[149.299,-28.71],[149.297,-28.71],[149.294,-28.711],[149.287,-28.722],[149.287,-28.722],[149.287,-28.723],[149.287,-28.724],[149.288,-28.725],[149.288,-28.726],[149.287,-28.726],[149.287,-28.727],[149.287,-28.727],[149.286,-28.727],[149.286,-28.726],[149.285,-28.726],[149.285,-28.725],[149.285,-28.726],[149.284,-28.727],[149.282,-28.728],[149.283,-28.73],[149.283,-28.73],[149.284,-28.73],[149.284,-28.73],[149.284,-28.731],[149.284,-28.731],[149.285,-28.731],[149.285,-28.731],[149.285,-28.731],[149.286,-28.731],[149.286,-28.731],[149.286,-28.732],[149.285,-28.732],[149.284,-28.733],[149.283,-28.733],[149.282,-28.733],[149.283,-28.733],[149.283,-28.732],[149.282,-28.732],[149.282,-28.732],[149.281,-28.732],[149.281,-28.731],[149.281,-28.731],[149.28,-28.731],[149.28,-28.732],[149.279,-28.733],[149.279,-28.733],[149.279,-28.733],[149.279,-28.733],[149.278,-28.734],[149.278,-28.733],[149.278,-28.733],[149.276,-28.733],[149.275,-28.733],[149.275,-28.733],[149.275,-28.733],[149.275,-28.733],[149.274,-28.734],[149.274,-28.734],[149.274,-28.733],[149.273,-28.733],[149.273,-28.733],[149.272,-28.733],[149.272,-28.733],[149.272,-28.734],[149.272,-28.734],[149.271,-28.734],[149.271,-28.735],[149.271,-28.736],[149.271,-28.737],[149.272,-28.737],[149.272,-28.737],[149.272,-28.737],[149.274,-28.736],[149.274,-28.737],[149.273,-28.738],[149.273,-28.74],[149.272,-28.741],[149.27,-28.742],[149.27,-28.743],[149.269,-28.743],[149.269,-28.743],[149.268,-28.744],[149.266,-28.743],[149.266,-28.741],[149.266,-28.74],[149.265,-28.74],[149.264,-28.74],[149.264,-28.74],[149.263,-28.74],[149.263,-28.74],[149.264,-28.738],[149.263,-28.736],[149.262,-28.735],[149.261,-28.736],[149.261,-28.736],[149.26,-28.736],[149.26,-28.735],[149.26,-28.736],[149.254,-28.739],[149.254,-28.739],[149.254,-28.74],[149.254,-28.74],[149.253,-28.741],[149.254,-28.741],[149.254,-28.742],[149.253,-28.742],[149.251,-28.74],[149.251,-28.74],[149.251,-28.74],[149.251,-28.74],[149.25,-28.74],[149.249,-28.74],[149.248,-28.74],[149.247,-28.74],[149.247,-28.739],[149.248,-28.739],[149.248,-28.739],[149.247,-28.739],[149.246,-28.739],[149.232,-28.749],[149.232,-28.75],[149.232,-28.751],[149.232,-28.751],[149.232,-28.751],[149.232,-28.752],[149.232,-28.752],[149.232,-28.752],[149.231,-28.751],[149.231,-28.751],[149.231,-28.751],[149.23,-28.752],[149.23,-28.752],[149.232,-28.756],[149.231,-28.756],[149.231,-28.756],[149.231,-28.756],[149.23,-28.755],[149.229,-28.755],[149.229,-28.755],[149.229,-28.755],[149.228,-28.756],[149.229,-28.758],[149.229,-28.758],[149.229,-28.758],[149.23,-28.758],[149.23,-28.758],[149.23,-28.758],[149.23,-28.759],[149.229,-28.759],[149.229,-28.759],[149.229,-28.759],[149.229,-28.759],[149.228,-28.759],[149.228,-28.761],[149.229,-28.761],[149.229,-28.762],[149.229,-28.762],[149.228,-28.762],[149.227,-28.762],[149.227,-28.761],[149.227,-28.761],[149.226,-28.761],[149.225,-28.761],[149.225,-28.762],[149.226,-28.762],[149.226,-28.763],[149.225,-28.763],[149.225,-28.763],[149.225,-28.763],[149.225,-28.763],[149.224,-28.763],[149.224,-28.762],[149.224,-28.763],[149.225,-28.764],[149.225,-28.765],[149.225,-28.765],[149.224,-28.765],[149.224,-28.765],[149.224,-28.765],[149.224,-28.764],[149.224,-28.764],[149.223,-28.764],[149.222,-28.764],[149.222,-28.765],[149.222,-28.766],[149.222,-28.766],[149.222,-28.766],[149.221,-28.766],[149.221,-28.766],[149.22,-28.766],[149.22,-28.765],[149.22,-28.764],[149.22,-28.764],[149.22,-28.764],[149.22,-28.763],[149.219,-28.763],[149.217,-28.763],[149.216,-28.763],[149.216,-28.764],[149.216,-28.764],[149.215,-28.764],[149.215,-28.764],[149.214,-28.763],[149.214,-28.764],[149.214,-28.765],[149.213,-28.766],[149.212,-28.765],[149.212,-28.765],[149.212,-28.766],[149.212,-28.766],[149.212,-28.766],[149.212,-28.767],[149.211,-28.767],[149.211,-28.767],[149.211,-28.768],[149.21,-28.768],[149.21,-28.768],[149.21,-28.768],[149.21,-28.768],[149.209,-28.768],[149.209,-28.766],[149.208,-28.766],[149.208,-28.766],[149.208,-28.766],[149.207,-28.766],[149.206,-28.767],[149.207,-28.768],[149.205,-28.769],[149.202,-28.771],[149.202,-28.771],[149.201,-28.77],[149.2,-28.77],[149.198,-28.771],[149.195,-28.771],[149.194,-28.772],[149.193,-28.774],[149.19,-28.775],[149.189,-28.775],[149.188,-28.775],[149.188,-28.777],[149.186,-28.782],[149.186,-28.782],[149.187,-28.783],[149.187,-28.783],[149.187,-28.784],[149.187,-28.784],[149.187,-28.784],[149.187,-28.784],[149.187,-28.785],[149.187,-28.785],[149.187,-28.785],[149.186,-28.785],[149.186,-28.785],[149.187,-28.786],[149.187,-28.786],[149.187,-28.787],[149.186,-28.788],[149.186,-28.788],[149.185,-28.788],[149.185,-28.789],[149.184,-28.789],[149.184,-28.79],[149.184,-28.791],[149.185,-28.791],[149.186,-28.792],[149.187,-28.792],[149.187,-28.793],[149.187,-28.793],[149.187,-28.794],[149.187,-28.794],[149.186,-28.795],[149.186,-28.795],[149.185,-28.795],[149.185,-28.795],[149.183,-28.795],[149.184,-28.797],[149.18,-28.798],[149.17,-28.806],[149.17,-28.807],[149.17,-28.807],[149.17,-28.808],[149.169,-28.808],[149.169,-28.808],[149.169,-28.808],[149.168,-28.808],[149.168,-28.808],[149.168,-28.808],[149.168,-28.808],[149.167,-28.808],[149.167,-28.808],[149.167,-28.807],[149.166,-28.808],[149.165,-28.808],[149.165,-28.808],[149.165,-28.808],[149.164,-28.808],[149.16,-28.811],[149.155,-28.81],[149.155,-28.809],[149.154,-28.809],[149.154,-28.809],[149.154,-28.808],[149.151,-28.807],[149.14,-28.807],[149.14,-28.812],[149.142,-28.815],[149.143,-28.817],[149.142,-28.819],[149.143,-28.819],[149.143,-28.819],[149.144,-28.819],[149.144,-28.818],[149.145,-28.819],[149.145,-28.819],[149.144,-28.82],[149.144,-28.82],[149.144,-28.82],[149.144,-28.82],[149.144,-28.821],[149.143,-28.821],[149.143,-28.821],[149.143,-28.821],[149.143,-28.824],[149.139,-28.828],[149.128,-28.836],[149.127,-28.835],[149.126,-28.835],[149.125,-28.834],[149.125,-28.834],[149.125,-28.833],[149.124,-28.833],[149.124,-28.833],[149.123,-28.834],[149.122,-28.834],[149.122,-28.834],[149.122,-28.834],[149.123,-28.832],[149.122,-28.832],[149.122,-28.832],[149.121,-28.832],[149.121,-28.832],[149.121,-28.833],[149.121,-28.833],[149.121,-28.833],[149.121,-28.833],[149.118,-28.833],[149.118,-28.832],[149.119,-28.831],[149.12,-28.83],[149.12,-28.83],[149.12,-28.83],[149.12,-28.83],[149.119,-28.829],[149.119,-28.829],[149.118,-28.829],[149.118,-28.83],[149.117,-28.83],[149.116,-28.831],[149.116,-28.831],[149.115,-28.831],[149.113,-28.83],[149.112,-28.83],[149.112,-28.831],[149.113,-28.831],[149.113,-28.832],[149.113,-28.832],[149.112,-28.834],[149.109,-28.833],[149.103,-28.834],[149.103,-28.834],[149.102,-28.833],[149.102,-28.833],[149.101,-28.832],[149.098,-28.832],[149.094,-28.833],[149.093,-28.834],[149.091,-28.836],[149.09,-28.837],[149.089,-28.837],[149.088,-28.838],[149.087,-28.838],[149.087,-28.838],[149.087,-28.839],[149.086,-28.842],[149.08,-28.843],[149.08,-28.858],[149.075,-28.859],[149.07,-28.87],[149.066,-28.873],[149.066,-28.874],[149.066,-28.874],[149.066,-28.875],[149.065,-28.875],[149.065,-28.876],[149.065,-28.877],[149.064,-28.878],[149.063,-28.879],[149.063,-28.879],[149.061,-28.879],[149.059,-28.879],[149.056,-28.882],[149.055,-28.884],[149.055,-28.886],[149.055,-28.886],[149.056,-28.887],[149.057,-28.887],[149.058,-28.886],[149.06,-28.886],[149.06,-28.886],[149.06,-28.887],[149.06,-28.888],[149.061,-28.888],[149.062,-28.888],[149.063,-28.887],[149.064,-28.887],[149.064,-28.89],[149.063,-28.89],[149.063,-28.89],[149.063,-28.89],[149.061,-28.89],[149.058,-28.894],[149.059,-28.894],[149.06,-28.894],[149.06,-28.894],[149.06,-28.894],[149.061,-28.894],[149.06,-28.896],[149.059,-28.896],[149.059,-28.897],[149.058,-28.898],[149.058,-28.899],[149.057,-28.899],[149.057,-28.899],[149.057,-28.899],[149.056,-28.9],[149.056,-28.902],[149.057,-28.903],[149.058,-28.904],[149.058,-28.904],[149.058,-28.905],[149.057,-28.905],[149.057,-28.905],[149.057,-28.905],[149.058,-28.907],[149.059,-28.909],[149.059,-28.911],[149.058,-28.911],[149.051,-28.918],[149.046,-28.933],[149.045,-28.933],[149.045,-28.934],[149.045,-28.934],[149.046,-28.934],[149.045,-28.935],[149.044,-28.935],[149.044,-28.935],[149.044,-28.934],[149.043,-28.935],[149.044,-28.936],[149.044,-28.936],[149.043,-28.936],[149.043,-28.937],[149.043,-28.937],[149.043,-28.937],[149.043,-28.938],[149.043,-28.938],[149.043,-28.938],[149.044,-28.938],[149.043,-28.939],[149.042,-28.94],[149.04,-28.942],[149.04,-28.943],[149.039,-28.943],[149.039,-28.943],[149.038,-28.944],[149.037,-28.944],[149.035,-28.945],[149.034,-28.948],[149.035,-28.948],[149.036,-28.948],[149.036,-28.948],[149.036,-28.948],[149.036,-28.949],[149.036,-28.949],[149.036,-28.949],[149.035,-28.949],[149.035,-28.95],[149.034,-28.951],[149.033,-28.952],[149.033,-28.952],[149.034,-28.952],[149.034,-28.952],[149.034,-28.952],[149.035,-28.953],[149.034,-28.953],[149.034,-28.953],[149.034,-28.953],[149.033,-28.954],[149.033,-28.955],[149.032,-28.957],[149.032,-28.957],[149.031,-28.957],[149.03,-28.957],[149.03,-28.955],[149.029,-28.955],[149.029,-28.955],[149.028,-28.954],[149.026,-28.955],[149.024,-28.956],[149.023,-28.956],[149.023,-28.957],[149.022,-28.957],[149.022,-28.957],[149.02,-28.957],[149.02,-28.958],[149.02,-28.959],[149.02,-28.959],[149.02,-28.959],[149.018,-28.958],[149.015,-28.958],[149.014,-28.958],[149.013,-28.957],[149.013,-28.956],[149.012,-28.955],[149.011,-28.956],[149.009,-28.957],[149.008,-28.958],[149.008,-28.958],[149.008,-28.958],[149.009,-28.959],[149.009,-28.959],[149.01,-28.958],[149.011,-28.958],[149.012,-28.959],[149.011,-28.959],[149.011,-28.96],[149.006,-28.96],[149.005,-28.961],[149.004,-28.962],[149.005,-28.963],[149.005,-28.963],[149.005,-28.964],[149.005,-28.965],[149.005,-28.965],[149.005,-28.966],[149.005,-28.966],[149.004,-28.967],[149.003,-28.968],[148.997,-28.973],[148.993,-28.972],[148.987,-28.974],[148.985,-28.974],[148.984,-28.977],[148.981,-28.975],[148.978,-28.976],[148.976,-28.977],[148.972,-28.978],[148.971,-28.982],[148.971,-28.983],[148.971,-28.984],[148.971,-28.985],[148.971,-28.985],[148.97,-28.986],[148.969,-28.986],[148.968,-28.986],[148.967,-28.986],[148.966,-28.987],[148.968,-28.987],[148.969,-28.988],[148.967,-28.99],[148.967,-28.991],[148.967,-28.991],[148.967,-28.991],[148.965,-28.991],[148.965,-28.991],[148.964,-28.991],[148.964,-28.992],[148.964,-28.992],[148.966,-28.993],[148.966,-28.993],[148.966,-28.994],[148.965,-28.994],[148.965,-28.994],[148.964,-28.994],[148.964,-28.995],[148.963,-28.996],[148.963,-28.996],[148.963,-28.996],[148.958,-28.999],[148.715,-28.999],[148.423,-28.999],[148.179,-28.999],[147.964,-28.999],[147.744,-28.999],[147.369,-28.999],[147.109,-28.999],[146.75,-28.999],[146.577,-28.999],[146.329,-28.999],[146.082,-28.999],[145.749,-28.999],[145.499,-28.999],[145.255,-28.999],[144.926,-28.999],[144.678,-28.999],[144.415,-28.999],[144.167,-28.999],[143.85,-28.999],[143.787,-28.999],[143.75,-28.999],[143.687,-28.999],[143.6,-28.999],[143.4,-28.999],[143.291,-28.999],[143.176,-28.999],[143.001,-28.999],[142.8,-28.999],[142.7,-28.999],[142.603,-28.999],[142.6,-28.999],[142.4,-28.999],[142.019,-28.999],[141.953,-28.999],[141.922,-28.999],[141.9,-28.999],[141.8,-28.999],[141.7,-28.999],[141.591,-28.999],[141.374,-28.999],[141.3,-28.999],[141.213,-28.999],[141.2,-28.999],[141.111,-28.999],[141.045,-28.999],[141.016,-28.999],[140.999,-28.999],[141,-29.205],[141,-29.472],[141,-29.732],[141,-29.904],[141,-30.051],[141,-30.184],[141,-30.266],[141.001,-30.475],[141.001,-30.502],[141.001,-30.708],[141.001,-30.737],[141.001,-30.751],[141.001,-30.757],[141.001,-30.815],[141.001,-30.844],[141.001,-30.97],[141.001,-31.048],[141.001,-31.093],[141.001,-31.2],[141.001,-31.498],[141.001,-31.592],[141.001,-31.684],[141.001,-31.932],[141.001,-32.076],[141.001,-32.079],[141.002,-32.345],[141.002,-32.631],[141.002,-32.692],[141.002,-32.696],[141.002,-32.84],[141.002,-32.933],[141.002,-33.062],[141.002,-33.328],[141.002,-33.329],[141.168,-33.346],[141.264,-33.356],[141.267,-33.337],[141.309,-33.341],[141.306,-33.362],[141.348,-33.367],[141.388,-33.081],[141.403,-32.988],[141.573,-33.006],[141.561,-33.096],[141.755,-33.116],[142.038,-33.144],[142.023,-33.085],[142.108,-33.09],[142.106,-33.112],[142.178,-33.115],[142.274,-33.123],[142.293,-33.117],[142.297,-33.102],[142.29,-33.082],[142.311,-33.067],[142.314,-33.049],[142.334,-33.046],[142.363,-33.025],[142.382,-33.006],[142.374,-32.989],[142.376,-32.974],[142.428,-32.979],[142.424,-33.005],[142.548,-33.017],[142.55,-32.991],[142.516,-32.847],[142.944,-32.891],[142.965,-32.749],[143.271,-32.78],[143.27,-32.791],[143.432,-32.808],[143.417,-32.907],[143.5,-32.918],[143.506,-32.876],[143.592,-32.885],[143.585,-32.931],[143.672,-32.941],[143.662,-32.955],[143.653,-33.012],[143.603,-33.007],[143.573,-33.012],[143.552,-33.14],[143.637,-33.15],[143.665,-33.179],[143.674,-33.171],[143.715,-33.155],[143.721,-33.14],[143.79,-33.149],[143.817,-33.137],[143.839,-33.155],[143.898,-33.161],[143.906,-33.116],[144.251,-33.155],[144.236,-33.25],[144.278,-33.254],[144.263,-33.273],[144.491,-33.293],[144.547,-33.3],[144.549,-33.286],[144.578,-33.289],[144.58,-33.268],[144.596,-33.27],[144.609,-33.256],[144.612,-33.238],[144.643,-33.241],[144.646,-33.222],[144.733,-33.231],[144.742,-33.174],[144.76,-33.157],[144.778,-33.163],[144.798,-33.036],[144.913,-33.049],[144.909,-33.074],[144.942,-33.078],[144.963,-33.087],[144.979,-33.084],[144.992,-33.034],[145.028,-33.022],[145.108,-33.034],[145.119,-32.954],[145.127,-32.955],[145.165,-32.715],[145.249,-32.724],[145.257,-32.671],[145.344,-32.682],[145.331,-32.767],[145.413,-32.776],[145.415,-32.761],[145.467,-32.723],[145.51,-32.728],[145.504,-32.77],[145.545,-32.775],[145.561,-32.781],[145.569,-32.758],[145.553,-32.756],[145.557,-32.733],[145.596,-32.738],[145.587,-32.796],[145.672,-32.806],[145.652,-32.935],[145.669,-32.936],[145.645,-33.08],[145.755,-33.083],[145.871,-33.086],[145.873,-33.075],[145.907,-33.079],[145.905,-33.088],[146.032,-33.094],[146.094,-33.189],[146.059,-33.212],[146.095,-33.276],[146.082,-33.309],[146.088,-33.321],[146.067,-33.359],[146.067,-33.371],[146.054,-33.476],[146.095,-33.603],[146.07,-33.754],[146.317,-33.781],[146.437,-33.794],[146.417,-33.911],[146.493,-33.92],[146.472,-34.057],[146.458,-34.133],[146.635,-34.151],[146.624,-34.225],[146.729,-34.237],[146.719,-34.298],[146.823,-34.311],[146.825,-34.299],[146.911,-34.31],[146.913,-34.299],[146.934,-34.293],[146.98,-34.299],[146.992,-34.304],[147.048,-34.297],[147.074,-34.302],[147.108,-34.317],[147.12,-34.312],[147.129,-34.276],[147.255,-34.291],[147.265,-34.235],[147.297,-34.254],[147.302,-34.229],[147.285,-34.221],[147.296,-34.203],[147.301,-34.176],[147.391,-34.187],[147.389,-34.198],[147.47,-34.209],[147.488,-34.116],[147.496,-34.107],[147.555,-34.116],[147.584,-34.118],[147.58,-34.138],[147.63,-34.144],[147.633,-34.13],[147.666,-34.13],[147.676,-34.145],[147.691,-34.146],[147.701,-34.159],[147.719,-34.158],[147.744,-34.141],[147.759,-34.142],[147.767,-34.132],[147.766,-34.113],[147.772,-34.084],[147.784,-34.07],[147.757,-34.059],[147.732,-33.983],[147.722,-33.982],[147.727,-33.955],[147.71,-33.952],[147.713,-33.937],[147.697,-33.927],[147.559,-33.909],[147.54,-33.905],[147.548,-33.878],[147.541,-33.857],[147.544,-33.84],[147.554,-33.832],[147.534,-33.802],[147.518,-33.759],[147.508,-33.713],[147.52,-33.698],[147.523,-33.683],[147.555,-33.67],[147.58,-33.63],[147.602,-33.614],[147.683,-33.624],[147.664,-33.657],[147.677,-33.658],[147.67,-33.696],[147.697,-33.704],[147.764,-33.707],[147.778,-33.687],[147.803,-33.694],[147.868,-33.7],[147.894,-33.7],[147.944,-33.709],[147.948,-33.701],[148.08,-33.72],[148.081,-33.698],[148.09,-33.685],[148.101,-33.648],[148.152,-33.655],[148.187,-33.641],[148.237,-33.636],[148.272,-33.642],[148.27,-33.649],[148.324,-33.656],[148.339,-33.641],[148.345,-33.614],[148.387,-33.601],[148.414,-33.604],[148.414,-33.596],[148.389,-33.58],[148.39,-33.568],[148.423,-33.569],[148.421,-33.56],[148.397,-33.554],[148.4,-33.535],[148.393,-33.519],[148.357,-33.511],[148.352,-33.495],[148.329,-33.491],[148.315,-33.5],[148.291,-33.492],[148.293,-33.478],[148.314,-33.453],[148.333,-33.444],[148.359,-33.449],[148.365,-33.435],[148.344,-33.429],[148.388,-33.413],[148.404,-33.392],[148.418,-33.385],[148.385,-33.351],[148.403,-33.329],[148.416,-33.327],[148.402,-33.3],[148.397,-33.27],[148.402,-33.26],[148.428,-33.239],[148.433,-33.226],[148.428,-33.202],[148.467,-33.209],[148.475,-33.199],[148.496,-33.191],[148.493,-33.18],[148.506,-33.166],[148.502,-33.14],[148.487,-33.123],[148.497,-33.096],[148.505,-33.062],[148.504,-33.047],[148.481,-33.016],[148.465,-33.014],[148.43,-32.97],[148.419,-32.974],[148.399,-32.959],[148.389,-32.974],[148.372,-32.972],[148.382,-32.935],[148.385,-32.875],[148.378,-32.833],[148.328,-32.799],[148.335,-32.782],[148.33,-32.701],[148.343,-32.665],[148.349,-32.637],[148.391,-32.622],[148.435,-32.621],[148.46,-32.607],[148.475,-32.628],[148.501,-32.614],[148.605,-32.652],[148.614,-32.654],[148.636,-32.64],[148.665,-32.64],[148.67,-32.624],[148.686,-32.613],[148.693,-32.597],[148.72,-32.575],[148.713,-32.531],[148.7,-32.523],[148.7,-32.497],[148.715,-32.492],[148.728,-32.473],[148.717,-32.446],[148.704,-32.435],[148.71,-32.407],[148.724,-32.421],[148.754,-32.419],[148.768,-32.343],[148.805,-32.367],[148.841,-32.331],[148.851,-32.313],[148.884,-32.312],[148.896,-32.291],[148.927,-32.272],[148.939,-32.21],[148.944,-32.174],[148.96,-32.162],[148.968,-32.168],[149.001,-32.14],[149.012,-32.107],[149.026,-32.109],[149.059,-32.097],[149.093,-32.109],[149.1,-32.115],[149.121,-32.107],[149.139,-32.117],[149.171,-32.125],[149.166,-32.109],[149.194,-32.104],[149.198,-32.143],[149.211,-32.15],[149.21,-32.162],[149.22,-32.181],[149.199,-32.187],[149.203,-32.214],[149.189,-32.291],[149.239,-32.299],[149.273,-32.295],[149.306,-32.305],[149.328,-32.275],[149.326,-32.26],[149.34,-32.256],[149.346,-32.238],[149.361,-32.22],[149.374,-32.216],[149.373,-32.19],[149.385,-32.193],[149.397,-32.177],[149.413,-32.176],[149.417,-32.153],[149.428,-32.137],[149.428,-32.124],[149.412,-32.106],[149.415,-32.096],[149.433,-32.095],[149.471,-32.104],[149.495,-32.102],[149.5,-32.073],[149.533,-32.089],[149.574,-32.087],[149.578,-32.106],[149.603,-32.127],[149.638,-32.113],[149.672,-32.122],[149.693,-32.112],[149.751,-32.12],[149.752,-32.1],[149.778,-32.078],[149.796,-32.058]]]}},{"type":"Feature","properties":{"name":"Parramatta"},"geometry":{"type":"Polygon","coordinates":[[[151.072,-33.82],[151.066,-33.791],[151.074,-33.782],[151.066,-33.759],[151.049,-33.759],[151.012,-33.778],[151.008,-33.788],[150.987,-33.797],[150.97,-33.784],[150.958,-33.766],[150.935,-33.774],[150.951,-33.785],[150.933,-33.808],[150.964,-33.816],[150.995,-33.827],[151.016,-33.828],[151.03,-33.835],[151.05,-33.824],[151.072,-33.82]]]}},{"type":"Feature","properties":{"name":"Paterson"},"geometry":{"type":"Polygon","coordinates":[[[152.194,-32.708],[152.188,-32.705],[152.125,-32.7],[152.052,-32.688],[152.039,-32.692],[151.976,-32.685],[151.949,-32.677],[151.949,-32.677],[151.932,-32.661],[151.896,-32.659],[151.895,-32.669],[151.844,-32.662],[151.81,-32.686],[151.756,-32.678],[151.748,-32.721],[151.727,-32.751],[151.715,-32.737],[151.686,-32.727],[151.674,-32.741],[151.641,-32.719],[151.62,-32.723],[151.613,-32.715],[151.59,-32.721],[151.582,-32.737],[151.554,-32.728],[151.569,-32.697],[151.566,-32.689],[151.543,-32.688],[151.535,-32.679],[151.518,-32.693],[151.51,-32.687],[151.511,-32.664],[151.497,-32.639],[151.484,-32.637],[151.471,-32.663],[151.453,-32.657],[151.452,-32.671],[151.425,-32.691],[151.407,-32.679],[151.401,-32.703],[151.423,-32.723],[151.421,-32.735],[151.434,-32.759],[151.446,-32.766],[151.474,-32.796],[151.498,-32.807],[151.509,-32.823],[151.533,-32.831],[151.566,-32.875],[151.601,-32.889],[151.609,-32.88],[151.614,-32.857],[151.635,-32.86],[151.673,-32.83],[151.727,-32.837],[151.736,-32.848],[151.777,-32.857],[151.786,-32.875],[151.81,-32.878],[151.852,-32.854],[151.882,-32.84],[151.951,-32.813],[152.007,-32.796],[152.062,-32.784],[152.115,-32.792],[152.126,-32.766],[152.158,-32.765],[152.175,-32.754],[152.184,-32.737],[152.188,-32.712],[152.194,-32.708]]]}},{"type":"Feature","properties":{"name":"Reid"},"geometry":{"type":"Polygon","coordinates":[[[151.166,-33.855],[151.165,-33.855],[151.161,-33.852],[151.161,-33.852],[151.161,-33.852],[151.161,-33.852],[151.159,-33.845],[151.108,-33.837],[151.094,-33.823],[151.072,-33.82],[151.05,-33.824],[151.03,-33.835],[151.044,-33.843],[151.042,-33.862],[151.057,-33.865],[151.069,-33.884],[151.092,-33.888],[151.118,-33.889],[151.142,-33.87],[151.142,-33.87],[151.166,-33.855]]]}},{"type":"Feature","properties":{"name":"Richmond"},"geometry":{"type":"Polygon","coordinates":[[[153.544,-28.918],[153.572,-28.885],[153.59,-28.874],[153.607,-28.843],[153.606,-28.809],[153.596,-28.801],[153.597,-28.771],[153.612,-28.731],[153.619,-28.721],[153.614,-28.701],[153.618,-28.678],[153.63,-28.649],[153.59,-28.624],[153.571,-28.595],[153.561,-28.565],[153.553,-28.528],[153.554,-28.464],[153.568,-28.395],[153.578,-28.364],[153.571,-28.328],[153.576,-28.295],[153.586,-28.258],[153.571,-28.247],[153.567,-28.231],[153.57,-28.202],[153.552,-28.164],[153.531,-28.175],[153.526,-28.173],[153.524,-28.172],[153.52,-28.171],[153.52,-28.171],[153.514,-28.168],[153.505,-28.165],[153.502,-28.163],[153.496,-28.161],[153.487,-28.158],[153.486,-28.157],[153.486,-28.157],[153.486,-28.157],[153.486,-28.157],[153.486,-28.157],[153.477,-28.157],[153.468,-28.162],[153.453,-28.181],[153.45,-28.182],[153.448,-28.183],[153.445,-28.184],[153.442,-28.185],[153.439,-28.186],[153.438,-28.186],[153.436,-28.187],[153.435,-28.188],[153.431,-28.191],[153.429,-28.194],[153.429,-28.194],[153.427,-28.195],[153.424,-28.198],[153.423,-28.199],[153.422,-28.199],[153.421,-28.2],[153.419,-28.2],[153.418,-28.2],[153.418,-28.201],[153.415,-28.207],[153.412,-28.209],[153.411,-28.209],[153.406,-28.211],[153.398,-28.219],[153.391,-28.228],[153.389,-28.231],[153.39,-28.231],[153.391,-28.233],[153.39,-28.235],[153.388,-28.236],[153.384,-28.237],[153.383,-28.237],[153.382,-28.238],[153.381,-28.239],[153.381,-28.239],[153.38,-28.239],[153.379,-28.24],[153.378,-28.24],[153.377,-28.241],[153.372,-28.243],[153.37,-28.245],[153.365,-28.247],[153.364,-28.248],[153.361,-28.248],[153.36,-28.248],[153.357,-28.249],[153.354,-28.248],[153.353,-28.249],[153.351,-28.249],[153.347,-28.249],[153.346,-28.248],[153.339,-28.251],[153.332,-28.246],[153.331,-28.241],[153.331,-28.239],[153.331,-28.238],[153.33,-28.237],[153.33,-28.237],[153.326,-28.236],[153.315,-28.237],[153.308,-28.238],[153.307,-28.239],[153.305,-28.24],[153.3,-28.238],[153.299,-28.236],[153.298,-28.236],[153.298,-28.235],[153.297,-28.234],[153.296,-28.234],[153.293,-28.234],[153.292,-28.234],[153.289,-28.235],[153.289,-28.235],[153.288,-28.235],[153.287,-28.235],[153.284,-28.234],[153.283,-28.234],[153.282,-28.234],[153.28,-28.234],[153.28,-28.233],[153.278,-28.234],[153.277,-28.234],[153.269,-28.239],[153.264,-28.243],[153.244,-28.247],[153.244,-28.248],[153.243,-28.249],[153.243,-28.249],[153.242,-28.249],[153.241,-28.251],[153.239,-28.252],[153.239,-28.252],[153.237,-28.255],[153.236,-28.257],[153.236,-28.257],[153.235,-28.259],[153.235,-28.259],[153.235,-28.26],[153.235,-28.261],[153.235,-28.262],[153.235,-28.263],[153.233,-28.265],[153.226,-28.264],[153.225,-28.264],[153.224,-28.264],[153.224,-28.264],[153.223,-28.264],[153.223,-28.264],[153.222,-28.263],[153.222,-28.263],[153.219,-28.263],[153.218,-28.263],[153.218,-28.263],[153.218,-28.262],[153.215,-28.26],[153.215,-28.26],[153.212,-28.258],[153.212,-28.257],[153.211,-28.257],[153.208,-28.254],[153.207,-28.253],[153.188,-28.248],[153.185,-28.248],[153.183,-28.249],[153.18,-28.25],[153.177,-28.25],[153.176,-28.252],[153.174,-28.255],[153.174,-28.255],[153.173,-28.259],[153.172,-28.259],[153.171,-28.259],[153.172,-28.264],[153.172,-28.264],[153.173,-28.266],[153.175,-28.269],[153.175,-28.274],[153.171,-28.276],[153.169,-28.276],[153.168,-28.277],[153.168,-28.277],[153.167,-28.277],[153.165,-28.278],[153.163,-28.279],[153.162,-28.279],[153.162,-28.279],[153.161,-28.279],[153.161,-28.28],[153.161,-28.281],[153.162,-28.282],[153.166,-28.285],[153.169,-28.293],[153.164,-28.298],[153.155,-28.296],[153.153,-28.302],[153.147,-28.304],[153.144,-28.304],[153.143,-28.305],[153.126,-28.317],[153.125,-28.318],[153.124,-28.32],[153.124,-28.322],[153.125,-28.324],[153.127,-28.326],[153.13,-28.33],[153.127,-28.336],[153.125,-28.337],[153.124,-28.339],[153.121,-28.342],[153.117,-28.342],[153.117,-28.344],[153.116,-28.344],[153.116,-28.345],[153.116,-28.347],[153.115,-28.348],[153.114,-28.349],[153.113,-28.353],[153.112,-28.354],[153.111,-28.356],[153.109,-28.356],[153.109,-28.356],[153.109,-28.357],[153.111,-28.388],[153.128,-28.406],[153.124,-28.431],[153.142,-28.436],[153.136,-28.457],[153.154,-28.484],[153.15,-28.503],[153.16,-28.524],[153.186,-28.521],[153.198,-28.527],[153.226,-28.518],[153.248,-28.516],[153.255,-28.527],[153.273,-28.522],[153.291,-28.541],[153.328,-28.543],[153.352,-28.567],[153.379,-28.582],[153.373,-28.614],[153.413,-28.619],[153.418,-28.678],[153.408,-28.694],[153.407,-28.743],[153.448,-28.747],[153.442,-28.763],[153.451,-28.782],[153.441,-28.823],[153.478,-28.848],[153.487,-28.865],[153.476,-28.925],[153.519,-28.918],[153.544,-28.918]]]}},{"type":"Feature","properties":{"name":"Riverina"},"geometry":{"type":"Polygon","coordinates":[[[150.083,-34.582],[150.094,-34.574],[150.09,-34.553],[150.065,-34.546],[150.045,-34.527],[150.063,-34.518],[150.093,-34.511],[150.083,-34.496],[150.072,-34.494],[150.058,-34.472],[150.064,-34.458],[150.098,-34.433],[150.116,-34.41],[150.107,-34.39],[150.122,-34.374],[150.089,-34.347],[150.074,-34.356],[150.019,-34.367],[149.996,-34.346],[149.986,-34.345],[149.968,-34.326],[149.965,-34.312],[149.975,-34.298],[149.988,-34.298],[149.989,-34.274],[149.997,-34.259],[150.022,-34.27],[150.05,-34.273],[150.059,-34.267],[150.062,-34.239],[150.052,-34.225],[150.066,-34.195],[150.063,-34.183],[150.047,-34.161],[150.047,-34.15],[150.017,-34.145],[150.022,-34.129],[150.037,-34.121],[150.012,-34.11],[150.003,-34.096],[150.007,-34.085],[149.96,-34.079],[149.945,-34.092],[149.933,-34.091],[149.932,-34.117],[149.949,-34.125],[149.938,-34.151],[149.938,-34.169],[149.92,-34.182],[149.886,-34.183],[149.873,-34.188],[149.85,-34.184],[149.818,-34.201],[149.805,-34.203],[149.749,-34.189],[149.733,-34.197],[149.705,-34.199],[149.682,-34.191],[149.657,-34.159],[149.629,-34.114],[149.583,-34.107],[149.57,-34.091],[149.548,-34.086],[149.546,-34.074],[149.528,-34.061],[149.518,-34.041],[149.48,-34.015],[149.464,-34.011],[149.456,-34.024],[149.435,-34.023],[149.401,-33.998],[149.376,-33.984],[149.348,-33.953],[149.315,-33.957],[149.279,-33.949],[149.274,-33.96],[149.244,-33.97],[149.217,-33.964],[149.203,-33.969],[149.198,-33.985],[149.179,-33.985],[149.153,-33.967],[149.14,-33.946],[149.155,-33.928],[149.139,-33.903],[149.12,-33.888],[149.118,-33.872],[149.145,-33.855],[149.175,-33.845],[149.182,-33.831],[149.181,-33.806],[149.187,-33.798],[149.207,-33.8],[149.22,-33.792],[149.235,-33.76],[149.258,-33.741],[149.172,-33.726],[149.149,-33.73],[149.133,-33.75],[149.13,-33.764],[149.108,-33.761],[149.091,-33.765],[149.092,-33.794],[149.067,-33.79],[149.065,-33.812],[149.041,-33.809],[149.019,-33.796],[149.01,-33.784],[148.989,-33.781],[148.975,-33.756],[148.978,-33.738],[148.994,-33.721],[148.963,-33.708],[148.957,-33.688],[148.938,-33.683],[148.912,-33.683],[148.907,-33.673],[148.914,-33.63],[148.922,-33.599],[148.899,-33.579],[148.882,-33.583],[148.846,-33.576],[148.823,-33.566],[148.804,-33.55],[148.788,-33.529],[148.776,-33.526],[148.739,-33.538],[148.73,-33.555],[148.712,-33.574],[148.676,-33.581],[148.653,-33.577],[148.636,-33.567],[148.621,-33.592],[148.595,-33.592],[148.558,-33.603],[148.543,-33.6],[148.524,-33.577],[148.483,-33.581],[148.468,-33.602],[148.442,-33.608],[148.414,-33.604],[148.387,-33.601],[148.345,-33.614],[148.339,-33.641],[148.324,-33.656],[148.27,-33.649],[148.272,-33.642],[148.237,-33.636],[148.187,-33.641],[148.152,-33.655],[148.101,-33.648],[148.09,-33.685],[148.081,-33.698],[148.08,-33.72],[147.948,-33.701],[147.944,-33.709],[147.894,-33.7],[147.868,-33.7],[147.803,-33.694],[147.778,-33.687],[147.764,-33.707],[147.697,-33.704],[147.67,-33.696],[147.677,-33.658],[147.664,-33.657],[147.683,-33.624],[147.602,-33.614],[147.58,-33.63],[147.555,-33.67],[147.523,-33.683],[147.52,-33.698],[147.508,-33.713],[147.518,-33.759],[147.534,-33.802],[147.554,-33.832],[147.544,-33.84],[147.541,-33.857],[147.548,-33.878],[147.54,-33.905],[147.559,-33.909],[147.697,-33.927],[147.713,-33.937],[147.71,-33.952],[147.727,-33.955],[147.722,-33.982],[147.732,-33.983],[147.757,-34.059],[147.784,-34.07],[147.772,-34.084],[147.766,-34.113],[147.767,-34.132],[147.759,-34.142],[147.744,-34.141],[147.719,-34.158],[147.701,-34.159],[147.691,-34.146],[147.676,-34.145],[147.666,-34.13],[147.633,-34.13],[147.63,-34.144],[147.58,-34.138],[147.584,-34.118],[147.555,-34.116],[147.496,-34.107],[147.488,-34.116],[147.47,-34.209],[147.389,-34.198],[147.391,-34.187],[147.301,-34.176],[147.296,-34.203],[147.285,-34.221],[147.302,-34.229],[147.297,-34.254],[147.265,-34.235],[147.255,-34.291],[147.129,-34.276],[147.12,-34.312],[147.108,-34.317],[147.074,-34.302],[147.048,-34.297],[146.992,-34.304],[146.98,-34.299],[146.934,-34.293],[146.913,-34.299],[146.911,-34.31],[146.825,-34.299],[146.823,-34.311],[146.795,-34.471],[146.835,-34.473],[146.912,-34.483],[146.876,-34.663],[146.843,-34.837],[146.831,-34.881],[146.844,-34.899],[146.784,-34.924],[146.78,-34.947],[146.804,-34.969],[146.808,-34.987],[146.794,-35.058],[146.784,-35.07],[146.779,-35.098],[146.762,-35.076],[146.688,-35.068],[146.662,-35.089],[146.635,-35.096],[146.615,-35.114],[146.564,-35.119],[146.389,-35.232],[146.386,-35.247],[146.414,-35.251],[146.404,-35.304],[146.392,-35.303],[146.389,-35.323],[146.373,-35.321],[146.364,-35.338],[146.354,-35.388],[146.375,-35.405],[146.428,-35.471],[146.54,-35.487],[146.554,-35.494],[146.67,-35.52],[146.662,-35.548],[146.673,-35.555],[146.702,-35.561],[146.797,-35.575],[146.798,-35.566],[146.871,-35.576],[146.888,-35.573],[146.891,-35.56],[146.91,-35.555],[146.971,-35.519],[146.991,-35.517],[146.994,-35.489],[147.017,-35.494],[147.087,-35.45],[147.122,-35.456],[147.125,-35.463],[147.158,-35.469],[147.166,-35.457],[147.185,-35.448],[147.195,-35.466],[147.227,-35.474],[147.238,-35.471],[147.247,-35.488],[147.263,-35.489],[147.283,-35.5],[147.303,-35.496],[147.364,-35.514],[147.384,-35.53],[147.382,-35.551],[147.395,-35.555],[147.419,-35.534],[147.438,-35.537],[147.456,-35.531],[147.481,-35.545],[147.502,-35.522],[147.498,-35.514],[147.518,-35.497],[147.525,-35.483],[147.581,-35.516],[147.608,-35.54],[147.632,-35.547],[147.646,-35.539],[147.681,-35.557],[147.686,-35.534],[147.738,-35.541],[147.792,-35.551],[147.812,-35.549],[147.855,-35.56],[147.894,-35.624],[147.876,-35.634],[147.834,-35.642],[147.821,-35.649],[147.802,-35.678],[147.808,-35.721],[147.82,-35.744],[147.813,-35.771],[147.774,-35.819],[147.761,-35.84],[147.74,-35.834],[147.714,-35.839],[147.703,-35.856],[147.708,-35.879],[147.691,-35.886],[147.696,-35.912],[147.687,-35.918],[147.689,-35.938],[147.708,-35.929],[147.741,-35.956],[147.758,-35.955],[147.777,-35.969],[147.811,-35.967],[147.817,-35.98],[147.849,-35.99],[147.873,-35.991],[147.885,-35.999],[147.913,-35.996],[147.917,-36.011],[147.912,-36.027],[147.923,-36.042],[147.949,-36.046],[147.972,-36.043],[147.996,-36.048],[147.98,-36.086],[147.996,-36.098],[147.991,-36.121],[148.014,-36.137],[148.034,-36.143],[148.025,-36.186],[148.041,-36.207],[148.027,-36.226],[148.037,-36.294],[148.055,-36.333],[148.038,-36.366],[148.058,-36.414],[148.08,-36.422],[148.088,-36.452],[148.121,-36.461],[148.128,-36.503],[148.14,-36.526],[148.124,-36.551],[148.133,-36.567],[148.152,-36.561],[148.165,-36.578],[148.204,-36.589],[148.217,-36.599],[148.22,-36.62],[148.208,-36.651],[148.19,-36.675],[148.185,-36.692],[148.139,-36.732],[148.134,-36.744],[148.121,-36.756],[148.105,-36.781],[148.109,-36.797],[148.17,-36.793],[148.186,-36.804],[148.201,-36.799],[148.202,-36.772],[148.211,-36.752],[148.232,-36.747],[148.24,-36.73],[148.238,-36.707],[148.254,-36.692],[148.247,-36.668],[148.239,-36.664],[148.25,-36.626],[148.257,-36.617],[148.275,-36.619],[148.304,-36.599],[148.288,-36.569],[148.268,-36.549],[148.25,-36.543],[148.261,-36.528],[148.247,-36.51],[148.273,-36.462],[148.262,-36.456],[148.289,-36.41],[148.329,-36.383],[148.343,-36.368],[148.357,-36.341],[148.373,-36.325],[148.372,-36.289],[148.396,-36.291],[148.416,-36.263],[148.428,-36.261],[148.434,-36.239],[148.427,-36.234],[148.426,-36.204],[148.435,-36.202],[148.441,-36.172],[148.461,-36.145],[148.454,-36.126],[148.479,-36.114],[148.477,-36.106],[148.513,-36.088],[148.538,-36.099],[148.562,-36.105],[148.565,-36.09],[148.553,-36.083],[148.57,-36.066],[148.554,-36.041],[148.561,-36.005],[148.538,-35.999],[148.514,-35.974],[148.47,-35.937],[148.471,-35.915],[148.445,-35.905],[148.44,-35.887],[148.451,-35.872],[148.452,-35.843],[148.48,-35.793],[148.503,-35.778],[148.517,-35.754],[148.53,-35.721],[148.547,-35.714],[148.552,-35.693],[148.567,-35.687],[148.569,-35.665],[148.581,-35.659],[148.58,-35.622],[148.61,-35.617],[148.624,-35.639],[148.645,-35.653],[148.668,-35.66],[148.678,-35.656],[148.72,-35.667],[148.741,-35.684],[148.754,-35.688],[148.767,-35.703],[148.782,-35.737],[148.804,-35.714],[148.796,-35.709],[148.791,-35.703],[148.791,-35.703],[148.791,-35.702],[148.79,-35.702],[148.79,-35.701],[148.79,-35.7],[148.789,-35.7],[148.788,-35.698],[148.789,-35.697],[148.789,-35.696],[148.79,-35.696],[148.791,-35.693],[148.791,-35.69],[148.797,-35.683],[148.797,-35.681],[148.798,-35.68],[148.798,-35.68],[148.798,-35.679],[148.798,-35.678],[148.798,-35.678],[148.798,-35.677],[148.798,-35.676],[148.799,-35.667],[148.798,-35.667],[148.797,-35.666],[148.796,-35.665],[148.796,-35.665],[148.796,-35.664],[148.796,-35.664],[148.795,-35.663],[148.794,-35.663],[148.794,-35.662],[148.793,-35.661],[148.792,-35.66],[148.791,-35.659],[148.774,-35.656],[148.773,-35.655],[148.773,-35.654],[148.772,-35.654],[148.773,-35.652],[148.773,-35.651],[148.773,-35.65],[148.772,-35.65],[148.77,-35.65],[148.768,-35.649],[148.767,-35.647],[148.768,-35.647],[148.769,-35.646],[148.77,-35.646],[148.771,-35.646],[148.772,-35.645],[148.772,-35.641],[148.771,-35.641],[148.771,-35.64],[148.776,-35.637],[148.776,-35.636],[148.78,-35.633],[148.78,-35.633],[148.782,-35.631],[148.782,-35.63],[148.783,-35.63],[148.783,-35.629],[148.783,-35.627],[148.782,-35.626],[148.781,-35.626],[148.779,-35.623],[148.778,-35.613],[148.773,-35.609],[148.772,-35.608],[148.771,-35.606],[148.77,-35.605],[148.769,-35.604],[148.768,-35.603],[148.769,-35.603],[148.77,-35.603],[148.771,-35.602],[148.772,-35.601],[148.774,-35.599],[148.783,-35.595],[148.784,-35.593],[148.787,-35.591],[148.789,-35.588],[148.789,-35.588],[148.788,-35.587],[148.788,-35.586],[148.788,-35.586],[148.787,-35.585],[148.786,-35.582],[148.785,-35.582],[148.784,-35.582],[148.783,-35.581],[148.782,-35.579],[148.781,-35.578],[148.78,-35.577],[148.78,-35.576],[148.777,-35.574],[148.774,-35.569],[148.773,-35.568],[148.778,-35.559],[148.777,-35.557],[148.776,-35.555],[148.773,-35.549],[148.77,-35.546],[148.769,-35.544],[148.77,-35.538],[148.77,-35.536],[148.771,-35.534],[148.772,-35.531],[148.772,-35.53],[148.768,-35.525],[148.765,-35.505],[148.764,-35.5],[148.764,-35.498],[148.763,-35.497],[148.763,-35.495],[148.774,-35.486],[148.774,-35.485],[148.774,-35.484],[148.773,-35.483],[148.771,-35.48],[148.771,-35.476],[148.767,-35.471],[148.767,-35.467],[148.767,-35.465],[148.772,-35.463],[148.773,-35.462],[148.773,-35.461],[148.773,-35.46],[148.773,-35.459],[148.775,-35.458],[148.775,-35.456],[148.776,-35.455],[148.775,-35.442],[148.789,-35.426],[148.786,-35.409],[148.796,-35.393],[148.804,-35.389],[148.809,-35.382],[148.809,-35.382],[148.809,-35.381],[148.805,-35.379],[148.804,-35.376],[148.804,-35.375],[148.804,-35.374],[148.804,-35.372],[148.804,-35.368],[148.806,-35.365],[148.797,-35.358],[148.794,-35.339],[148.81,-35.307],[148.849,-35.284],[148.884,-35.264],[149.018,-35.185],[149.062,-35.159],[149.091,-35.142],[149.092,-35.141],[149.093,-35.139],[149.096,-35.138],[149.098,-35.137],[149.103,-35.135],[149.113,-35.128],[149.116,-35.126],[149.117,-35.126],[149.118,-35.127],[149.127,-35.126],[149.127,-35.126],[149.164,-35.142],[149.165,-35.144],[149.163,-35.146],[149.163,-35.147],[149.164,-35.147],[149.165,-35.149],[149.165,-35.151],[149.163,-35.152],[149.163,-35.152],[149.163,-35.153],[149.163,-35.154],[149.169,-35.16],[149.177,-35.158],[149.179,-35.159],[149.183,-35.16],[149.184,-35.161],[149.186,-35.161],[149.189,-35.166],[149.189,-35.167],[149.188,-35.17],[149.185,-35.173],[149.185,-35.173],[149.184,-35.176],[149.184,-35.177],[149.186,-35.178],[149.188,-35.178],[149.191,-35.179],[149.192,-35.18],[149.193,-35.181],[149.195,-35.185],[149.196,-35.188],[149.192,-35.194],[149.19,-35.194],[149.191,-35.197],[149.19,-35.2],[149.19,-35.203],[149.201,-35.205],[149.232,-35.184],[149.294,-35.175],[149.328,-35.154],[149.348,-35.119],[149.363,-35.113],[149.376,-35.095],[149.373,-35.063],[149.38,-35.007],[149.388,-34.979],[149.407,-34.962],[149.423,-34.93],[149.448,-34.928],[149.455,-34.912],[149.489,-34.916],[149.491,-34.902],[149.521,-34.907],[149.523,-34.893],[149.536,-34.876],[149.505,-34.866],[149.489,-34.849],[149.503,-34.828],[149.499,-34.79],[149.508,-34.736],[149.516,-34.733],[149.526,-34.696],[149.516,-34.681],[149.495,-34.668],[149.524,-34.664],[149.52,-34.645],[149.549,-34.626],[149.557,-34.605],[149.588,-34.613],[149.589,-34.627],[149.604,-34.63],[149.622,-34.621],[149.637,-34.592],[149.655,-34.586],[149.661,-34.559],[149.686,-34.559],[149.7,-34.549],[149.726,-34.557],[149.723,-34.568],[149.757,-34.569],[149.761,-34.577],[149.752,-34.597],[149.779,-34.603],[149.814,-34.605],[149.811,-34.621],[149.793,-34.65],[149.817,-34.653],[149.82,-34.639],[149.855,-34.643],[149.86,-34.616],[149.824,-34.619],[149.828,-34.601],[149.86,-34.606],[149.886,-34.624],[149.897,-34.619],[149.94,-34.625],[149.949,-34.63],[149.984,-34.631],[150.008,-34.619],[150.063,-34.616],[150.066,-34.603],[150.089,-34.596],[150.083,-34.582]]]}},{"type":"Feature","properties":{"name":"Robertson"},"geometry":{"type":"Polygon","coordinates":[[[151.335,-33.582],[151.346,-33.544],[151.36,-33.533],[151.387,-33.525],[151.417,-33.523],[151.425,-33.501],[151.444,-33.491],[151.436,-33.465],[151.45,-33.429],[151.439,-33.423],[151.395,-33.428],[151.391,-33.423],[151.345,-33.412],[151.344,-33.396],[151.354,-33.383],[151.372,-33.381],[151.377,-33.371],[151.303,-33.362],[151.296,-33.351],[151.303,-33.328],[151.28,-33.32],[151.283,-33.296],[151.265,-33.286],[151.253,-33.259],[151.287,-33.253],[151.284,-33.239],[151.255,-33.235],[151.258,-33.219],[151.208,-33.204],[151.223,-33.19],[151.225,-33.164],[151.209,-33.147],[151.207,-33.133],[151.203,-33.139],[151.162,-33.124],[151.136,-33.11],[151.108,-33.128],[151.1,-33.144],[151.097,-33.193],[151.099,-33.221],[151.106,-33.228],[151.098,-33.257],[151.09,-33.268],[151.095,-33.303],[151.09,-33.325],[151.064,-33.342],[151.051,-33.341],[151.018,-33.354],[151,-33.351],[150.984,-33.372],[150.988,-33.379],[150.993,-33.397],[151.033,-33.406],[151.032,-33.427],[151.062,-33.442],[151.071,-33.461],[151.103,-33.483],[151.125,-33.464],[151.145,-33.472],[151.158,-33.497],[151.159,-33.517],[151.169,-33.521],[151.186,-33.51],[151.195,-33.538],[151.231,-33.535],[151.249,-33.541],[151.24,-33.561],[151.26,-33.579],[151.285,-33.572],[151.311,-33.579],[151.333,-33.58],[151.333,-33.58],[151.333,-33.581],[151.333,-33.581],[151.333,-33.581],[151.333,-33.581],[151.334,-33.581],[151.334,-33.581],[151.334,-33.581],[151.334,-33.581],[151.334,-33.581],[151.334,-33.581],[151.334,-33.582],[151.334,-33.582],[151.335,-33.582],[151.335,-33.582],[151.335,-33.582],[151.335,-33.582],[151.335,-33.582],[151.335,-33.582],[151.335,-33.582],[151.335,-33.582]]]}},{"type":"Feature","properties":{"name":"Shortland"},"geometry":{"type":"Polygon","coordinates":[[[151.565,-33.247],[151.578,-33.229],[151.6,-33.211],[151.622,-33.198],[151.635,-33.175],[151.632,-33.15],[151.645,-33.137],[151.647,-33.112],[151.666,-33.087],[151.657,-33.075],[151.675,-33.045],[151.708,-33.022],[151.729,-33.011],[151.727,-32.978],[151.738,-32.963],[151.729,-32.955],[151.685,-32.948],[151.659,-32.925],[151.64,-32.92],[151.625,-32.931],[151.614,-32.955],[151.615,-32.967],[151.631,-32.982],[151.628,-33.003],[151.619,-33.013],[151.633,-33.041],[151.614,-33.091],[151.59,-33.081],[151.575,-33.09],[151.573,-33.122],[151.555,-33.127],[151.533,-33.141],[151.526,-33.158],[151.528,-33.18],[151.512,-33.194],[151.523,-33.2],[151.509,-33.216],[151.528,-33.244],[151.549,-33.24],[151.565,-33.247]]]}},{"type":"Feature","properties":{"name":"Sydney"},"geometry":{"type":"Polygon","coordinates":[[[151.215,-33.901],[151.213,-33.872],[151.227,-33.854],[151.187,-33.845],[151.159,-33.845],[151.161,-33.852],[151.161,-33.852],[151.161,-33.852],[151.161,-33.852],[151.165,-33.855],[151.166,-33.855],[151.142,-33.87],[151.142,-33.87],[151.175,-33.873],[151.172,-33.895],[151.181,-33.919],[151.211,-33.924],[151.215,-33.901]]]}},{"type":"Feature","properties":{"name":"Warringah"},"geometry":{"type":"Polygon","coordinates":[[[151.291,-33.828],[151.302,-33.823],[151.304,-33.807],[151.288,-33.795],[151.3,-33.767],[151.279,-33.766],[151.275,-33.755],[151.234,-33.752],[151.238,-33.779],[151.231,-33.784],[151.234,-33.814],[151.214,-33.816],[151.198,-33.825],[151.187,-33.845],[151.227,-33.854],[151.251,-33.857],[151.281,-33.824],[151.291,-33.828]]]}},{"type":"Feature","properties":{"name":"Watson"},"geometry":{"type":"Polygon","coordinates":[[[151.117,-33.913],[151.11,-33.903],[151.089,-33.901],[151.092,-33.888],[151.069,-33.884],[151.039,-33.888],[151.035,-33.899],[151.011,-33.896],[151.002,-33.904],[150.973,-33.889],[150.979,-33.906],[150.979,-33.929],[151.018,-33.938],[151.027,-33.934],[151.072,-33.929],[151.117,-33.913]]]}},{"type":"Feature","properties":{"name":"Wentworth"},"geometry":{"type":"Polygon","coordinates":[[[151.291,-33.828],[151.281,-33.824],[151.251,-33.857],[151.227,-33.854],[151.213,-33.872],[151.215,-33.901],[151.237,-33.912],[151.262,-33.917],[151.286,-33.885],[151.283,-33.862],[151.288,-33.85],[151.281,-33.833],[151.291,-33.828]]]}},{"type":"Feature","properties":{"name":"Werriwa"},"geometry":{"type":"Polygon","coordinates":[[[150.918,-33.939],[150.904,-33.938],[150.904,-33.915],[150.882,-33.889],[150.854,-33.884],[150.842,-33.876],[150.795,-33.881],[150.768,-33.876],[150.771,-33.896],[150.755,-33.911],[150.759,-33.944],[150.823,-33.952],[150.841,-33.956],[150.856,-33.975],[150.88,-33.964],[150.899,-33.966],[150.918,-33.939]]]}},{"type":"Feature","properties":{"name":"Whitlam"},"geometry":{"type":"Polygon","coordinates":[[[150.861,-34.628],[150.856,-34.614],[150.865,-34.605],[150.884,-34.606],[150.869,-34.573],[150.875,-34.542],[150.869,-34.526],[150.876,-34.493],[150.875,-34.493],[150.874,-34.493],[150.873,-34.493],[150.871,-34.492],[150.871,-34.492],[150.856,-34.484],[150.831,-34.49],[150.824,-34.481],[150.831,-34.464],[150.815,-34.462],[150.798,-34.45],[150.76,-34.45],[150.747,-34.461],[150.718,-34.455],[150.69,-34.442],[150.746,-34.337],[150.602,-34.314],[150.566,-34.323],[150.563,-34.297],[150.542,-34.294],[150.551,-34.267],[150.442,-34.248],[150.357,-34.237],[150.272,-34.223],[150.233,-34.229],[150.223,-34.275],[150.197,-34.304],[150.157,-34.306],[150.127,-34.293],[150.117,-34.283],[150.059,-34.267],[150.05,-34.273],[150.022,-34.27],[149.997,-34.259],[149.989,-34.274],[149.988,-34.298],[149.975,-34.298],[149.965,-34.312],[149.968,-34.326],[149.986,-34.345],[149.996,-34.346],[150.019,-34.367],[150.074,-34.356],[150.089,-34.347],[150.122,-34.374],[150.107,-34.39],[150.116,-34.41],[150.098,-34.433],[150.064,-34.458],[150.058,-34.472],[150.072,-34.494],[150.083,-34.496],[150.093,-34.511],[150.063,-34.518],[150.045,-34.527],[150.065,-34.546],[150.09,-34.553],[150.094,-34.574],[150.083,-34.582],[150.097,-34.597],[150.091,-34.615],[150.1,-34.627],[150.078,-34.64],[150.098,-34.655],[150.093,-34.68],[150.113,-34.684],[150.117,-34.7],[150.143,-34.703],[150.141,-34.715],[150.171,-34.72],[150.178,-34.728],[150.169,-34.769],[150.194,-34.751],[150.257,-34.741],[150.27,-34.733],[150.302,-34.734],[150.334,-34.752],[150.359,-34.748],[150.378,-34.737],[150.389,-34.714],[150.406,-34.701],[150.433,-34.69],[150.452,-34.692],[150.469,-34.678],[150.498,-34.682],[150.504,-34.667],[150.548,-34.65],[150.563,-34.652],[150.568,-34.697],[150.58,-34.693],[150.576,-34.67],[150.59,-34.659],[150.623,-34.644],[150.643,-34.625],[150.667,-34.612],[150.7,-34.605],[150.758,-34.613],[150.768,-34.599],[150.79,-34.602],[150.796,-34.615],[150.797,-34.641],[150.833,-34.639],[150.861,-34.628]]]}},{"type":"Feature","properties":{"name":"Brand"},"geometry":{"type":"MultiPolygon","coordinates":[[[[115.884,-32.237],[115.885,-32.204],[115.897,-32.202],[115.899,-32.18],[115.775,-32.181],[115.773,-32.2],[115.756,-32.224],[115.756,-32.25],[115.726,-32.276],[115.699,-32.278],[115.702,-32.305],[115.731,-32.31],[115.74,-32.321],[115.743,-32.35],[115.734,-32.364],[115.714,-32.37],[115.738,-32.395],[115.771,-32.395],[115.777,-32.383],[115.801,-32.39],[115.819,-32.386],[115.852,-32.369],[115.855,-32.346],[115.875,-32.333],[115.89,-32.292],[115.877,-32.282],[115.886,-32.265],[115.884,-32.237]]],[[[115.7,-32.226],[115.67,-32.198],[115.677,-32.226],[115.687,-32.234],[115.7,-32.226]]]]}},{"type":"Feature","properties":{"name":"Bullwinkel"},"geometry":{"type":"Polygon","coordinates":[[[116.19,-32.287],[116.225,-32.236],[116.384,-32.236],[116.384,-32.357],[116.615,-32.358],[116.625,-32.353],[116.666,-32.357],[116.69,-32.349],[116.725,-32.348],[116.76,-32.333],[116.784,-32.333],[116.778,-32.318],[116.798,-32.301],[116.819,-32.294],[116.834,-32.258],[116.989,-32.258],[117.009,-32.263],[117.014,-32.273],[117.04,-32.261],[117.063,-32.26],[117.069,-32.27],[117.095,-32.26],[117.191,-32.257],[117.202,-32.24],[117.234,-32.24],[117.24,-32.232],[117.239,-32.198],[117.247,-32.179],[117.238,-32.165],[117.239,-32.119],[117.225,-32.12],[117.231,-32.073],[117.238,-32.068],[117.227,-32.039],[117.216,-32.036],[117.195,-32.007],[117.144,-31.982],[117.119,-31.986],[117.1,-31.982],[117.088,-31.96],[117.105,-31.945],[117.096,-31.931],[117.142,-31.911],[117.126,-31.891],[117.111,-31.885],[117.141,-31.872],[117.136,-31.863],[117.158,-31.857],[117.134,-31.817],[117.124,-31.8],[117.107,-31.807],[117.075,-31.798],[117.058,-31.77],[117.021,-31.784],[117.005,-31.767],[116.989,-31.761],[116.957,-31.708],[116.944,-31.691],[116.961,-31.683],[116.913,-31.606],[116.886,-31.561],[116.875,-31.534],[116.86,-31.519],[116.851,-31.493],[116.829,-31.502],[116.819,-31.485],[116.763,-31.504],[116.75,-31.502],[116.731,-31.489],[116.706,-31.499],[116.68,-31.497],[116.651,-31.488],[116.6,-31.509],[116.595,-31.496],[116.604,-31.455],[116.598,-31.436],[116.598,-31.395],[116.625,-31.274],[116.614,-31.279],[116.569,-31.312],[116.548,-31.277],[116.499,-31.298],[116.492,-31.287],[116.449,-31.306],[116.44,-31.291],[116.403,-31.308],[116.361,-31.237],[116.308,-31.237],[116.245,-31.231],[116.246,-31.354],[116.165,-31.354],[116.166,-31.528],[116.151,-31.528],[116.151,-31.6],[116.132,-31.6],[116.132,-31.626],[116.149,-31.626],[116.149,-31.668],[116.099,-31.696],[116.094,-31.742],[116.094,-31.786],[116.089,-31.793],[116.089,-31.832],[116.066,-31.847],[116.055,-31.846],[116.028,-31.871],[116.028,-31.893],[116.015,-31.916],[115.992,-31.918],[115.995,-31.928],[115.974,-32.004],[115.995,-32.009],[116.008,-32.032],[116.015,-32.055],[116.002,-32.069],[116.012,-32.076],[116.013,-32.097],[116.021,-32.149],[116.015,-32.171],[116.016,-32.192],[116.024,-32.205],[116.067,-32.213],[116.11,-32.213],[116.113,-32.232],[116.113,-32.288],[116.19,-32.287]]]}},{"type":"Feature","properties":{"name":"Burt"},"geometry":{"type":"Polygon","coordinates":[[[116.016,-32.192],[116.015,-32.171],[116.021,-32.149],[116.013,-32.097],[116.012,-32.076],[116.002,-32.069],[116.015,-32.055],[116.008,-32.032],[115.995,-32.009],[115.974,-32.004],[115.972,-32.025],[115.957,-32.038],[115.931,-32.054],[115.952,-32.083],[115.916,-32.115],[115.897,-32.136],[115.899,-32.18],[115.897,-32.202],[115.885,-32.204],[115.884,-32.237],[115.973,-32.236],[116.006,-32.241],[116.016,-32.192]]]}},{"type":"Feature","properties":{"name":"Canning"},"geometry":{"type":"Polygon","coordinates":[[[116.18,-32.943],[116.178,-32.803],[116.188,-32.782],[116.226,-32.792],[116.226,-32.756],[116.206,-32.755],[116.206,-32.675],[116.26,-32.675],[116.26,-32.39],[116.231,-32.356],[116.225,-32.343],[116.19,-32.287],[116.113,-32.288],[116.113,-32.232],[116.11,-32.213],[116.067,-32.213],[116.024,-32.205],[116.016,-32.192],[116.006,-32.241],[115.973,-32.236],[115.884,-32.237],[115.886,-32.265],[115.877,-32.282],[115.89,-32.292],[115.875,-32.333],[115.855,-32.346],[115.852,-32.369],[115.819,-32.386],[115.801,-32.39],[115.777,-32.383],[115.771,-32.395],[115.738,-32.395],[115.746,-32.409],[115.75,-32.439],[115.746,-32.476],[115.739,-32.499],[115.724,-32.52],[115.695,-32.525],[115.686,-32.541],[115.655,-32.578],[115.633,-32.596],[115.608,-32.667],[115.607,-32.684],[115.614,-32.706],[115.622,-32.765],[115.629,-32.793],[115.634,-32.837],[115.653,-32.895],[115.658,-32.933],[115.708,-32.929],[115.72,-32.921],[115.764,-32.922],[115.781,-32.937],[115.813,-32.937],[115.813,-32.926],[115.853,-32.931],[115.875,-32.938],[115.924,-32.938],[115.94,-32.941],[115.956,-32.933],[115.993,-32.933],[116,-32.94],[116.022,-32.936],[116.164,-32.934],[116.18,-32.943]]]}},{"type":"Feature","properties":{"name":"Cowan"},"geometry":{"type":"Polygon","coordinates":[[[115.927,-31.796],[115.862,-31.796],[115.85,-31.79],[115.809,-31.783],[115.82,-31.805],[115.821,-31.82],[115.784,-31.823],[115.801,-31.858],[115.801,-31.882],[115.816,-31.89],[115.881,-31.89],[115.889,-31.887],[115.878,-31.868],[115.918,-31.867],[115.915,-31.805],[115.927,-31.796]]]}},{"type":"Feature","properties":{"name":"Curtin"},"geometry":{"type":"Polygon","coordinates":[[[115.838,-31.991],[115.82,-31.963],[115.844,-31.941],[115.825,-31.921],[115.821,-31.902],[115.805,-31.894],[115.801,-31.883],[115.771,-31.874],[115.752,-31.873],[115.755,-31.902],[115.754,-31.975],[115.751,-32.022],[115.776,-32.026],[115.787,-32.007],[115.818,-32.014],[115.823,-32.001],[115.838,-31.991]]]}},{"type":"Feature","properties":{"name":"Durack"},"geometry":{"type":"MultiPolygon","coordinates":[[[[129.001,-23.44],[129.001,-23.021],[129,-22.247],[129.001,-21.867],[129.001,-21.232],[129.001,-20.999],[129,-19.343],[129,-19.019],[129,-18.822],[129,-18.496],[129,-18.241],[129,-17.505],[129,-17.165],[129,-16.98],[129,-16.657],[129,-16.462],[129,-16.124],[129,-15.859],[129,-15.681],[129,-15.387],[129.001,-15.263],[129.001,-15.067],[129.001,-14.881],[129.001,-14.879],[128.968,-14.878],[128.91,-14.856],[128.871,-14.858],[128.86,-14.862],[128.834,-14.859],[128.799,-14.845],[128.754,-14.836],[128.738,-14.839],[128.721,-14.818],[128.693,-14.8],[128.651,-14.795],[128.636,-14.789],[128.614,-14.789],[128.603,-14.804],[128.576,-14.792],[128.548,-14.771],[128.53,-14.779],[128.505,-14.781],[128.485,-14.791],[128.475,-14.786],[128.466,-14.8],[128.437,-14.811],[128.417,-14.797],[128.393,-14.804],[128.38,-14.816],[128.417,-14.833],[128.439,-14.852],[128.477,-14.912],[128.47,-14.926],[128.474,-14.957],[128.441,-14.914],[128.426,-14.887],[128.404,-14.877],[128.418,-14.904],[128.416,-14.914],[128.438,-14.974],[128.456,-14.996],[128.449,-15.002],[128.426,-14.974],[128.419,-14.95],[128.409,-14.945],[128.388,-14.922],[128.369,-14.89],[128.356,-14.886],[128.355,-14.945],[128.352,-14.973],[128.387,-14.998],[128.359,-14.995],[128.36,-15.019],[128.371,-15.059],[128.363,-15.067],[128.343,-15.007],[128.328,-14.974],[128.322,-14.931],[128.315,-14.926],[128.297,-14.936],[128.292,-14.967],[128.315,-14.996],[128.331,-15.035],[128.327,-15.039],[128.305,-14.992],[128.29,-14.975],[128.264,-14.983],[128.23,-15.001],[128.204,-15.059],[128.194,-15.097],[128.21,-15.112],[128.221,-15.131],[128.224,-15.165],[128.22,-15.204],[128.24,-15.248],[128.278,-15.279],[128.301,-15.32],[128.299,-15.342],[128.292,-15.362],[128.295,-15.401],[128.305,-15.41],[128.298,-15.457],[128.29,-15.449],[128.296,-15.435],[128.282,-15.396],[128.278,-15.361],[128.282,-15.346],[128.256,-15.316],[128.254,-15.302],[128.212,-15.261],[128.19,-15.231],[128.164,-15.208],[128.144,-15.2],[128.127,-15.184],[128.111,-15.209],[128.113,-15.257],[128.128,-15.292],[128.128,-15.33],[128.123,-15.352],[128.125,-15.375],[128.119,-15.416],[128.101,-15.449],[128.099,-15.463],[128.087,-15.477],[128.054,-15.499],[128.032,-15.499],[128.037,-15.486],[128.056,-15.474],[128.077,-15.434],[128.089,-15.39],[128.087,-15.366],[128.068,-15.337],[128.066,-15.312],[128.073,-15.299],[128.092,-15.28],[128.083,-15.262],[128.088,-15.238],[128.082,-15.226],[128.091,-15.216],[128.092,-15.19],[128.099,-15.167],[128.085,-15.155],[128.083,-15.128],[128.075,-15.107],[128.08,-15.088],[128.103,-15.065],[128.095,-15.043],[128.1,-15.013],[128.113,-14.993],[128.114,-14.965],[128.108,-14.947],[128.124,-14.902],[128.139,-14.871],[128.123,-14.871],[128.119,-14.861],[128.158,-14.841],[128.192,-14.837],[128.194,-14.828],[128.182,-14.813],[128.175,-14.79],[128.184,-14.744],[128.201,-14.738],[128.216,-14.755],[128.214,-14.711],[128.197,-14.707],[128.184,-14.715],[128.157,-14.705],[128.147,-14.684],[128.131,-14.664],[128.087,-14.646],[128.067,-14.647],[128.069,-14.621],[128.034,-14.584],[128.016,-14.571],[128,-14.57],[127.963,-14.59],[127.953,-14.586],[127.948,-14.567],[127.931,-14.557],[127.943,-14.522],[127.929,-14.503],[127.916,-14.507],[127.901,-14.503],[127.888,-14.491],[127.88,-14.471],[127.855,-14.487],[127.841,-14.47],[127.833,-14.452],[127.82,-14.441],[127.826,-14.43],[127.829,-14.403],[127.812,-14.4],[127.804,-14.383],[127.788,-14.388],[127.78,-14.333],[127.766,-14.317],[127.763,-14.304],[127.75,-14.297],[127.711,-14.256],[127.69,-14.244],[127.686,-14.219],[127.669,-14.213],[127.67,-14.192],[127.647,-14.179],[127.628,-14.163],[127.613,-14.143],[127.597,-14.146],[127.557,-14.105],[127.536,-14.099],[127.538,-14.088],[127.518,-14.081],[127.49,-14.065],[127.477,-14.065],[127.449,-14.054],[127.459,-14.035],[127.449,-14.025],[127.467,-14.005],[127.465,-13.995],[127.439,-13.972],[127.413,-13.961],[127.396,-13.939],[127.385,-13.936],[127.347,-13.907],[127.325,-13.917],[127.326,-13.929],[127.344,-13.939],[127.348,-13.948],[127.334,-13.963],[127.314,-13.96],[127.289,-13.933],[127.282,-13.918],[127.264,-13.901],[127.237,-13.907],[127.225,-13.943],[127.19,-13.951],[127.186,-13.939],[127.195,-13.923],[127.187,-13.907],[127.17,-13.91],[127.179,-13.926],[127.159,-13.932],[127.148,-13.956],[127.146,-13.979],[127.114,-13.962],[127.123,-13.95],[127.107,-13.943],[127.106,-13.913],[127.099,-13.904],[127.103,-13.884],[127.069,-13.896],[127.072,-13.874],[127.081,-13.855],[127.081,-13.84],[127.071,-13.836],[127.056,-13.849],[127.042,-13.845],[127.052,-13.824],[127.039,-13.814],[127.015,-13.825],[127.019,-13.804],[126.986,-13.783],[126.985,-13.766],[126.958,-13.742],[126.932,-13.741],[126.925,-13.757],[126.943,-13.765],[126.926,-13.775],[126.882,-13.749],[126.854,-13.757],[126.852,-13.774],[126.862,-13.787],[126.857,-13.797],[126.827,-13.809],[126.832,-13.787],[126.821,-13.779],[126.801,-13.777],[126.79,-13.79],[126.78,-13.781],[126.743,-13.792],[126.76,-13.808],[126.758,-13.826],[126.773,-13.861],[126.798,-13.884],[126.809,-13.917],[126.805,-13.928],[126.839,-13.928],[126.846,-13.936],[126.874,-13.954],[126.905,-13.985],[126.883,-13.996],[126.879,-13.982],[126.856,-13.972],[126.836,-13.972],[126.81,-13.99],[126.797,-13.973],[126.781,-13.977],[126.748,-13.978],[126.745,-13.996],[126.723,-13.997],[126.71,-13.974],[126.694,-14],[126.701,-14.022],[126.727,-14.027],[126.739,-14.014],[126.755,-14.042],[126.737,-14.067],[126.731,-14.09],[126.714,-14.094],[126.72,-14.115],[126.705,-14.13],[126.689,-14.133],[126.69,-14.108],[126.652,-14.073],[126.645,-14.077],[126.66,-14.112],[126.647,-14.138],[126.652,-14.158],[126.645,-14.185],[126.631,-14.191],[126.619,-14.18],[126.607,-14.18],[126.61,-14.198],[126.604,-14.208],[126.605,-14.233],[126.575,-14.229],[126.565,-14.217],[126.57,-14.196],[126.563,-14.167],[126.575,-14.155],[126.57,-14.14],[126.538,-14.147],[126.527,-14.156],[126.499,-14.13],[126.492,-14.099],[126.47,-14.105],[126.456,-14.099],[126.454,-14.077],[126.484,-14.047],[126.497,-14.046],[126.487,-14.028],[126.495,-14.007],[126.507,-14.01],[126.542,-13.962],[126.564,-13.956],[126.531,-13.941],[126.515,-13.962],[126.504,-13.966],[126.486,-13.995],[126.476,-13.995],[126.459,-14.006],[126.443,-13.996],[126.427,-13.997],[126.422,-14.012],[126.397,-14.015],[126.385,-14.047],[126.342,-14.045],[126.345,-14.096],[126.314,-14.097],[126.313,-14.119],[126.305,-14.124],[126.301,-14.141],[126.305,-14.155],[126.321,-14.154],[126.336,-14.165],[126.354,-14.185],[126.306,-14.21],[126.3,-14.231],[126.283,-14.222],[126.274,-14.237],[126.257,-14.238],[126.236,-14.224],[126.233,-14.204],[126.246,-14.19],[126.233,-14.176],[126.214,-14.181],[126.198,-14.177],[126.19,-14.163],[126.199,-14.146],[126.193,-14.13],[126.221,-14.112],[126.197,-14.079],[126.165,-14.102],[126.168,-14.086],[126.19,-14.068],[126.167,-14.068],[126.189,-14.046],[126.217,-14.043],[126.225,-14.028],[126.22,-14.017],[126.207,-14.017],[126.199,-14.006],[126.186,-14.013],[126.151,-14.01],[126.177,-13.988],[126.153,-13.99],[126.12,-14.021],[126.135,-13.989],[126.159,-13.968],[126.141,-13.96],[126.162,-13.924],[126.135,-13.919],[126.134,-13.942],[126.112,-13.935],[126.087,-13.921],[126.066,-13.927],[126.063,-13.943],[126.052,-13.943],[126.037,-13.927],[126.032,-13.939],[126.045,-13.953],[126.073,-13.962],[126.086,-13.988],[126.097,-13.999],[126.089,-14.022],[126.1,-14.032],[126.095,-14.044],[126.074,-14.03],[126.065,-13.988],[126.041,-13.984],[126.038,-13.999],[126.056,-14.027],[126.035,-14.031],[126.024,-14.044],[126.006,-14.054],[126.014,-14.025],[126,-14.021],[125.989,-14.005],[125.981,-14.007],[125.981,-14.032],[125.992,-14.05],[125.993,-14.068],[126.034,-14.095],[126.064,-14.073],[126.088,-14.086],[126.101,-14.075],[126.126,-14.097],[126.133,-14.118],[126.152,-14.125],[126.157,-14.152],[126.142,-14.16],[126.157,-14.179],[126.149,-14.208],[126.128,-14.233],[126.099,-14.24],[126.078,-14.238],[126.057,-14.256],[126.066,-14.28],[126.083,-14.304],[126.088,-14.33],[126.07,-14.334],[126.079,-14.352],[126.069,-14.362],[126.046,-14.359],[126.026,-14.381],[126.017,-14.381],[126.003,-14.4],[125.979,-14.398],[125.987,-14.42],[126,-14.414],[126.016,-14.416],[126.024,-14.431],[126.024,-14.456],[126.031,-14.47],[126.046,-14.472],[126.044,-14.516],[126.051,-14.529],[126.043,-14.537],[126.017,-14.519],[126.007,-14.528],[126.001,-14.554],[125.972,-14.545],[125.97,-14.522],[125.96,-14.521],[125.945,-14.533],[125.92,-14.539],[125.902,-14.569],[125.92,-14.584],[125.935,-14.617],[125.928,-14.645],[125.909,-14.654],[125.901,-14.632],[125.883,-14.624],[125.876,-14.606],[125.857,-14.613],[125.847,-14.607],[125.847,-14.59],[125.831,-14.575],[125.846,-14.556],[125.831,-14.549],[125.836,-14.524],[125.832,-14.511],[125.818,-14.498],[125.823,-14.486],[125.846,-14.477],[125.858,-14.478],[125.851,-14.457],[125.811,-14.479],[125.802,-14.472],[125.813,-14.447],[125.798,-14.445],[125.795,-14.466],[125.768,-14.472],[125.741,-14.486],[125.736,-14.478],[125.73,-14.477],[125.714,-14.482],[125.701,-14.522],[125.681,-14.566],[125.669,-14.609],[125.651,-14.619],[125.678,-14.546],[125.689,-14.493],[125.677,-14.466],[125.677,-14.451],[125.659,-14.442],[125.663,-14.423],[125.662,-14.4],[125.655,-14.382],[125.669,-14.381],[125.674,-14.36],[125.671,-14.331],[125.702,-14.348],[125.722,-14.337],[125.712,-14.327],[125.724,-14.311],[125.683,-14.288],[125.667,-14.286],[125.667,-14.276],[125.652,-14.251],[125.62,-14.234],[125.607,-14.25],[125.59,-14.248],[125.584,-14.26],[125.599,-14.277],[125.581,-14.316],[125.6,-14.344],[125.588,-14.358],[125.589,-14.37],[125.603,-14.377],[125.618,-14.401],[125.62,-14.413],[125.601,-14.434],[125.602,-14.449],[125.595,-14.464],[125.607,-14.515],[125.595,-14.536],[125.584,-14.526],[125.573,-14.55],[125.554,-14.557],[125.544,-14.539],[125.558,-14.531],[125.561,-14.515],[125.548,-14.51],[125.514,-14.512],[125.497,-14.517],[125.48,-14.532],[125.468,-14.533],[125.465,-14.549],[125.474,-14.562],[125.467,-14.576],[125.454,-14.578],[125.456,-14.6],[125.424,-14.6],[125.423,-14.586],[125.411,-14.556],[125.403,-14.568],[125.379,-14.573],[125.359,-14.554],[125.357,-14.532],[125.364,-14.515],[125.342,-14.522],[125.345,-14.551],[125.312,-14.574],[125.294,-14.575],[125.265,-14.589],[125.255,-14.6],[125.248,-14.62],[125.261,-14.633],[125.279,-14.639],[125.289,-14.629],[125.308,-14.65],[125.267,-14.656],[125.258,-14.662],[125.257,-14.678],[125.228,-14.663],[125.214,-14.669],[125.211,-14.692],[125.217,-14.706],[125.183,-14.707],[125.182,-14.739],[125.158,-14.735],[125.143,-14.752],[125.151,-14.775],[125.189,-14.785],[125.199,-14.837],[125.222,-14.858],[125.251,-14.864],[125.259,-14.855],[125.277,-14.862],[125.305,-14.881],[125.322,-14.88],[125.308,-14.904],[125.307,-14.924],[125.295,-14.931],[125.272,-14.931],[125.254,-14.908],[125.231,-14.92],[125.223,-14.942],[125.208,-14.948],[125.213,-14.969],[125.238,-14.961],[125.243,-14.944],[125.257,-14.946],[125.25,-14.965],[125.256,-14.979],[125.271,-14.96],[125.284,-14.975],[125.283,-14.995],[125.319,-15.006],[125.337,-15.002],[125.363,-15.006],[125.371,-14.997],[125.386,-15.033],[125.403,-15.043],[125.375,-15.053],[125.377,-15.071],[125.4,-15.073],[125.4,-15.089],[125.374,-15.11],[125.397,-15.132],[125.454,-15.13],[125.481,-15.136],[125.481,-15.155],[125.443,-15.149],[125.412,-15.158],[125.383,-15.143],[125.363,-15.154],[125.347,-15.146],[125.315,-15.155],[125.291,-15.143],[125.28,-15.129],[125.29,-15.101],[125.281,-15.098],[125.271,-15.114],[125.26,-15.104],[125.225,-15.104],[125.212,-15.118],[125.188,-15.132],[125.177,-15.129],[125.163,-15.151],[125.145,-15.135],[125.138,-15.103],[125.123,-15.092],[125.126,-15.044],[125.106,-15.043],[125.095,-15.068],[125.074,-15.066],[125.077,-15.048],[125.06,-15.037],[125.059,-15.028],[125.082,-15.005],[125.084,-14.992],[125.074,-14.976],[125.051,-14.992],[125.041,-14.985],[125.02,-15.003],[125.024,-15.022],[125.021,-15.04],[125.029,-15.066],[125.047,-15.078],[125.037,-15.09],[125.032,-15.109],[125.018,-15.1],[124.986,-15.117],[124.979,-15.134],[124.957,-15.124],[124.939,-15.125],[124.931,-15.114],[124.893,-15.114],[124.868,-15.13],[124.869,-15.145],[124.856,-15.146],[124.842,-15.158],[124.837,-15.18],[124.855,-15.184],[124.886,-15.172],[124.868,-15.204],[124.866,-15.236],[124.882,-15.26],[124.907,-15.247],[124.909,-15.232],[124.926,-15.225],[124.963,-15.198],[124.966,-15.184],[124.978,-15.169],[124.992,-15.171],[124.982,-15.193],[124.994,-15.198],[125.014,-15.176],[125.045,-15.159],[125.059,-15.178],[125.037,-15.197],[125.025,-15.216],[125.006,-15.223],[124.995,-15.238],[124.979,-15.219],[124.965,-15.213],[124.954,-15.224],[124.939,-15.224],[124.92,-15.243],[124.92,-15.254],[124.887,-15.28],[124.876,-15.305],[124.898,-15.34],[124.92,-15.356],[124.969,-15.33],[124.981,-15.328],[125.001,-15.312],[125.026,-15.3],[125.051,-15.302],[125.061,-15.314],[125.075,-15.316],[125.104,-15.303],[125.089,-15.336],[125.123,-15.327],[125.091,-15.355],[125.083,-15.404],[125.069,-15.435],[125.101,-15.462],[125.115,-15.467],[125.138,-15.484],[125.146,-15.497],[125.163,-15.51],[125.188,-15.522],[125.209,-15.55],[125.161,-15.519],[125.141,-15.509],[125.143,-15.501],[125.117,-15.479],[125.089,-15.463],[125.062,-15.462],[125.044,-15.477],[125.043,-15.489],[125.023,-15.516],[125.025,-15.483],[125.017,-15.471],[124.997,-15.481],[124.984,-15.47],[125.003,-15.448],[124.99,-15.426],[124.967,-15.417],[124.956,-15.405],[124.953,-15.386],[124.935,-15.384],[124.916,-15.372],[124.908,-15.361],[124.873,-15.352],[124.854,-15.351],[124.831,-15.326],[124.795,-15.297],[124.759,-15.333],[124.753,-15.351],[124.741,-15.339],[124.762,-15.326],[124.768,-15.311],[124.763,-15.294],[124.727,-15.272],[124.716,-15.258],[124.702,-15.257],[124.7,-15.278],[124.673,-15.268],[124.683,-15.298],[124.707,-15.321],[124.692,-15.333],[124.681,-15.33],[124.66,-15.337],[124.664,-15.36],[124.695,-15.355],[124.727,-15.36],[124.72,-15.377],[124.683,-15.392],[124.674,-15.405],[124.684,-15.417],[124.669,-15.429],[124.672,-15.453],[124.685,-15.47],[124.68,-15.48],[124.658,-15.478],[124.641,-15.456],[124.653,-15.433],[124.645,-15.425],[124.633,-15.438],[124.621,-15.485],[124.623,-15.502],[124.602,-15.505],[124.59,-15.523],[124.578,-15.515],[124.581,-15.501],[124.554,-15.502],[124.55,-15.489],[124.532,-15.486],[124.517,-15.469],[124.5,-15.476],[124.477,-15.478],[124.452,-15.495],[124.464,-15.509],[124.464,-15.528],[124.446,-15.529],[124.429,-15.561],[124.43,-15.574],[124.414,-15.592],[124.432,-15.599],[124.446,-15.668],[124.412,-15.667],[124.402,-15.685],[124.392,-15.729],[124.392,-15.746],[124.402,-15.759],[124.4,-15.779],[124.41,-15.806],[124.407,-15.836],[124.409,-15.864],[124.417,-15.871],[124.439,-15.87],[124.445,-15.852],[124.459,-15.842],[124.464,-15.859],[124.477,-15.863],[124.48,-15.879],[124.479,-15.925],[124.496,-15.946],[124.492,-15.981],[124.496,-15.997],[124.51,-15.988],[124.532,-15.957],[124.552,-15.904],[124.573,-15.862],[124.581,-15.856],[124.602,-15.818],[124.634,-15.79],[124.668,-15.777],[124.688,-15.786],[124.699,-15.78],[124.715,-15.812],[124.703,-15.818],[124.712,-15.837],[124.692,-15.843],[124.676,-15.863],[124.656,-15.854],[124.629,-15.882],[124.606,-15.898],[124.621,-15.918],[124.61,-15.935],[124.597,-15.943],[124.597,-15.977],[124.585,-15.985],[124.581,-15.999],[124.587,-16.012],[124.581,-16.03],[124.586,-16.037],[124.585,-16.067],[124.589,-16.113],[124.581,-16.126],[124.564,-16.12],[124.554,-16.136],[124.529,-16.163],[124.523,-16.19],[124.509,-16.155],[124.498,-16.145],[124.487,-16.122],[124.474,-16.11],[124.48,-16.094],[124.475,-16.075],[124.442,-16.076],[124.443,-16.102],[124.45,-16.121],[124.447,-16.137],[124.437,-16.163],[124.426,-16.177],[124.413,-16.176],[124.389,-16.185],[124.4,-16.202],[124.383,-16.218],[124.383,-16.227],[124.405,-16.241],[124.408,-16.251],[124.394,-16.282],[124.405,-16.301],[124.397,-16.331],[124.407,-16.335],[124.407,-16.351],[124.431,-16.359],[124.453,-16.355],[124.464,-16.341],[124.48,-16.356],[124.507,-16.344],[124.571,-16.329],[124.598,-16.336],[124.621,-16.336],[124.673,-16.35],[124.695,-16.345],[124.715,-16.356],[124.725,-16.372],[124.747,-16.375],[124.788,-16.386],[124.813,-16.416],[124.834,-16.41],[124.849,-16.415],[124.878,-16.41],[124.896,-16.415],[124.918,-16.407],[124.921,-16.417],[124.888,-16.428],[124.859,-16.427],[124.839,-16.433],[124.814,-16.426],[124.794,-16.409],[124.751,-16.39],[124.703,-16.401],[124.625,-16.405],[124.612,-16.412],[124.578,-16.413],[124.559,-16.407],[124.491,-16.406],[124.451,-16.409],[124.425,-16.389],[124.415,-16.373],[124.404,-16.371],[124.403,-16.352],[124.387,-16.346],[124.374,-16.364],[124.349,-16.389],[124.341,-16.424],[124.389,-16.415],[124.401,-16.425],[124.401,-16.467],[124.419,-16.485],[124.435,-16.48],[124.467,-16.496],[124.43,-16.498],[124.433,-16.508],[124.426,-16.532],[124.41,-16.543],[124.406,-16.527],[124.415,-16.512],[124.401,-16.497],[124.407,-16.479],[124.389,-16.456],[124.388,-16.444],[124.373,-16.443],[124.35,-16.459],[124.324,-16.462],[124.31,-16.456],[124.331,-16.44],[124.335,-16.43],[124.324,-16.418],[124.269,-16.415],[124.257,-16.41],[124.233,-16.419],[124.219,-16.413],[124.207,-16.394],[124.2,-16.364],[124.188,-16.353],[124.195,-16.343],[124.175,-16.328],[124.176,-16.312],[124.139,-16.293],[124.124,-16.28],[124.088,-16.272],[124.044,-16.273],[124.021,-16.258],[123.99,-16.259],[123.976,-16.249],[123.937,-16.231],[123.929,-16.22],[123.917,-16.23],[123.944,-16.246],[123.951,-16.262],[123.972,-16.273],[123.934,-16.297],[123.949,-16.31],[123.961,-16.331],[123.98,-16.347],[123.987,-16.374],[123.975,-16.379],[123.938,-16.358],[123.906,-16.335],[123.895,-16.365],[123.891,-16.399],[123.898,-16.407],[123.872,-16.425],[123.857,-16.428],[123.847,-16.407],[123.845,-16.387],[123.851,-16.372],[123.869,-16.366],[123.879,-16.353],[123.86,-16.339],[123.858,-16.32],[123.844,-16.315],[123.831,-16.324],[123.812,-16.314],[123.783,-16.284],[123.75,-16.272],[123.761,-16.259],[123.777,-16.252],[123.797,-16.263],[123.799,-16.25],[123.79,-16.232],[123.795,-16.219],[123.81,-16.208],[123.791,-16.2],[123.771,-16.171],[123.736,-16.152],[123.728,-16.142],[123.714,-16.168],[123.697,-16.167],[123.691,-16.155],[123.67,-16.15],[123.653,-16.167],[123.613,-16.16],[123.574,-16.174],[123.566,-16.2],[123.593,-16.212],[123.576,-16.222],[123.598,-16.254],[123.584,-16.261],[123.571,-16.276],[123.549,-16.267],[123.549,-16.282],[123.564,-16.298],[123.596,-16.318],[123.625,-16.312],[123.614,-16.3],[123.626,-16.293],[123.645,-16.312],[123.66,-16.314],[123.678,-16.327],[123.68,-16.336],[123.697,-16.338],[123.717,-16.372],[123.681,-16.375],[123.652,-16.367],[123.639,-16.377],[123.667,-16.399],[123.688,-16.405],[123.694,-16.421],[123.672,-16.435],[123.63,-16.423],[123.621,-16.43],[123.602,-16.421],[123.598,-16.406],[123.561,-16.398],[123.546,-16.401],[123.56,-16.426],[123.531,-16.413],[123.508,-16.408],[123.513,-16.424],[123.582,-16.445],[123.609,-16.455],[123.661,-16.485],[123.658,-16.496],[123.622,-16.492],[123.584,-16.497],[123.588,-16.51],[123.603,-16.506],[123.635,-16.517],[123.643,-16.53],[123.569,-16.516],[123.546,-16.508],[123.501,-16.487],[123.473,-16.47],[123.473,-16.484],[123.488,-16.489],[123.502,-16.504],[123.489,-16.517],[123.466,-16.517],[123.46,-16.53],[123.471,-16.542],[123.491,-16.546],[123.498,-16.565],[123.497,-16.58],[123.507,-16.593],[123.519,-16.567],[123.542,-16.572],[123.53,-16.547],[123.579,-16.55],[123.59,-16.539],[123.615,-16.554],[123.617,-16.57],[123.6,-16.568],[123.58,-16.594],[123.566,-16.586],[123.556,-16.613],[123.563,-16.63],[123.534,-16.634],[123.516,-16.642],[123.524,-16.666],[123.553,-16.664],[123.578,-16.674],[123.587,-16.669],[123.635,-16.696],[123.644,-16.716],[123.664,-16.73],[123.688,-16.756],[123.712,-16.753],[123.718,-16.785],[123.747,-16.831],[123.758,-16.838],[123.758,-16.868],[123.772,-16.891],[123.797,-16.912],[123.82,-16.907],[123.832,-16.896],[123.856,-16.892],[123.888,-16.875],[123.894,-16.863],[123.908,-16.863],[123.946,-16.846],[123.959,-16.853],[123.952,-16.868],[123.922,-16.876],[123.903,-16.887],[123.891,-16.907],[123.871,-16.921],[123.826,-16.959],[123.796,-17.004],[123.799,-17.019],[123.818,-17.054],[123.829,-17.111],[123.83,-17.135],[123.842,-17.149],[123.886,-17.187],[123.887,-17.202],[123.912,-17.212],[123.889,-17.222],[123.862,-17.217],[123.851,-17.194],[123.834,-17.189],[123.83,-17.178],[123.807,-17.169],[123.775,-17.128],[123.761,-17.088],[123.741,-17.068],[123.704,-17.043],[123.694,-17.056],[123.66,-17.04],[123.659,-17.008],[123.644,-16.998],[123.601,-17.011],[123.584,-17.033],[123.588,-17.093],[123.611,-17.142],[123.631,-17.16],[123.646,-17.184],[123.642,-17.194],[123.625,-17.196],[123.619,-17.223],[123.616,-17.267],[123.603,-17.308],[123.603,-17.339],[123.595,-17.357],[123.582,-17.349],[123.574,-17.367],[123.575,-17.386],[123.568,-17.414],[123.58,-17.422],[123.584,-17.473],[123.581,-17.487],[123.596,-17.5],[123.6,-17.515],[123.591,-17.529],[123.597,-17.544],[123.59,-17.552],[123.593,-17.574],[123.582,-17.579],[123.572,-17.556],[123.577,-17.528],[123.568,-17.508],[123.545,-17.496],[123.545,-17.47],[123.538,-17.454],[123.523,-17.452],[123.526,-17.439],[123.511,-17.429],[123.514,-17.418],[123.485,-17.398],[123.475,-17.384],[123.459,-17.351],[123.443,-17.345],[123.425,-17.325],[123.408,-17.326],[123.393,-17.316],[123.394,-17.276],[123.387,-17.249],[123.362,-17.207],[123.355,-17.181],[123.345,-17.163],[123.301,-17.116],[123.291,-17.108],[123.282,-17.08],[123.285,-17.075],[123.278,-17.036],[123.241,-16.987],[123.236,-16.971],[123.203,-16.946],[123.169,-16.925],[123.148,-16.92],[123.15,-16.888],[123.161,-16.862],[123.161,-16.818],[123.158,-16.807],[123.135,-16.791],[123.111,-16.784],[123.104,-16.767],[123.103,-16.745],[123.119,-16.732],[123.133,-16.737],[123.145,-16.708],[123.137,-16.701],[123.115,-16.714],[123.093,-16.708],[123.081,-16.689],[123.062,-16.694],[123.051,-16.691],[123.039,-16.676],[123.041,-16.656],[123.033,-16.646],[123.039,-16.621],[123.016,-16.612],[123.008,-16.632],[122.995,-16.619],[122.985,-16.594],[122.958,-16.588],[122.97,-16.561],[122.98,-16.562],[122.984,-16.541],[123,-16.527],[122.976,-16.515],[122.992,-16.494],[122.996,-16.478],[122.984,-16.465],[122.992,-16.457],[123.011,-16.452],[123.021,-16.46],[123.044,-16.46],[123.056,-16.444],[123.036,-16.436],[123.018,-16.409],[123.031,-16.384],[123.02,-16.378],[123.022,-16.365],[122.985,-16.382],[122.974,-16.395],[122.946,-16.402],[122.925,-16.389],[122.919,-16.411],[122.9,-16.441],[122.898,-16.463],[122.906,-16.486],[122.897,-16.5],[122.869,-16.51],[122.859,-16.53],[122.844,-16.549],[122.823,-16.559],[122.812,-16.558],[122.791,-16.567],[122.78,-16.579],[122.769,-16.633],[122.742,-16.683],[122.744,-16.7],[122.763,-16.71],[122.774,-16.696],[122.776,-16.735],[122.791,-16.734],[122.807,-16.75],[122.821,-16.753],[122.83,-16.786],[122.799,-16.759],[122.789,-16.764],[122.777,-16.753],[122.757,-16.746],[122.737,-16.774],[122.714,-16.786],[122.694,-16.777],[122.665,-16.794],[122.637,-16.801],[122.624,-16.798],[122.61,-16.766],[122.581,-16.764],[122.578,-16.78],[122.553,-16.805],[122.571,-16.823],[122.563,-16.83],[122.538,-16.831],[122.537,-16.851],[122.552,-16.866],[122.55,-16.88],[122.569,-16.903],[122.57,-16.929],[122.591,-16.955],[122.552,-16.96],[122.529,-16.949],[122.52,-16.934],[122.478,-16.908],[122.477,-16.922],[122.486,-16.937],[122.478,-16.953],[122.475,-16.977],[122.454,-16.963],[122.448,-16.954],[122.424,-16.96],[122.364,-17.001],[122.37,-17.008],[122.345,-17.043],[122.304,-17.061],[122.284,-17.079],[122.256,-17.113],[122.252,-17.128],[122.27,-17.135],[122.287,-17.126],[122.304,-17.136],[122.279,-17.146],[122.241,-17.168],[122.236,-17.189],[122.226,-17.186],[122.202,-17.246],[122.188,-17.24],[122.173,-17.264],[122.165,-17.306],[122.165,-17.329],[122.159,-17.348],[122.15,-17.355],[122.152,-17.375],[122.15,-17.409],[122.15,-17.481],[122.142,-17.489],[122.147,-17.537],[122.145,-17.56],[122.154,-17.58],[122.167,-17.589],[122.175,-17.608],[122.184,-17.668],[122.2,-17.685],[122.201,-17.73],[122.199,-17.773],[122.212,-17.853],[122.212,-17.885],[122.208,-17.934],[122.203,-17.95],[122.181,-17.98],[122.205,-18.007],[122.211,-17.989],[122.235,-17.972],[122.247,-17.953],[122.261,-17.96],[122.302,-17.974],[122.354,-17.976],[122.373,-17.994],[122.379,-18.025],[122.381,-18.071],[122.375,-18.104],[122.363,-18.128],[122.345,-18.146],[122.319,-18.165],[122.286,-18.179],[122.257,-18.187],[122.241,-18.2],[122.215,-18.204],[122.212,-18.224],[122.183,-18.239],[122.172,-18.266],[122.138,-18.302],[122.123,-18.311],[122.099,-18.315],[122.085,-18.327],[122.064,-18.326],[122.046,-18.357],[122.036,-18.364],[122.017,-18.391],[122,-18.403],[121.983,-18.405],[121.96,-18.429],[121.94,-18.439],[121.908,-18.461],[121.872,-18.472],[121.854,-18.464],[121.839,-18.444],[121.823,-18.447],[121.792,-18.482],[121.802,-18.516],[121.785,-18.51],[121.765,-18.553],[121.757,-18.561],[121.731,-18.571],[121.73,-18.579],[121.756,-18.585],[121.772,-18.596],[121.787,-18.62],[121.786,-18.634],[121.794,-18.654],[121.767,-18.673],[121.749,-18.678],[121.739,-18.699],[121.719,-18.706],[121.695,-18.706],[121.669,-18.719],[121.654,-18.706],[121.626,-18.709],[121.618,-18.72],[121.62,-18.742],[121.634,-18.743],[121.65,-18.758],[121.652,-18.773],[121.646,-18.799],[121.654,-18.808],[121.635,-18.827],[121.622,-18.858],[121.603,-18.869],[121.599,-18.905],[121.578,-18.944],[121.561,-18.955],[121.565,-18.969],[121.554,-18.999],[121.537,-19.028],[121.519,-19.046],[121.525,-19.053],[121.511,-19.094],[121.438,-19.202],[121.378,-19.284],[121.342,-19.331],[121.258,-19.421],[121.21,-19.466],[121.148,-19.514],[121.071,-19.566],[120.961,-19.632],[120.821,-19.687],[120.741,-19.721],[120.631,-19.77],[120.568,-19.786],[120.521,-19.805],[120.511,-19.807],[120.435,-19.835],[120.41,-19.846],[120.384,-19.851],[120.323,-19.876],[120.196,-19.914],[120.151,-19.915],[120.129,-19.913],[120.054,-19.928],[120.01,-19.934],[119.973,-19.933],[119.903,-19.949],[119.841,-19.969],[119.821,-19.972],[119.773,-19.971],[119.762,-19.976],[119.745,-19.966],[119.743,-20.013],[119.722,-20.025],[119.707,-20.025],[119.702,-19.995],[119.68,-20.004],[119.682,-20.014],[119.672,-20.032],[119.651,-20.049],[119.622,-20.063],[119.575,-20.076],[119.528,-20.056],[119.497,-20.033],[119.489,-20.017],[119.47,-20.011],[119.444,-20.017],[119.42,-19.996],[119.385,-19.999],[119.373,-19.991],[119.343,-19.986],[119.32,-19.989],[119.305,-19.983],[119.258,-19.972],[119.218,-19.953],[119.185,-19.951],[119.174,-19.958],[119.168,-19.992],[119.174,-20.009],[119.211,-20.017],[119.207,-20.024],[119.17,-20.016],[119.157,-20.003],[119.148,-19.979],[119.119,-19.962],[119.097,-19.961],[119.088,-19.97],[119.091,-19.984],[119.079,-20.005],[119.053,-20.023],[119.007,-20.035],[118.995,-20.035],[118.985,-20.055],[118.979,-20.09],[118.959,-20.127],[118.943,-20.143],[118.909,-20.158],[118.897,-20.168],[118.867,-20.209],[118.86,-20.227],[118.842,-20.231],[118.822,-20.282],[118.771,-20.281],[118.752,-20.287],[118.713,-20.308],[118.69,-20.316],[118.677,-20.327],[118.642,-20.312],[118.633,-20.298],[118.615,-20.306],[118.574,-20.311],[118.574,-20.318],[118.606,-20.331],[118.576,-20.338],[118.563,-20.33],[118.569,-20.294],[118.532,-20.303],[118.534,-20.312],[118.514,-20.325],[118.509,-20.34],[118.49,-20.334],[118.486,-20.346],[118.448,-20.341],[118.419,-20.34],[118.352,-20.358],[118.343,-20.331],[118.298,-20.352],[118.262,-20.357],[118.252,-20.37],[118.225,-20.367],[118.166,-20.385],[118.165,-20.372],[118.177,-20.366],[118.173,-20.351],[118.138,-20.37],[118.07,-20.416],[118.05,-20.422],[118.026,-20.453],[117.986,-20.474],[117.939,-20.482],[117.943,-20.498],[117.932,-20.526],[117.943,-20.531],[117.946,-20.548],[117.927,-20.541],[117.902,-20.553],[117.891,-20.55],[117.874,-20.558],[117.873,-20.58],[117.865,-20.584],[117.86,-20.604],[117.822,-20.626],[117.806,-20.641],[117.769,-20.666],[117.738,-20.679],[117.697,-20.688],[117.68,-20.667],[117.666,-20.673],[117.647,-20.693],[117.642,-20.665],[117.631,-20.664],[117.595,-20.68],[117.584,-20.699],[117.573,-20.694],[117.527,-20.714],[117.495,-20.719],[117.475,-20.726],[117.443,-20.731],[117.398,-20.73],[117.388,-20.735],[117.383,-20.751],[117.348,-20.736],[117.285,-20.72],[117.274,-20.723],[117.25,-20.705],[117.223,-20.695],[117.208,-20.698],[117.183,-20.683],[117.2,-20.669],[117.18,-20.663],[117.173,-20.651],[117.182,-20.64],[117.2,-20.633],[117.191,-20.611],[117.165,-20.603],[117.139,-20.627],[117.13,-20.654],[117.114,-20.655],[117.085,-20.636],[117.066,-20.64],[117.04,-20.666],[117.03,-20.65],[116.989,-20.658],[116.965,-20.683],[116.946,-20.693],[116.947,-20.702],[116.896,-20.724],[116.87,-20.722],[116.828,-20.707],[116.814,-20.694],[116.793,-20.664],[116.796,-20.647],[116.814,-20.607],[116.823,-20.596],[116.822,-20.579],[116.855,-20.539],[116.863,-20.522],[116.821,-20.525],[116.808,-20.53],[116.81,-20.55],[116.79,-20.558],[116.777,-20.584],[116.759,-20.602],[116.745,-20.624],[116.744,-20.64],[116.723,-20.639],[116.707,-20.656],[116.701,-20.67],[116.664,-20.687],[116.634,-20.714],[116.613,-20.72],[116.59,-20.74],[116.526,-20.753],[116.516,-20.776],[116.463,-20.822],[116.44,-20.827],[116.403,-20.829],[116.36,-20.843],[116.346,-20.839],[116.329,-20.868],[116.291,-20.878],[116.236,-20.86],[116.224,-20.846],[116.203,-20.836],[116.2,-20.864],[116.191,-20.888],[116.19,-20.94],[116.185,-20.952],[116.188,-20.968],[116.18,-20.977],[116.165,-20.969],[116.139,-20.994],[116.099,-21.007],[116.092,-21.004],[116.066,-21.018],[115.989,-21.04],[115.938,-21.075],[115.918,-21.079],[115.88,-21.125],[115.867,-21.159],[115.856,-21.173],[115.85,-21.192],[115.834,-21.204],[115.822,-21.252],[115.803,-21.245],[115.78,-21.254],[115.762,-21.272],[115.747,-21.274],[115.719,-21.287],[115.703,-21.279],[115.679,-21.314],[115.654,-21.315],[115.612,-21.353],[115.588,-21.382],[115.578,-21.387],[115.549,-21.417],[115.552,-21.435],[115.531,-21.437],[115.506,-21.464],[115.506,-21.478],[115.493,-21.486],[115.5,-21.505],[115.492,-21.523],[115.481,-21.533],[115.457,-21.508],[115.437,-21.531],[115.413,-21.525],[115.403,-21.553],[115.376,-21.551],[115.344,-21.567],[115.307,-21.591],[115.286,-21.596],[115.234,-21.589],[115.218,-21.604],[115.204,-21.598],[115.187,-21.612],[115.17,-21.617],[115.142,-21.643],[115.12,-21.642],[115.11,-21.632],[115.055,-21.68],[115.023,-21.689],[114.969,-21.675],[114.936,-21.691],[114.915,-21.69],[114.891,-21.714],[114.875,-21.721],[114.842,-21.751],[114.825,-21.756],[114.792,-21.782],[114.769,-21.795],[114.744,-21.8],[114.723,-21.799],[114.699,-21.814],[114.686,-21.833],[114.676,-21.828],[114.644,-21.849],[114.645,-21.865],[114.64,-21.917],[114.628,-21.927],[114.615,-21.948],[114.612,-21.985],[114.597,-21.99],[114.576,-22.014],[114.554,-22.027],[114.551,-22.058],[114.536,-22.066],[114.517,-22.066],[114.53,-22.084],[114.518,-22.11],[114.501,-22.134],[114.508,-22.151],[114.5,-22.164],[114.48,-22.155],[114.456,-22.16],[114.479,-22.185],[114.487,-22.2],[114.455,-22.207],[114.45,-22.226],[114.465,-22.248],[114.436,-22.266],[114.43,-22.275],[114.433,-22.295],[114.423,-22.301],[114.41,-22.325],[114.41,-22.35],[114.401,-22.36],[114.389,-22.405],[114.393,-22.423],[114.381,-22.446],[114.392,-22.457],[114.381,-22.481],[114.358,-22.494],[114.332,-22.488],[114.319,-22.489],[114.323,-22.463],[114.319,-22.443],[114.309,-22.435],[114.282,-22.434],[114.262,-22.441],[114.227,-22.471],[114.216,-22.486],[114.219,-22.497],[114.2,-22.514],[114.182,-22.523],[114.16,-22.525],[114.149,-22.518],[114.122,-22.474],[114.128,-22.442],[114.123,-22.413],[114.132,-22.398],[114.146,-22.39],[114.16,-22.367],[114.178,-22.353],[114.182,-22.344],[114.174,-22.321],[114.177,-22.303],[114.155,-22.301],[114.133,-22.32],[114.126,-22.314],[114.124,-22.281],[114.133,-22.262],[114.116,-22.244],[114.113,-22.225],[114.085,-22.191],[114.08,-22.156],[114.093,-22.114],[114.102,-22.074],[114.116,-22.046],[114.116,-22.031],[114.141,-21.943],[114.139,-21.921],[114.149,-21.876],[114.149,-21.867],[114.18,-21.823],[114.191,-21.815],[114.16,-21.787],[114.137,-21.803],[114.109,-21.803],[114.079,-21.816],[114.072,-21.828],[114.057,-21.832],[113.995,-21.875],[113.992,-21.89],[113.97,-21.92],[113.965,-21.937],[113.948,-21.951],[113.934,-21.973],[113.933,-22],[113.925,-22.007],[113.892,-22.089],[113.882,-22.124],[113.867,-22.151],[113.858,-22.177],[113.847,-22.225],[113.836,-22.242],[113.833,-22.275],[113.821,-22.306],[113.796,-22.353],[113.782,-22.366],[113.775,-22.382],[113.765,-22.384],[113.749,-22.408],[113.745,-22.452],[113.725,-22.494],[113.708,-22.497],[113.717,-22.512],[113.697,-22.538],[113.665,-22.55],[113.654,-22.583],[113.674,-22.597],[113.668,-22.626],[113.682,-22.651],[113.687,-22.67],[113.671,-22.701],[113.677,-22.723],[113.709,-22.715],[113.741,-22.739],[113.755,-22.756],[113.771,-22.785],[113.777,-22.811],[113.794,-22.843],[113.802,-22.888],[113.817,-22.909],[113.826,-22.961],[113.82,-22.978],[113.829,-22.995],[113.829,-23.031],[113.812,-23.083],[113.787,-23.108],[113.761,-23.121],[113.77,-23.128],[113.764,-23.179],[113.772,-23.186],[113.774,-23.223],[113.784,-23.265],[113.792,-23.284],[113.794,-23.307],[113.79,-23.321],[113.786,-23.371],[113.776,-23.391],[113.782,-23.403],[113.78,-23.471],[113.766,-23.494],[113.764,-23.514],[113.755,-23.526],[113.721,-23.55],[113.702,-23.574],[113.674,-23.591],[113.65,-23.601],[113.633,-23.622],[113.613,-23.631],[113.611,-23.652],[113.597,-23.663],[113.591,-23.701],[113.585,-23.706],[113.567,-23.752],[113.555,-23.766],[113.533,-23.774],[113.521,-23.796],[113.519,-23.831],[113.513,-23.85],[113.497,-23.873],[113.47,-23.899],[113.465,-23.922],[113.471,-23.966],[113.459,-24.014],[113.448,-24.031],[113.433,-24.031],[113.422,-24.045],[113.428,-24.056],[113.428,-24.081],[113.419,-24.089],[113.441,-24.132],[113.443,-24.182],[113.429,-24.204],[113.409,-24.224],[113.391,-24.227],[113.397,-24.265],[113.405,-24.294],[113.403,-24.331],[113.407,-24.351],[113.4,-24.411],[113.404,-24.44],[113.407,-24.484],[113.422,-24.496],[113.426,-24.512],[113.453,-24.546],[113.472,-24.558],[113.49,-24.576],[113.519,-24.618],[113.54,-24.639],[113.566,-24.675],[113.577,-24.684],[113.617,-24.736],[113.629,-24.76],[113.633,-24.797],[113.617,-24.857],[113.644,-24.865],[113.646,-24.876],[113.669,-24.902],[113.678,-24.925],[113.662,-24.975],[113.666,-25.023],[113.687,-25.061],[113.698,-25.087],[113.725,-25.116],[113.74,-25.127],[113.77,-25.136],[113.789,-25.155],[113.801,-25.157],[113.837,-25.21],[113.848,-25.258],[113.847,-25.27],[113.866,-25.284],[113.861,-25.296],[113.891,-25.337],[113.895,-25.365],[113.891,-25.373],[113.905,-25.395],[113.905,-25.413],[113.941,-25.455],[113.948,-25.477],[113.945,-25.486],[113.959,-25.503],[113.986,-25.555],[113.99,-25.59],[113.997,-25.591],[114.004,-25.619],[114.021,-25.628],[114.045,-25.669],[114.091,-25.696],[114.12,-25.728],[114.115,-25.74],[114.12,-25.756],[114.173,-25.807],[114.178,-25.819],[114.203,-25.84],[114.213,-25.858],[114.227,-25.862],[114.233,-25.876],[114.263,-25.884],[114.265,-25.896],[114.248,-25.924],[114.247,-25.956],[114.258,-25.983],[114.245,-25.993],[114.224,-25.984],[114.22,-25.969],[114.198,-25.978],[114.198,-26.006],[114.21,-26.017],[114.209,-26.032],[114.224,-26.047],[114.224,-26.055],[114.239,-26.073],[114.241,-26.086],[114.234,-26.105],[114.247,-26.127],[114.254,-26.155],[114.241,-26.166],[114.225,-26.165],[114.22,-26.14],[114.205,-26.164],[114.191,-26.168],[114.192,-26.204],[114.206,-26.224],[114.204,-26.245],[114.238,-26.284],[114.238,-26.313],[114.216,-26.342],[114.217,-26.364],[114.194,-26.382],[114.166,-26.39],[114.156,-26.41],[114.13,-26.426],[114.109,-26.45],[114.086,-26.468],[114.077,-26.467],[114.074,-26.447],[114.06,-26.434],[114.054,-26.419],[114.021,-26.391],[113.975,-26.347],[113.967,-26.322],[113.967,-26.294],[113.95,-26.268],[113.958,-26.241],[113.942,-26.225],[113.934,-26.19],[113.947,-26.142],[113.937,-26.13],[113.92,-26.132],[113.908,-26.113],[113.905,-26.089],[113.909,-26.059],[113.895,-26.039],[113.894,-26.026],[113.906,-25.992],[113.914,-25.984],[113.906,-25.959],[113.889,-25.96],[113.872,-25.946],[113.866,-25.953],[113.886,-26.044],[113.88,-26.071],[113.866,-26.085],[113.863,-26.099],[113.845,-26.12],[113.841,-26.132],[113.811,-26.181],[113.79,-26.207],[113.763,-26.213],[113.759,-26.192],[113.745,-26.206],[113.725,-26.204],[113.728,-26.18],[113.708,-26.15],[113.7,-26.091],[113.705,-26.085],[113.7,-26.045],[113.713,-26.03],[113.734,-26.014],[113.73,-25.987],[113.735,-25.98],[113.732,-25.95],[113.738,-25.931],[113.748,-25.926],[113.758,-25.905],[113.762,-25.879],[113.724,-25.865],[113.719,-25.84],[113.724,-25.82],[113.722,-25.793],[113.699,-25.793],[113.68,-25.78],[113.664,-25.754],[113.634,-25.738],[113.614,-25.723],[113.598,-25.699],[113.59,-25.67],[113.585,-25.628],[113.571,-25.638],[113.538,-25.626],[113.525,-25.608],[113.515,-25.556],[113.519,-25.538],[113.517,-25.517],[113.499,-25.514],[113.499,-25.527],[113.486,-25.551],[113.473,-25.558],[113.449,-25.611],[113.432,-25.626],[113.418,-25.68],[113.414,-25.725],[113.431,-25.739],[113.437,-25.753],[113.455,-25.766],[113.461,-25.741],[113.446,-25.723],[113.446,-25.707],[113.459,-25.703],[113.474,-25.727],[113.467,-25.736],[113.479,-25.783],[113.463,-25.811],[113.478,-25.826],[113.494,-25.834],[113.513,-25.852],[113.517,-25.875],[113.525,-25.883],[113.518,-25.92],[113.546,-25.934],[113.559,-25.946],[113.556,-25.966],[113.561,-25.999],[113.574,-26.009],[113.567,-26.039],[113.582,-26.074],[113.574,-26.086],[113.583,-26.096],[113.614,-26.098],[113.619,-26.109],[113.639,-26.122],[113.643,-26.136],[113.66,-26.152],[113.663,-26.165],[113.683,-26.179],[113.683,-26.198],[113.698,-26.222],[113.754,-26.233],[113.802,-26.255],[113.837,-26.281],[113.842,-26.293],[113.865,-26.31],[113.884,-26.341],[113.885,-26.371],[113.871,-26.402],[113.882,-26.42],[113.889,-26.476],[113.885,-26.502],[113.864,-26.537],[113.833,-26.551],[113.811,-26.577],[113.814,-26.601],[113.808,-26.611],[113.788,-26.605],[113.781,-26.593],[113.764,-26.589],[113.753,-26.608],[113.737,-26.618],[113.713,-26.607],[113.696,-26.619],[113.687,-26.634],[113.689,-26.648],[113.677,-26.668],[113.659,-26.668],[113.666,-26.645],[113.658,-26.611],[113.635,-26.613],[113.632,-26.577],[113.626,-26.571],[113.634,-26.553],[113.638,-26.503],[113.627,-26.472],[113.618,-26.49],[113.619,-26.513],[113.596,-26.513],[113.599,-26.545],[113.589,-26.561],[113.591,-26.579],[113.585,-26.596],[113.559,-26.573],[113.565,-26.531],[113.577,-26.506],[113.564,-26.495],[113.552,-26.469],[113.561,-26.462],[113.563,-26.438],[113.562,-26.403],[113.549,-26.381],[113.555,-26.352],[113.539,-26.314],[113.545,-26.305],[113.536,-26.284],[113.518,-26.285],[113.514,-26.302],[113.5,-26.311],[113.517,-26.324],[113.513,-26.338],[113.528,-26.358],[113.516,-26.399],[113.508,-26.402],[113.5,-26.452],[113.499,-26.477],[113.485,-26.485],[113.476,-26.474],[113.485,-26.433],[113.499,-26.425],[113.502,-26.414],[113.485,-26.392],[113.488,-26.378],[113.508,-26.381],[113.505,-26.362],[113.49,-26.361],[113.499,-26.337],[113.483,-26.322],[113.48,-26.31],[113.48,-26.271],[113.462,-26.253],[113.46,-26.222],[113.448,-26.213],[113.444,-26.166],[113.422,-26.156],[113.426,-26.141],[113.397,-26.114],[113.4,-26.105],[113.386,-26.092],[113.388,-26.067],[113.38,-26.052],[113.36,-26.063],[113.377,-26.078],[113.375,-26.099],[113.387,-26.109],[113.379,-26.154],[113.383,-26.201],[113.365,-26.211],[113.366,-26.238],[113.358,-26.244],[113.356,-26.269],[113.345,-26.294],[113.355,-26.301],[113.359,-26.328],[113.382,-26.36],[113.38,-26.399],[113.365,-26.392],[113.357,-26.374],[113.365,-26.354],[113.353,-26.331],[113.339,-26.347],[113.327,-26.337],[113.324,-26.319],[113.333,-26.311],[113.322,-26.266],[113.319,-26.239],[113.325,-26.228],[113.319,-26.215],[113.322,-26.18],[113.319,-26.117],[113.314,-26.091],[113.306,-26.081],[113.311,-26.068],[113.298,-26.021],[113.285,-26.04],[113.285,-26.079],[113.292,-26.085],[113.288,-26.153],[113.278,-26.194],[113.28,-26.226],[113.268,-26.239],[113.261,-26.192],[113.224,-26.178],[113.197,-26.174],[113.193,-26.164],[113.172,-26.153],[113.168,-26.162],[113.178,-26.18],[113.198,-26.196],[113.231,-26.228],[113.264,-26.272],[113.278,-26.294],[113.3,-26.342],[113.292,-26.358],[113.308,-26.387],[113.296,-26.399],[113.322,-26.424],[113.351,-26.455],[113.382,-26.481],[113.445,-26.539],[113.504,-26.589],[113.584,-26.671],[113.642,-26.744],[113.648,-26.757],[113.708,-26.833],[113.737,-26.866],[113.758,-26.898],[113.785,-26.932],[113.816,-26.979],[113.834,-27.019],[113.861,-27.06],[113.942,-27.192],[114.017,-27.323],[114.086,-27.46],[114.103,-27.499],[114.128,-27.585],[114.139,-27.608],[114.151,-27.648],[114.161,-27.702],[114.152,-27.733],[114.146,-27.736],[114.126,-27.769],[114.118,-27.793],[114.105,-27.849],[114.12,-27.886],[114.141,-27.957],[114.157,-28.027],[114.17,-28.093],[114.176,-28.113],[114.189,-28.119],[114.229,-28.167],[114.239,-28.187],[114.279,-28.211],[114.321,-28.23],[114.335,-28.258],[114.356,-28.284],[114.4,-28.33],[114.408,-28.352],[114.428,-28.377],[114.435,-28.396],[114.491,-28.446],[114.522,-28.483],[114.556,-28.534],[114.575,-28.579],[114.602,-28.625],[114.613,-28.665],[114.606,-28.687],[114.62,-28.728],[114.615,-28.763],[114.606,-28.774],[114.576,-28.778],[114.611,-28.794],[114.629,-28.831],[114.624,-28.844],[114.635,-28.861],[114.633,-28.871],[114.687,-28.932],[114.724,-28.964],[114.784,-29.019],[114.802,-29.039],[114.832,-29.066],[114.872,-29.117],[114.888,-29.158],[114.888,-29.17],[114.901,-29.212],[114.919,-29.249],[114.922,-29.267],[114.914,-29.277],[114.927,-29.313],[114.947,-29.334],[114.959,-29.365],[114.959,-29.403],[114.996,-29.488],[114.998,-29.511],[114.977,-29.557],[114.978,-29.584],[114.959,-29.669],[114.959,-29.768],[114.965,-29.808],[114.981,-29.845],[114.978,-29.863],[114.982,-29.92],[114.973,-29.958],[114.963,-29.974],[114.969,-30.006],[114.964,-30.015],[114.959,-30.049],[114.963,-30.071],[114.984,-30.079],[115.002,-30.132],[115.006,-30.159],[114.995,-30.187],[114.999,-30.224],[115.025,-30.235],[115.037,-30.253],[115.043,-30.283],[115.039,-30.3],[115.02,-30.317],[115.042,-30.338],[115.051,-30.395],[115.05,-30.422],[115.062,-30.449],[115.071,-30.478],[115.069,-30.491],[115.056,-30.504],[115.076,-30.52],[115.095,-30.552],[115.088,-30.578],[115.104,-30.592],[115.103,-30.603],[115.132,-30.653],[115.152,-30.705],[115.188,-30.784],[115.19,-30.825],[115.201,-30.823],[115.219,-30.832],[115.251,-30.873],[115.294,-30.949],[115.314,-30.975],[115.325,-31],[115.332,-31.029],[115.381,-31.118],[115.395,-31.16],[115.399,-31.18],[115.424,-31.23],[115.441,-31.277],[115.504,-31.363],[115.514,-31.372],[115.55,-31.427],[115.561,-31.455],[115.67,-31.455],[115.678,-31.477],[115.855,-31.475],[115.855,-31.573],[115.862,-31.573],[115.861,-31.627],[115.883,-31.628],[115.889,-31.653],[115.905,-31.653],[115.912,-31.663],[115.955,-31.683],[115.957,-31.742],[115.983,-31.742],[116.094,-31.742],[116.099,-31.696],[116.149,-31.668],[116.149,-31.626],[116.132,-31.626],[116.132,-31.6],[116.151,-31.6],[116.151,-31.528],[116.166,-31.528],[116.165,-31.354],[116.246,-31.354],[116.245,-31.231],[116.308,-31.237],[116.361,-31.237],[116.403,-31.308],[116.44,-31.291],[116.449,-31.306],[116.492,-31.287],[116.499,-31.298],[116.548,-31.277],[116.569,-31.312],[116.614,-31.279],[116.625,-31.274],[116.598,-31.395],[116.598,-31.436],[116.604,-31.455],[116.595,-31.496],[116.6,-31.509],[116.651,-31.488],[116.68,-31.497],[116.706,-31.499],[116.731,-31.489],[116.75,-31.502],[116.763,-31.504],[116.819,-31.485],[116.829,-31.502],[116.851,-31.493],[116.86,-31.519],[116.875,-31.534],[116.886,-31.561],[116.913,-31.606],[116.961,-31.683],[116.944,-31.691],[116.957,-31.708],[116.989,-31.761],[117.005,-31.767],[117.021,-31.784],[117.058,-31.77],[117.075,-31.798],[117.107,-31.807],[117.124,-31.8],[117.134,-31.817],[117.185,-31.795],[117.229,-31.795],[117.228,-31.818],[117.256,-31.832],[117.272,-31.85],[117.289,-31.856],[117.327,-31.842],[117.391,-31.814],[117.389,-31.805],[117.428,-31.808],[117.428,-31.821],[117.445,-31.821],[117.485,-31.829],[117.485,-31.839],[117.539,-31.841],[117.55,-31.83],[117.598,-31.825],[117.61,-31.819],[117.649,-31.814],[117.682,-31.823],[117.723,-31.81],[117.747,-31.817],[117.788,-31.816],[117.794,-31.811],[117.879,-31.812],[117.879,-31.829],[117.992,-31.829],[117.992,-31.709],[118.019,-31.701],[118.027,-31.715],[118.053,-31.72],[118.115,-31.72],[118.113,-31.713],[118.165,-31.703],[118.166,-31.71],[118.236,-31.696],[118.378,-31.696],[118.378,-31.781],[118.67,-31.78],[118.708,-31.783],[118.708,-31.774],[118.734,-31.758],[118.79,-31.758],[118.739,-31.696],[118.804,-31.696],[118.804,-31.618],[118.755,-31.618],[118.755,-31.555],[118.741,-31.555],[118.741,-31.482],[118.737,-31.482],[118.737,-31.422],[118.74,-31.407],[118.74,-31.353],[118.763,-31.353],[118.763,-31.328],[118.74,-31.328],[118.739,-31.259],[118.759,-31.244],[118.772,-31.244],[118.772,-31.218],[118.81,-31.218],[118.811,-31.149],[118.824,-31.149],[118.824,-31.121],[118.849,-31.121],[118.844,-31.075],[118.87,-31.075],[118.874,-31.021],[118.863,-31.007],[118.863,-30.962],[118.891,-30.962],[118.918,-30.968],[118.92,-30.934],[118.946,-30.934],[118.957,-30.926],[118.944,-30.895],[118.93,-30.885],[118.928,-30.863],[118.917,-30.847],[118.86,-30.817],[118.825,-30.818],[118.825,-30.812],[118.785,-30.812],[118.785,-30.77],[118.773,-30.758],[118.773,-30.721],[118.755,-30.721],[118.751,-30.691],[118.751,-30.633],[118.657,-30.466],[118.508,-30.203],[118.508,-30.029],[118.508,-29.833],[118.508,-29.637],[118.436,-29.279],[118.436,-29.105],[118.72,-29.107],[118.72,-29.292],[119.058,-29.292],[119.201,-29.291],[119.344,-29.111],[119.663,-29.113],[119.776,-28.915],[119.776,-28.848],[119.803,-28.848],[119.803,-28.464],[120.045,-28.464],[120.045,-28.291],[120.196,-28.291],[120.196,-28.047],[120.154,-28.048],[120.157,-27.743],[120.158,-27.613],[120.075,-27.613],[120.075,-27.502],[120.058,-27.502],[120.058,-27.29],[119.585,-27.29],[119.585,-27.242],[119.333,-27.242],[119.201,-27.231],[119.197,-27.202],[119.204,-27.181],[119.201,-27.169],[119.237,-27.063],[119.273,-27.015],[119.288,-27.009],[119.332,-26.899],[119.34,-26.864],[119.411,-26.785],[119.448,-26.769],[119.486,-26.722],[119.502,-26.681],[119.528,-26.644],[119.577,-26.606],[119.583,-26.578],[119.602,-26.571],[119.614,-26.553],[119.738,-26.481],[119.75,-26.469],[119.805,-26.44],[119.805,-26.382],[119.867,-26.257],[119.883,-26.241],[119.894,-26.214],[119.922,-26.188],[119.934,-26.149],[119.941,-26.141],[119.961,-26.086],[119.977,-26.061],[120.008,-26.027],[120.119,-25.754],[120.112,-25.726],[120.107,-25.66],[120.107,-25.632],[120.099,-25.622],[120.092,-25.561],[120.086,-25.552],[120.088,-25.527],[120.085,-25.339],[120.137,-25.232],[120.177,-25.201],[120.202,-25.192],[120.199,-25.163],[120.19,-25.142],[120.115,-24.998],[120.105,-24.94],[120.088,-24.916],[120.055,-24.845],[120.056,-24.734],[120.043,-24.707],[120.07,-24.609],[120.077,-24.596],[120.085,-24.553],[120.092,-24.54],[120.082,-24.526],[120.077,-24.502],[120.067,-24.493],[120.078,-24.476],[120.111,-24.456],[120.132,-24.371],[120.158,-24.344],[120.183,-24.331],[120.213,-24.286],[120.22,-24.246],[120.242,-24.222],[120.288,-24.159],[120.295,-24.143],[120.321,-24.109],[120.365,-24.072],[120.41,-24.017],[120.436,-23.954],[120.493,-23.866],[120.513,-23.848],[120.524,-23.853],[120.542,-23.849],[120.61,-23.812],[120.612,-23.805],[120.671,-23.728],[121.005,-23.728],[121.005,-23.44],[121.296,-23.441],[121.505,-23.44],[121.842,-23.441],[122.014,-23.441],[122.253,-23.441],[122.484,-23.44],[122.635,-23.441],[122.997,-23.443],[123.222,-23.444],[123.559,-23.444],[123.793,-23.444],[124.121,-23.443],[124.36,-23.442],[124.668,-23.44],[125.039,-23.444],[125.489,-23.446],[126.001,-23.449],[127.816,-23.44],[128.484,-23.441],[129.001,-23.44]]],[[[113.238,-26.106],[113.236,-26.091],[113.222,-26.053],[113.202,-26.024],[113.204,-26.003],[113.194,-26.001],[113.167,-25.98],[113.137,-25.977],[113.133,-25.942],[113.126,-25.922],[113.138,-25.902],[113.156,-25.888],[113.121,-25.88],[113.11,-25.868],[113.115,-25.839],[113.1,-25.81],[113.097,-25.789],[113.077,-25.769],[113.064,-25.727],[113.071,-25.72],[113.058,-25.706],[113.038,-25.633],[113.039,-25.618],[113.03,-25.609],[113.017,-25.573],[113.009,-25.558],[113.008,-25.529],[113.022,-25.501],[112.986,-25.497],[112.972,-25.481],[112.94,-25.512],[112.928,-25.529],[112.929,-25.564],[112.921,-25.588],[112.93,-25.639],[112.937,-25.647],[112.958,-25.705],[112.969,-25.719],[112.98,-25.749],[112.977,-25.773],[112.967,-25.779],[112.974,-25.794],[113.023,-25.86],[113.031,-25.894],[113.046,-25.924],[113.062,-25.945],[113.112,-25.994],[113.136,-26.022],[113.156,-26.052],[113.18,-26.12],[113.209,-26.136],[113.214,-26.16],[113.229,-26.142],[113.224,-26.124],[113.238,-26.106]]],[[[115.477,-20.734],[115.461,-20.705],[115.467,-20.68],[115.436,-20.666],[115.421,-20.679],[115.411,-20.7],[115.403,-20.706],[115.375,-20.747],[115.36,-20.753],[115.352,-20.772],[115.327,-20.799],[115.308,-20.847],[115.308,-20.869],[115.329,-20.887],[115.333,-20.868],[115.357,-20.867],[115.369,-20.873],[115.374,-20.891],[115.396,-20.885],[115.416,-20.867],[115.425,-20.838],[115.447,-20.829],[115.458,-20.793],[115.471,-20.776],[115.469,-20.767],[115.477,-20.734]]],[[[124.655,-15.399],[124.623,-15.389],[124.626,-15.375],[124.609,-15.353],[124.607,-15.344],[124.589,-15.337],[124.587,-15.319],[124.567,-15.32],[124.559,-15.306],[124.568,-15.288],[124.568,-15.267],[124.557,-15.251],[124.538,-15.27],[124.505,-15.282],[124.493,-15.297],[124.5,-15.32],[124.482,-15.328],[124.473,-15.355],[124.46,-15.363],[124.478,-15.378],[124.47,-15.404],[124.488,-15.403],[124.486,-15.386],[124.502,-15.382],[124.507,-15.401],[124.52,-15.382],[124.547,-15.373],[124.555,-15.394],[124.535,-15.42],[124.523,-15.417],[124.523,-15.436],[124.536,-15.448],[124.572,-15.442],[124.609,-15.421],[124.624,-15.416],[124.655,-15.399]]],[[[125.216,-14.496],[125.2,-14.479],[125.192,-14.478],[125.178,-14.452],[125.167,-14.447],[125.154,-14.454],[125.16,-14.47],[125.141,-14.473],[125.124,-14.487],[125.12,-14.506],[125.133,-14.529],[125.144,-14.54],[125.14,-14.549],[125.096,-14.552],[125.101,-14.567],[125.095,-14.586],[125.096,-14.614],[125.101,-14.633],[125.121,-14.631],[125.146,-14.656],[125.15,-14.637],[125.168,-14.619],[125.177,-14.631],[125.192,-14.605],[125.213,-14.606],[125.203,-14.589],[125.204,-14.576],[125.195,-14.561],[125.212,-14.517],[125.206,-14.502],[125.216,-14.496]]],[[[128.202,-15.142],[128.201,-15.131],[128.164,-15.097],[128.154,-15.071],[128.156,-15.057],[128.13,-15.041],[128.122,-15.087],[128.125,-15.096],[128.115,-15.113],[128.119,-15.143],[128.126,-15.156],[128.172,-15.176],[128.196,-15.194],[128.194,-15.163],[128.202,-15.142]]],[[[113.922,-25.884],[113.919,-25.848],[113.91,-25.818],[113.881,-25.801],[113.856,-25.811],[113.855,-25.845],[113.88,-25.887],[113.908,-25.898],[113.922,-25.884]]],[[[113.128,-25.06],[113.117,-25.031],[113.102,-25.033],[113.088,-25.07],[113.095,-25.121],[113.087,-25.192],[113.073,-25.222],[113.069,-25.238],[113.088,-25.24],[113.091,-25.188],[113.104,-25.175],[113.102,-25.16],[113.11,-25.142],[113.111,-25.107],[113.117,-25.098],[113.119,-25.075],[113.128,-25.06]]],[[[124.463,-15.303],[124.45,-15.288],[124.456,-15.268],[124.445,-15.258],[124.425,-15.257],[124.416,-15.274],[124.4,-15.289],[124.378,-15.286],[124.35,-15.296],[124.343,-15.31],[124.358,-15.325],[124.384,-15.32],[124.41,-15.299],[124.423,-15.317],[124.44,-15.32],[124.463,-15.303]]],[[[125.231,-15.071],[125.203,-15.062],[125.176,-15.065],[125.178,-15.048],[125.166,-15.029],[125.154,-15.039],[125.152,-15.064],[125.17,-15.081],[125.175,-15.098],[125.166,-15.104],[125.171,-15.12],[125.187,-15.123],[125.216,-15.105],[125.23,-15.084],[125.231,-15.071]]],[[[113.166,-24.782],[113.151,-24.771],[113.14,-24.791],[113.138,-24.822],[113.128,-24.844],[113.125,-24.889],[113.131,-24.917],[113.124,-24.939],[113.134,-24.952],[113.15,-24.935],[113.144,-24.926],[113.142,-24.888],[113.138,-24.87],[113.146,-24.859],[113.159,-24.828],[113.166,-24.782]]],[[[124.959,-15.031],[124.948,-15.027],[124.931,-15.003],[124.942,-14.989],[124.938,-14.979],[124.939,-14.955],[124.923,-14.954],[124.92,-14.97],[124.898,-14.975],[124.898,-15.005],[124.917,-15.01],[124.911,-15.022],[124.948,-15.044],[124.959,-15.031]]],[[[116.886,-20.481],[116.866,-20.495],[116.87,-20.466],[116.881,-20.432],[116.851,-20.449],[116.826,-20.493],[116.816,-20.517],[116.836,-20.519],[116.858,-20.511],[116.874,-20.511],[116.886,-20.481]]],[[[116.586,-20.576],[116.566,-20.576],[116.552,-20.568],[116.542,-20.575],[116.532,-20.599],[116.513,-20.594],[116.513,-20.583],[116.478,-20.595],[116.477,-20.612],[116.502,-20.622],[116.553,-20.62],[116.561,-20.609],[116.551,-20.601],[116.559,-20.587],[116.58,-20.586],[116.586,-20.576]]],[[[124.857,-15.256],[124.836,-15.238],[124.825,-15.242],[124.805,-15.24],[124.791,-15.287],[124.808,-15.302],[124.815,-15.294],[124.849,-15.275],[124.857,-15.256]]],[[[126.62,-13.89],[126.597,-13.896],[126.587,-13.885],[126.574,-13.886],[126.549,-13.872],[126.51,-13.87],[126.502,-13.887],[126.513,-13.907],[126.536,-13.908],[126.55,-13.896],[126.566,-13.9],[126.594,-13.898],[126.608,-13.914],[126.617,-13.909],[126.62,-13.89]]],[[[123.797,-16.145],[123.777,-16.126],[123.75,-16.121],[123.707,-16.106],[123.696,-16.115],[123.763,-16.148],[123.789,-16.15],[123.797,-16.145]]],[[[116.648,-20.685],[116.594,-20.687],[116.578,-20.693],[116.575,-20.709],[116.601,-20.729],[116.637,-20.7],[116.648,-20.685]]],[[[126.047,-14.33],[126.043,-14.318],[126.028,-14.307],[126.004,-14.301],[126.007,-14.283],[125.986,-14.29],[125.996,-14.318],[125.993,-14.335],[126.022,-14.349],[126.023,-14.328],[126.036,-14.336],[126.047,-14.33]]],[[[124.597,-15.923],[124.592,-15.916],[124.546,-15.936],[124.532,-15.965],[124.549,-15.968],[124.587,-15.942],[124.597,-15.923]]],[[[116.676,-20.549],[116.657,-20.561],[116.637,-20.564],[116.614,-20.583],[116.603,-20.596],[116.615,-20.608],[116.637,-20.606],[116.645,-20.583],[116.666,-20.567],[116.676,-20.549]]],[[[125.757,-14.451],[125.744,-14.443],[125.74,-14.43],[125.754,-14.422],[125.749,-14.412],[125.732,-14.408],[125.716,-14.463],[125.72,-14.479],[125.728,-14.477],[125.737,-14.477],[125.75,-14.467],[125.757,-14.451]]],[[[114.546,-22.044],[114.538,-22.023],[114.54,-22.007],[114.528,-21.998],[114.506,-21.997],[114.501,-22.012],[114.529,-22.053],[114.546,-22.044]]],[[[123.532,-16.26],[123.528,-16.253],[123.49,-16.24],[123.488,-16.224],[123.473,-16.212],[123.459,-16.21],[123.448,-16.218],[123.459,-16.234],[123.473,-16.237],[123.48,-16.261],[123.494,-16.285],[123.506,-16.268],[123.509,-16.251],[123.532,-16.26]]],[[[125.563,-14.486],[125.54,-14.477],[125.545,-14.461],[125.537,-14.441],[125.525,-14.429],[125.511,-14.454],[125.524,-14.467],[125.528,-14.49],[125.555,-14.491],[125.563,-14.486]]],[[[125.036,-15.328],[125.024,-15.32],[125.005,-15.348],[124.99,-15.363],[124.996,-15.376],[125.016,-15.374],[125.036,-15.328]]],[[[124.287,-15.303],[124.276,-15.28],[124.233,-15.297],[124.231,-15.319],[124.255,-15.306],[124.278,-15.313],[124.287,-15.303]]],[[[123.211,-16.393],[123.187,-16.386],[123.172,-16.387],[123.179,-16.412],[123.168,-16.426],[123.186,-16.433],[123.203,-16.414],[123.211,-16.393]]],[[[116.953,-20.42],[116.917,-20.404],[116.878,-20.379],[116.851,-20.364],[116.847,-20.377],[116.881,-20.395],[116.917,-20.407],[116.93,-20.418],[116.953,-20.42]]],[[[125.268,-14.645],[125.246,-14.619],[125.232,-14.623],[125.204,-14.652],[125.223,-14.66],[125.233,-14.654],[125.268,-14.645]]],[[[123.391,-16.583],[123.379,-16.572],[123.357,-16.541],[123.349,-16.549],[123.358,-16.575],[123.382,-16.602],[123.391,-16.583]]],[[[124.235,-15.969],[124.233,-15.953],[124.21,-15.952],[124.205,-15.924],[124.19,-15.917],[124.187,-15.931],[124.201,-15.965],[124.235,-15.969]]],[[[123.533,-16.609],[123.515,-16.611],[123.498,-16.624],[123.489,-16.615],[123.462,-16.623],[123.48,-16.633],[123.505,-16.641],[123.527,-16.624],[123.533,-16.609]]],[[[125.971,-14.347],[125.967,-14.332],[125.948,-14.34],[125.944,-14.357],[125.933,-14.375],[125.944,-14.389],[125.957,-14.374],[125.96,-14.351],[125.971,-14.347]]],[[[117.744,-20.627],[117.718,-20.608],[117.711,-20.627],[117.711,-20.643],[117.733,-20.654],[117.744,-20.627]]],[[[116.619,-20.474],[116.593,-20.461],[116.576,-20.483],[116.586,-20.501],[116.606,-20.49],[116.619,-20.474]]],[[[127.875,-14.455],[127.871,-14.436],[127.853,-14.437],[127.851,-14.452],[127.839,-14.457],[127.852,-14.479],[127.875,-14.455]]],[[[123.94,-16.277],[123.915,-16.262],[123.886,-16.238],[123.882,-16.252],[123.897,-16.257],[123.9,-16.272],[123.911,-16.279],[123.933,-16.282],[123.94,-16.277]]],[[[115.546,-20.455],[115.531,-20.441],[115.522,-20.458],[115.516,-20.484],[115.532,-20.486],[115.525,-20.453],[115.546,-20.455]]],[[[124.102,-16.115],[124.095,-16.09],[124.072,-16.081],[124.067,-16.107],[124.086,-16.117],[124.102,-16.115]]],[[[116.681,-20.583],[116.668,-20.597],[116.649,-20.598],[116.642,-20.624],[116.667,-20.628],[116.681,-20.583]]],[[[124.26,-16.387],[124.225,-16.358],[124.223,-16.381],[124.24,-16.402],[124.255,-16.398],[124.26,-16.387]]],[[[124.985,-15.056],[124.969,-15.042],[124.96,-15.068],[124.973,-15.083],[124.985,-15.056]]],[[[126.901,-13.985],[126.892,-13.982],[126.874,-13.96],[126.825,-13.95],[126.82,-13.967],[126.843,-13.963],[126.881,-13.976],[126.883,-13.993],[126.901,-13.985]]],[[[116.827,-20.466],[116.819,-20.467],[116.797,-20.486],[116.785,-20.507],[116.798,-20.519],[116.811,-20.5],[116.827,-20.466]]],[[[116.839,-20.427],[116.829,-20.427],[116.818,-20.446],[116.807,-20.45],[116.798,-20.466],[116.82,-20.464],[116.834,-20.442],[116.839,-20.427]]],[[[123.564,-16.078],[123.56,-16.072],[123.525,-16.062],[123.524,-16.079],[123.532,-16.088],[123.551,-16.077],[123.564,-16.078]]],[[[126.404,-13.989],[126.376,-13.975],[126.362,-13.983],[126.384,-14.011],[126.394,-14.009],[126.404,-13.989]]],[[[124.47,-15.914],[124.461,-15.905],[124.451,-15.939],[124.466,-15.944],[124.47,-15.914]]],[[[125.497,-14.499],[125.478,-14.494],[125.455,-14.482],[125.454,-14.499],[125.473,-14.512],[125.497,-14.499]]],[[[128.473,-14.912],[128.467,-14.899],[128.443,-14.887],[128.453,-14.913],[128.467,-14.928],[128.473,-14.912]]],[[[124.375,-15.392],[124.37,-15.371],[124.353,-15.361],[124.342,-15.376],[124.366,-15.398],[124.375,-15.392]]],[[[123.554,-17.274],[123.552,-17.241],[123.538,-17.242],[123.54,-17.275],[123.554,-17.274]]],[[[124.35,-15.331],[124.348,-15.319],[124.325,-15.331],[124.311,-15.344],[124.31,-15.354],[124.335,-15.347],[124.35,-15.331]]],[[[123.835,-16.247],[123.828,-16.239],[123.81,-16.244],[123.811,-16.267],[123.821,-16.268],[123.835,-16.247]]],[[[115.466,-21.494],[115.435,-21.503],[115.42,-21.52],[115.437,-21.528],[115.449,-21.506],[115.466,-21.494]]],[[[124.145,-16.25],[124.118,-16.236],[124.098,-16.251],[124.108,-16.259],[124.145,-16.25]]],[[[124.1,-16.157],[124.095,-16.142],[124.071,-16.152],[124.087,-16.164],[124.1,-16.157]]],[[[126.043,-14.233],[126.018,-14.225],[126.007,-14.248],[126.024,-14.245],[126.043,-14.233]]],[[[128.334,-14.758],[128.32,-14.741],[128.3,-14.742],[128.303,-14.756],[128.334,-14.758]]],[[[113.709,-28.464],[113.701,-28.449],[113.683,-28.455],[113.696,-28.47],[113.709,-28.464]]],[[[115.025,-21.458],[115.004,-21.451],[114.979,-21.453],[114.975,-21.462],[115.017,-21.465],[115.025,-21.458]]],[[[126.195,-13.935],[126.174,-13.933],[126.173,-13.955],[126.195,-13.935]]],[[[125,-14.517],[124.992,-14.493],[124.984,-14.498],[124.979,-14.523],[124.993,-14.527],[125,-14.517]]],[[[123.641,-16.1],[123.604,-16.084],[123.596,-16.093],[123.627,-16.107],[123.641,-16.1]]],[[[124.65,-16.35],[124.626,-16.344],[124.575,-16.342],[124.578,-16.349],[124.65,-16.35]]],[[[126.321,-13.943],[126.309,-13.927],[126.299,-13.953],[126.311,-13.96],[126.321,-13.943]]],[[[123.552,-16.046],[123.534,-16.032],[123.531,-16.049],[123.552,-16.046]]],[[[124.721,-16.378],[124.709,-16.36],[124.689,-16.377],[124.721,-16.378]]],[[[115.586,-20.403],[115.569,-20.396],[115.561,-20.379],[115.55,-20.387],[115.571,-20.402],[115.586,-20.403]]],[[[117.089,-20.616],[117.075,-20.617],[117.052,-20.627],[117.06,-20.638],[117.071,-20.624],[117.089,-20.616]]],[[[114.392,-21.628],[114.378,-21.627],[114.359,-21.647],[114.37,-21.652],[114.392,-21.628]]],[[[115.497,-21.512],[115.474,-21.51],[115.481,-21.53],[115.497,-21.512]]],[[[123.357,-16.361],[123.349,-16.34],[123.332,-16.338],[123.336,-16.359],[123.357,-16.361]]],[[[125.253,-14.978],[125.239,-14.977],[125.228,-14.99],[125.241,-14.999],[125.253,-14.978]]],[[[124.985,-15.347],[124.981,-15.34],[124.952,-15.353],[124.96,-15.362],[124.985,-15.347]]],[[[125.995,-14.377],[125.99,-14.361],[125.977,-14.371],[125.976,-14.391],[125.995,-14.377]]],[[[123.352,-16.164],[123.345,-16.149],[123.329,-16.156],[123.341,-16.168],[123.352,-16.164]]],[[[124.962,-15.045],[124.953,-15.044],[124.94,-15.07],[124.951,-15.072],[124.962,-15.045]]],[[[123.362,-16.427],[123.349,-16.419],[123.343,-16.433],[123.353,-16.439],[123.362,-16.427]]],[[[113.745,-28.427],[113.72,-28.429],[113.721,-28.447],[113.745,-28.427]]],[[[123.629,-16.354],[123.608,-16.328],[123.602,-16.336],[123.621,-16.354],[123.629,-16.354]]],[[[123.526,-16.149],[123.512,-16.145],[123.509,-16.165],[123.523,-16.163],[123.526,-16.149]]],[[[124.639,-15.282],[124.636,-15.273],[124.617,-15.274],[124.623,-15.29],[124.639,-15.282]]],[[[125.311,-14.279],[125.296,-14.274],[125.29,-14.289],[125.302,-14.292],[125.311,-14.279]]],[[[123.462,-16.168],[123.457,-16.156],[123.441,-16.155],[123.436,-16.166],[123.462,-16.168]]],[[[113.644,-24.871],[113.625,-24.876],[113.643,-24.891],[113.644,-24.871]]],[[[115.902,-20.955],[115.901,-20.938],[115.882,-20.947],[115.902,-20.955]]],[[[114.173,-22.447],[114.157,-22.473],[114.167,-22.474],[114.173,-22.447]]],[[[124.866,-15.023],[124.86,-15.011],[124.846,-15.023],[124.854,-15.031],[124.866,-15.023]]],[[[123.46,-16.27],[123.439,-16.262],[123.438,-16.278],[123.46,-16.27]]]]}},{"type":"Feature","properties":{"name":"Forrest"},"geometry":{"type":"Polygon","coordinates":[[[115.337,-34.315],[115.337,-34.16],[115.402,-34.156],[115.403,-34.093],[115.392,-34.078],[115.404,-34.049],[115.398,-34.042],[115.39,-34],[115.415,-33.977],[115.42,-33.92],[115.536,-33.914],[115.542,-33.906],[115.646,-33.824],[115.67,-33.812],[115.736,-33.812],[115.736,-33.797],[115.763,-33.797],[115.767,-33.76],[115.767,-33.701],[115.75,-33.693],[115.732,-33.692],[115.732,-33.663],[115.728,-33.646],[115.728,-33.547],[115.73,-33.533],[115.759,-33.533],[115.755,-33.521],[115.777,-33.521],[115.777,-33.54],[115.815,-33.542],[115.834,-33.514],[115.869,-33.52],[115.867,-33.505],[115.929,-33.505],[115.948,-33.5],[115.95,-33.489],[115.974,-33.489],[115.974,-33.507],[116.023,-33.505],[116.023,-33.361],[116.002,-33.367],[116.017,-33.385],[116.006,-33.407],[115.968,-33.402],[115.919,-33.379],[115.919,-33.29],[115.947,-33.29],[115.946,-33.223],[115.962,-33.222],[115.982,-33.211],[115.993,-33.214],[116.013,-33.204],[116.01,-33.19],[116.031,-33.191],[116.031,-33.213],[116.009,-33.232],[116.145,-33.232],[116.147,-33.224],[116.147,-33.085],[116.209,-33.085],[116.209,-32.984],[116.2,-32.967],[116.188,-32.962],[116.18,-32.943],[116.164,-32.934],[116.022,-32.936],[116,-32.94],[115.993,-32.933],[115.956,-32.933],[115.94,-32.941],[115.924,-32.938],[115.875,-32.938],[115.853,-32.931],[115.813,-32.926],[115.813,-32.937],[115.781,-32.937],[115.764,-32.922],[115.72,-32.921],[115.708,-32.929],[115.658,-32.933],[115.669,-32.978],[115.68,-33.045],[115.689,-33.121],[115.683,-33.177],[115.683,-33.216],[115.68,-33.285],[115.67,-33.307],[115.654,-33.319],[115.64,-33.319],[115.623,-33.341],[115.604,-33.398],[115.593,-33.423],[115.574,-33.453],[115.546,-33.48],[115.487,-33.546],[115.442,-33.595],[115.412,-33.619],[115.387,-33.632],[115.309,-33.654],[115.264,-33.657],[115.208,-33.651],[115.123,-33.624],[115.11,-33.612],[115.101,-33.584],[115.089,-33.569],[115.063,-33.556],[115.056,-33.544],[115.036,-33.544],[115.026,-33.535],[115.004,-33.53],[115.011,-33.556],[115.006,-33.562],[115.025,-33.618],[115.028,-33.634],[115.014,-33.66],[114.999,-33.67],[114.99,-33.696],[114.975,-33.703],[114.993,-33.753],[114.989,-33.762],[115,-33.794],[114.994,-33.849],[114.978,-33.87],[114.983,-33.881],[114.992,-33.953],[114.98,-33.961],[115.001,-34.016],[114.997,-34.068],[115.004,-34.081],[114.992,-34.102],[115.019,-34.139],[115.03,-34.165],[115.039,-34.201],[115.024,-34.223],[115.033,-34.238],[115.026,-34.257],[115.034,-34.27],[115.05,-34.275],[115.083,-34.306],[115.092,-34.321],[115.112,-34.334],[115.138,-34.37],[115.156,-34.369],[115.168,-34.352],[115.173,-34.322],[115.218,-34.31],[115.263,-34.307],[115.337,-34.315]]]}},{"type":"Feature","properties":{"name":"Fremantle"},"geometry":{"type":"MultiPolygon","coordinates":[[[[115.916,-32.115],[115.891,-32.092],[115.884,-32.075],[115.871,-32.084],[115.849,-32.086],[115.815,-32.069],[115.803,-32.056],[115.78,-32.055],[115.776,-32.026],[115.751,-32.022],[115.741,-32.04],[115.727,-32.053],[115.751,-32.072],[115.75,-32.082],[115.762,-32.106],[115.756,-32.13],[115.775,-32.181],[115.899,-32.18],[115.897,-32.136],[115.916,-32.115]]],[[[115.558,-32.003],[115.54,-31.988],[115.511,-31.988],[115.493,-31.996],[115.477,-32.014],[115.489,-32.019],[115.553,-32.011],[115.558,-32.003]]]]}},{"type":"Feature","properties":{"name":"Hasluck"},"geometry":{"type":"Polygon","coordinates":[[[115.992,-31.918],[116.015,-31.916],[116.028,-31.893],[116.028,-31.871],[116.055,-31.846],[116.066,-31.847],[116.089,-31.832],[116.089,-31.793],[116.094,-31.786],[116.094,-31.742],[115.983,-31.742],[115.971,-31.761],[115.955,-31.767],[115.927,-31.796],[115.915,-31.805],[115.918,-31.867],[115.878,-31.868],[115.889,-31.887],[115.918,-31.889],[115.925,-31.917],[115.937,-31.93],[115.972,-31.916],[115.992,-31.918]]]}},{"type":"Feature","properties":{"name":"Moore"},"geometry":{"type":"Polygon","coordinates":[[[115.801,-31.882],[115.801,-31.858],[115.784,-31.823],[115.821,-31.82],[115.82,-31.805],[115.809,-31.783],[115.788,-31.752],[115.792,-31.743],[115.769,-31.717],[115.719,-31.731],[115.732,-31.776],[115.728,-31.806],[115.748,-31.835],[115.752,-31.873],[115.771,-31.874],[115.801,-31.883],[115.801,-31.882]]]}},{"type":"Feature","properties":{"name":"O'Connor"},"geometry":{"type":"MultiPolygon","coordinates":[[[[115.337,-34.315],[115.37,-34.323],[115.418,-34.342],[115.453,-34.361],[115.486,-34.385],[115.52,-34.397],[115.543,-34.416],[115.559,-34.415],[115.591,-34.43],[115.67,-34.482],[115.71,-34.515],[115.735,-34.532],[115.8,-34.587],[115.868,-34.647],[115.954,-34.728],[115.963,-34.746],[115.96,-34.761],[115.986,-34.787],[116.005,-34.818],[116.002,-34.841],[116.028,-34.837],[116.097,-34.849],[116.134,-34.844],[116.166,-34.851],[116.196,-34.863],[116.228,-34.869],[116.272,-34.885],[116.349,-34.928],[116.376,-34.938],[116.379,-34.945],[116.428,-34.969],[116.479,-35.004],[116.484,-35.016],[116.501,-35.009],[116.533,-35.004],[116.566,-35.018],[116.591,-35.033],[116.606,-35.031],[116.629,-35.046],[116.658,-35.051],[116.688,-35.034],[116.708,-35.029],[116.733,-35.04],[116.74,-35.025],[116.757,-35.016],[116.776,-35.015],[116.814,-35.027],[116.831,-35.043],[116.844,-35.04],[116.859,-35.051],[116.885,-35.048],[116.925,-35.064],[116.934,-35.036],[116.945,-35.026],[116.967,-35.019],[117.012,-35.03],[117.034,-35.025],[117.068,-35.038],[117.082,-35.03],[117.101,-35.033],[117.147,-35.056],[117.162,-35.044],[117.162,-35.03],[117.183,-35.019],[117.205,-35.017],[117.247,-35.029],[117.264,-35.021],[117.285,-35.025],[117.324,-35.044],[117.333,-35.025],[117.362,-35.019],[117.423,-35.045],[117.48,-35.075],[117.493,-35.09],[117.514,-35.075],[117.524,-35.074],[117.56,-35.087],[117.607,-35.116],[117.614,-35.133],[117.635,-35.125],[117.628,-35.112],[117.637,-35.089],[117.651,-35.082],[117.646,-35.06],[117.676,-35.044],[117.708,-35.045],[117.752,-35.051],[117.774,-35.059],[117.832,-35.084],[117.866,-35.109],[117.883,-35.109],[117.892,-35.12],[117.908,-35.114],[117.922,-35.12],[117.954,-35.122],[117.97,-35.112],[117.976,-35.099],[118.006,-35.099],[118.002,-35.088],[117.979,-35.096],[117.939,-35.089],[117.935,-35.065],[117.919,-35.051],[117.923,-35.028],[117.918,-35.017],[117.947,-34.999],[117.972,-35.015],[118,-35.01],[118.01,-35.017],[118.05,-35.015],[118.062,-34.999],[118.102,-34.986],[118.151,-34.991],[118.169,-34.996],[118.177,-35.014],[118.193,-35.024],[118.206,-35.009],[118.201,-35],[118.211,-34.978],[118.183,-34.973],[118.171,-34.964],[118.179,-34.938],[118.207,-34.935],[118.221,-34.921],[118.259,-34.909],[118.3,-34.912],[118.331,-34.897],[118.357,-34.904],[118.391,-34.908],[118.426,-34.897],[118.423,-34.882],[118.397,-34.877],[118.396,-34.844],[118.407,-34.807],[118.425,-34.778],[118.453,-34.75],[118.476,-34.736],[118.52,-34.717],[118.555,-34.705],[118.601,-34.698],[118.621,-34.687],[118.646,-34.691],[118.662,-34.67],[118.701,-34.655],[118.716,-34.657],[118.744,-34.639],[118.755,-34.621],[118.777,-34.608],[118.755,-34.603],[118.746,-34.594],[118.74,-34.574],[118.749,-34.552],[118.762,-34.539],[118.806,-34.512],[118.847,-34.502],[118.903,-34.502],[118.909,-34.489],[118.902,-34.479],[118.908,-34.465],[118.934,-34.455],[118.984,-34.451],[119.033,-34.457],[119.058,-34.464],[119.069,-34.459],[119.134,-34.477],[119.148,-34.493],[119.17,-34.495],[119.18,-34.486],[119.227,-34.503],[119.239,-34.516],[119.222,-34.531],[119.252,-34.533],[119.258,-34.519],[119.285,-34.509],[119.279,-34.476],[119.272,-34.467],[119.285,-34.455],[119.31,-34.446],[119.346,-34.446],[119.366,-34.463],[119.356,-34.474],[119.383,-34.485],[119.384,-34.467],[119.399,-34.46],[119.403,-34.433],[119.391,-34.421],[119.414,-34.374],[119.442,-34.366],[119.453,-34.379],[119.483,-34.375],[119.492,-34.393],[119.48,-34.405],[119.517,-34.41],[119.537,-34.393],[119.57,-34.39],[119.569,-34.377],[119.54,-34.382],[119.529,-34.367],[119.508,-34.359],[119.499,-34.324],[119.504,-34.288],[119.515,-34.256],[119.531,-34.227],[119.554,-34.199],[119.588,-34.171],[119.582,-34.153],[119.598,-34.134],[119.633,-34.109],[119.639,-34.096],[119.669,-34.08],[119.68,-34.081],[119.711,-34.062],[119.733,-34.061],[119.75,-34.041],[119.781,-34.027],[119.805,-33.991],[119.85,-33.97],[119.926,-33.969],[119.946,-33.976],[119.982,-33.955],[119.989,-33.937],[120.011,-33.937],[120.044,-33.923],[120.076,-33.931],[120.113,-33.945],[120.119,-33.952],[120.168,-33.937],[120.231,-33.932],[120.299,-33.941],[120.396,-33.96],[120.431,-33.971],[120.448,-33.963],[120.467,-33.967],[120.53,-33.931],[120.557,-33.925],[120.553,-33.904],[120.562,-33.897],[120.601,-33.886],[120.639,-33.892],[120.649,-33.886],[120.681,-33.886],[120.711,-33.893],[120.778,-33.886],[120.807,-33.889],[120.84,-33.866],[120.869,-33.856],[120.917,-33.866],[120.94,-33.862],[121.009,-33.871],[121.014,-33.861],[121.043,-33.857],[121.073,-33.86],[121.093,-33.849],[121.123,-33.851],[121.159,-33.865],[121.18,-33.866],[121.2,-33.844],[121.218,-33.842],[121.267,-33.85],[121.296,-33.839],[121.299,-33.825],[121.318,-33.821],[121.348,-33.828],[121.361,-33.815],[121.399,-33.819],[121.428,-33.827],[121.439,-33.82],[121.483,-33.828],[121.505,-33.84],[121.532,-33.826],[121.552,-33.829],[121.585,-33.845],[121.633,-33.873],[121.647,-33.887],[121.662,-33.884],[121.678,-33.863],[121.701,-33.862],[121.742,-33.878],[121.775,-33.897],[121.786,-33.908],[121.822,-33.897],[121.836,-33.887],[121.863,-33.887],[121.875,-33.877],[121.887,-33.883],[121.902,-33.873],[121.894,-33.864],[121.903,-33.847],[121.933,-33.834],[121.969,-33.836],[121.988,-33.828],[122.008,-33.832],[122.031,-33.845],[122.057,-33.87],[122.085,-33.903],[122.119,-33.98],[122.11,-33.993],[122.114,-34.017],[122.137,-34.007],[122.144,-34.014],[122.197,-34.007],[122.224,-33.995],[122.249,-34.005],[122.281,-33.99],[122.268,-33.968],[122.288,-33.949],[122.32,-33.931],[122.341,-33.927],[122.359,-33.915],[122.399,-33.912],[122.444,-33.919],[122.507,-33.941],[122.558,-33.937],[122.577,-33.952],[122.59,-33.944],[122.58,-33.919],[122.6,-33.9],[122.627,-33.892],[122.655,-33.889],[122.735,-33.892],[122.767,-33.878],[122.813,-33.889],[122.831,-33.91],[122.867,-33.9],[122.88,-33.901],[122.906,-33.889],[122.943,-33.886],[122.966,-33.889],[123.006,-33.882],[123.017,-33.858],[123.033,-33.857],[123.066,-33.865],[123.103,-33.882],[123.127,-33.898],[123.161,-33.946],[123.158,-33.976],[123.17,-33.986],[123.167,-34.016],[123.216,-33.998],[123.227,-33.989],[123.256,-33.996],[123.275,-33.976],[123.292,-33.974],[123.327,-33.935],[123.33,-33.919],[123.345,-33.913],[123.358,-33.899],[123.412,-33.894],[123.456,-33.901],[123.487,-33.911],[123.508,-33.923],[123.512,-33.943],[123.547,-33.935],[123.557,-33.923],[123.561,-33.903],[123.573,-33.888],[123.59,-33.881],[123.633,-33.88],[123.656,-33.847],[123.692,-33.832],[123.717,-33.813],[123.744,-33.808],[123.756,-33.793],[123.747,-33.774],[123.757,-33.723],[123.774,-33.698],[123.81,-33.665],[123.853,-33.64],[123.872,-33.634],[123.868,-33.608],[123.893,-33.591],[123.929,-33.587],[123.936,-33.577],[123.962,-33.57],[123.98,-33.55],[123.987,-33.479],[123.999,-33.424],[124.017,-33.377],[124.034,-33.339],[124.053,-33.307],[124.082,-33.242],[124.089,-33.21],[124.101,-33.176],[124.123,-33.135],[124.169,-33.08],[124.236,-33.02],[124.305,-32.981],[124.354,-32.96],[124.394,-32.949],[124.458,-32.936],[124.536,-32.927],[124.617,-32.919],[124.686,-32.91],[124.749,-32.899],[124.779,-32.884],[124.82,-32.87],[124.844,-32.855],[124.877,-32.843],[124.9,-32.829],[124.907,-32.815],[124.928,-32.794],[124.958,-32.775],[124.987,-32.766],[125.006,-32.754],[125.026,-32.729],[125.102,-32.715],[125.123,-32.701],[125.176,-32.672],[125.208,-32.658],[125.24,-32.639],[125.252,-32.636],[125.294,-32.616],[125.368,-32.592],[125.419,-32.588],[125.473,-32.57],[125.482,-32.561],[125.532,-32.549],[125.557,-32.536],[125.615,-32.49],[125.643,-32.475],[125.679,-32.444],[125.701,-32.433],[125.743,-32.403],[125.752,-32.4],[125.801,-32.367],[125.858,-32.34],[125.869,-32.338],[125.899,-32.317],[125.951,-32.291],[125.979,-32.282],[126.025,-32.275],[126.037,-32.269],[126.074,-32.277],[126.114,-32.265],[126.154,-32.241],[126.17,-32.235],[126.203,-32.232],[126.229,-32.236],[126.276,-32.25],[126.344,-32.262],[126.4,-32.28],[126.457,-32.288],[126.556,-32.3],[126.596,-32.301],[126.673,-32.308],[126.731,-32.306],[126.773,-32.292],[126.801,-32.292],[126.847,-32.298],[126.946,-32.298],[126.995,-32.291],[127.042,-32.288],[127.057,-32.284],[127.107,-32.282],[127.169,-32.276],[127.213,-32.276],[127.238,-32.27],[127.326,-32.257],[127.345,-32.248],[127.397,-32.235],[127.413,-32.234],[127.482,-32.217],[127.519,-32.214],[127.549,-32.191],[127.585,-32.175],[127.62,-32.167],[127.64,-32.156],[127.692,-32.143],[127.706,-32.137],[127.789,-32.119],[127.798,-32.119],[127.879,-32.102],[127.903,-32.101],[127.94,-32.09],[127.968,-32.086],[128.054,-32.065],[128.146,-32.031],[128.213,-32.011],[128.254,-31.997],[128.281,-31.991],[128.411,-31.938],[128.436,-31.935],[128.466,-31.919],[128.53,-31.892],[128.543,-31.882],[128.59,-31.872],[128.597,-31.863],[128.642,-31.851],[128.661,-31.834],[128.682,-31.826],[128.707,-31.809],[128.755,-31.787],[128.79,-31.769],[128.803,-31.758],[128.852,-31.739],[128.896,-31.717],[128.963,-31.694],[129.001,-31.687],[129.002,-31.361],[129.002,-30.764],[129.002,-30.305],[129.002,-29.033],[129.002,-28.116],[129.002,-26.745],[129.002,-26.39],[129.002,-26.177],[129.002,-25.999],[129.001,-25.999],[129.001,-25.661],[129.001,-24.137],[129.001,-23.822],[129.001,-23.44],[128.484,-23.441],[127.816,-23.44],[126.001,-23.449],[125.489,-23.446],[125.039,-23.444],[124.668,-23.44],[124.36,-23.442],[124.121,-23.443],[123.793,-23.444],[123.559,-23.444],[123.222,-23.444],[122.997,-23.443],[122.635,-23.441],[122.484,-23.44],[122.253,-23.441],[122.014,-23.441],[121.842,-23.441],[121.505,-23.44],[121.296,-23.441],[121.005,-23.44],[121.005,-23.728],[120.671,-23.728],[120.612,-23.805],[120.61,-23.812],[120.542,-23.849],[120.524,-23.853],[120.513,-23.848],[120.493,-23.866],[120.436,-23.954],[120.41,-24.017],[120.365,-24.072],[120.321,-24.109],[120.295,-24.143],[120.288,-24.159],[120.242,-24.222],[120.22,-24.246],[120.213,-24.286],[120.183,-24.331],[120.158,-24.344],[120.132,-24.371],[120.111,-24.456],[120.078,-24.476],[120.067,-24.493],[120.077,-24.502],[120.082,-24.526],[120.092,-24.54],[120.085,-24.553],[120.077,-24.596],[120.07,-24.609],[120.043,-24.707],[120.056,-24.734],[120.055,-24.845],[120.088,-24.916],[120.105,-24.94],[120.115,-24.998],[120.19,-25.142],[120.199,-25.163],[120.202,-25.192],[120.177,-25.201],[120.137,-25.232],[120.085,-25.339],[120.088,-25.527],[120.086,-25.552],[120.092,-25.561],[120.099,-25.622],[120.107,-25.632],[120.107,-25.66],[120.112,-25.726],[120.119,-25.754],[120.008,-26.027],[119.977,-26.061],[119.961,-26.086],[119.941,-26.141],[119.934,-26.149],[119.922,-26.188],[119.894,-26.214],[119.883,-26.241],[119.867,-26.257],[119.805,-26.382],[119.805,-26.44],[119.75,-26.469],[119.738,-26.481],[119.614,-26.553],[119.602,-26.571],[119.583,-26.578],[119.577,-26.606],[119.528,-26.644],[119.502,-26.681],[119.486,-26.722],[119.448,-26.769],[119.411,-26.785],[119.34,-26.864],[119.332,-26.899],[119.288,-27.009],[119.273,-27.015],[119.237,-27.063],[119.201,-27.169],[119.204,-27.181],[119.197,-27.202],[119.201,-27.231],[119.333,-27.242],[119.585,-27.242],[119.585,-27.29],[120.058,-27.29],[120.058,-27.502],[120.075,-27.502],[120.075,-27.613],[120.158,-27.613],[120.157,-27.743],[120.154,-28.048],[120.196,-28.047],[120.196,-28.291],[120.045,-28.291],[120.045,-28.464],[119.803,-28.464],[119.803,-28.848],[119.776,-28.848],[119.776,-28.915],[119.663,-29.113],[119.344,-29.111],[119.201,-29.291],[119.058,-29.292],[118.72,-29.292],[118.72,-29.107],[118.436,-29.105],[118.436,-29.279],[118.508,-29.637],[118.508,-29.833],[118.508,-30.029],[118.508,-30.203],[118.657,-30.466],[118.751,-30.633],[118.751,-30.691],[118.755,-30.721],[118.773,-30.721],[118.773,-30.758],[118.785,-30.77],[118.785,-30.812],[118.825,-30.812],[118.825,-30.818],[118.86,-30.817],[118.917,-30.847],[118.928,-30.863],[118.93,-30.885],[118.944,-30.895],[118.957,-30.926],[118.946,-30.934],[118.92,-30.934],[118.918,-30.968],[118.891,-30.962],[118.863,-30.962],[118.863,-31.007],[118.874,-31.021],[118.87,-31.075],[118.844,-31.075],[118.849,-31.121],[118.824,-31.121],[118.824,-31.149],[118.811,-31.149],[118.81,-31.218],[118.772,-31.218],[118.772,-31.244],[118.759,-31.244],[118.739,-31.259],[118.74,-31.328],[118.763,-31.328],[118.763,-31.353],[118.74,-31.353],[118.74,-31.407],[118.737,-31.422],[118.737,-31.482],[118.741,-31.482],[118.741,-31.555],[118.755,-31.555],[118.755,-31.618],[118.804,-31.618],[118.804,-31.696],[118.739,-31.696],[118.79,-31.758],[118.734,-31.758],[118.708,-31.774],[118.708,-31.783],[118.67,-31.78],[118.378,-31.781],[118.378,-31.696],[118.236,-31.696],[118.166,-31.71],[118.165,-31.703],[118.113,-31.713],[118.115,-31.72],[118.053,-31.72],[118.027,-31.715],[118.019,-31.701],[117.992,-31.709],[117.992,-31.829],[117.879,-31.829],[117.879,-31.812],[117.794,-31.811],[117.788,-31.816],[117.747,-31.817],[117.723,-31.81],[117.682,-31.823],[117.649,-31.814],[117.61,-31.819],[117.598,-31.825],[117.55,-31.83],[117.539,-31.841],[117.485,-31.839],[117.485,-31.829],[117.445,-31.821],[117.428,-31.821],[117.428,-31.808],[117.389,-31.805],[117.391,-31.814],[117.327,-31.842],[117.289,-31.856],[117.272,-31.85],[117.256,-31.832],[117.228,-31.818],[117.229,-31.795],[117.185,-31.795],[117.134,-31.817],[117.158,-31.857],[117.136,-31.863],[117.141,-31.872],[117.111,-31.885],[117.126,-31.891],[117.142,-31.911],[117.096,-31.931],[117.105,-31.945],[117.088,-31.96],[117.1,-31.982],[117.119,-31.986],[117.144,-31.982],[117.195,-32.007],[117.216,-32.036],[117.227,-32.039],[117.238,-32.068],[117.231,-32.073],[117.225,-32.12],[117.239,-32.119],[117.238,-32.165],[117.247,-32.179],[117.239,-32.198],[117.24,-32.232],[117.234,-32.24],[117.202,-32.24],[117.191,-32.257],[117.095,-32.26],[117.069,-32.27],[117.063,-32.26],[117.04,-32.261],[117.014,-32.273],[117.009,-32.263],[116.989,-32.258],[116.834,-32.258],[116.819,-32.294],[116.798,-32.301],[116.778,-32.318],[116.784,-32.333],[116.76,-32.333],[116.725,-32.348],[116.69,-32.349],[116.666,-32.357],[116.625,-32.353],[116.615,-32.358],[116.384,-32.357],[116.384,-32.236],[116.225,-32.236],[116.19,-32.287],[116.225,-32.343],[116.231,-32.356],[116.26,-32.39],[116.26,-32.675],[116.206,-32.675],[116.206,-32.755],[116.226,-32.756],[116.226,-32.792],[116.188,-32.782],[116.178,-32.803],[116.18,-32.943],[116.188,-32.962],[116.2,-32.967],[116.209,-32.984],[116.209,-33.085],[116.147,-33.085],[116.147,-33.224],[116.145,-33.232],[116.009,-33.232],[116.031,-33.213],[116.031,-33.191],[116.01,-33.19],[116.013,-33.204],[115.993,-33.214],[115.982,-33.211],[115.962,-33.222],[115.946,-33.223],[115.947,-33.29],[115.919,-33.29],[115.919,-33.379],[115.968,-33.402],[116.006,-33.407],[116.017,-33.385],[116.002,-33.367],[116.023,-33.361],[116.023,-33.505],[115.974,-33.507],[115.974,-33.489],[115.95,-33.489],[115.948,-33.5],[115.929,-33.505],[115.867,-33.505],[115.869,-33.52],[115.834,-33.514],[115.815,-33.542],[115.777,-33.54],[115.777,-33.521],[115.755,-33.521],[115.759,-33.533],[115.73,-33.533],[115.728,-33.547],[115.728,-33.646],[115.732,-33.663],[115.732,-33.692],[115.75,-33.693],[115.767,-33.701],[115.767,-33.76],[115.763,-33.797],[115.736,-33.797],[115.736,-33.812],[115.67,-33.812],[115.646,-33.824],[115.542,-33.906],[115.536,-33.914],[115.42,-33.92],[115.415,-33.977],[115.39,-34],[115.398,-34.042],[115.404,-34.049],[115.392,-34.078],[115.403,-34.093],[115.402,-34.156],[115.337,-34.16],[115.337,-34.315]]],[[[123.217,-34.09],[123.174,-34.09],[123.157,-34.11],[123.202,-34.108],[123.217,-34.09]]],[[[118.487,-34.922],[118.457,-34.905],[118.439,-34.908],[118.463,-34.933],[118.477,-34.937],[118.487,-34.922]]],[[[122.261,-34.124],[122.238,-34.12],[122.235,-34.159],[122.246,-34.161],[122.253,-34.128],[122.261,-34.124]]]]}},{"type":"Feature","properties":{"name":"Pearce"},"geometry":{"type":"Polygon","coordinates":[[[115.983,-31.742],[115.957,-31.742],[115.955,-31.683],[115.912,-31.663],[115.905,-31.653],[115.889,-31.653],[115.883,-31.628],[115.861,-31.627],[115.862,-31.573],[115.855,-31.573],[115.855,-31.475],[115.678,-31.477],[115.67,-31.455],[115.561,-31.455],[115.576,-31.477],[115.58,-31.496],[115.604,-31.52],[115.608,-31.532],[115.637,-31.569],[115.664,-31.623],[115.686,-31.654],[115.691,-31.676],[115.719,-31.731],[115.769,-31.717],[115.792,-31.743],[115.788,-31.752],[115.809,-31.783],[115.85,-31.79],[115.862,-31.796],[115.927,-31.796],[115.955,-31.767],[115.971,-31.761],[115.983,-31.742]]]}},{"type":"Feature","properties":{"name":"Perth"},"geometry":{"type":"Polygon","coordinates":[[[115.937,-31.93],[115.925,-31.917],[115.918,-31.889],[115.889,-31.887],[115.881,-31.89],[115.816,-31.89],[115.801,-31.882],[115.801,-31.883],[115.805,-31.894],[115.821,-31.902],[115.825,-31.921],[115.844,-31.941],[115.82,-31.963],[115.838,-31.991],[115.843,-31.965],[115.876,-31.97],[115.888,-31.963],[115.883,-31.948],[115.913,-31.951],[115.915,-31.933],[115.937,-31.93]]]}},{"type":"Feature","properties":{"name":"Swan"},"geometry":{"type":"Polygon","coordinates":[[[115.974,-32.004],[115.995,-31.928],[115.992,-31.918],[115.972,-31.916],[115.937,-31.93],[115.915,-31.933],[115.913,-31.951],[115.883,-31.948],[115.888,-31.963],[115.876,-31.97],[115.843,-31.965],[115.838,-31.991],[115.848,-31.998],[115.857,-32.026],[115.864,-32.034],[115.894,-32.019],[115.915,-32.032],[115.931,-32.054],[115.957,-32.038],[115.972,-32.025],[115.974,-32.004]]]}},{"type":"Feature","properties":{"name":"Tangney"},"geometry":{"type":"Polygon","coordinates":[[[115.916,-32.115],[115.952,-32.083],[115.931,-32.054],[115.915,-32.032],[115.894,-32.019],[115.864,-32.034],[115.857,-32.026],[115.848,-31.998],[115.838,-31.991],[115.823,-32.001],[115.818,-32.014],[115.787,-32.007],[115.776,-32.026],[115.78,-32.055],[115.803,-32.056],[115.815,-32.069],[115.849,-32.086],[115.871,-32.084],[115.884,-32.075],[115.891,-32.092],[115.916,-32.115]]]}}]}