{"type":"FeatureCollection","features":[{"type":"Feature","properties":{"name":"Edmonton Manning"},"geometry":{"type":"Polygon","coordinates":[[[-113.293,53.673],[-113.295,53.716],[-113.43,53.716],[-113.431,53.651],[-113.491,53.651],[-113.517,53.614],[-113.443,53.616],[-113.443,53.584],[-113.372,53.57],[-113.295,53.57],[-113.293,53.673]]]}},{"type":"Feature","properties":{"name":"Hastings--Lennox and Addington"},"geometry":{"type":"MultiPolygon","coordinates":[[[[-76.642,44.192],[-76.804,44.14],[-76.769,44.107],[-76.702,44.116],[-76.652,44.161],[-76.642,44.192]]],[[[-77.137,45.099],[-77.216,45.237],[-77.544,45.144],[-77.636,45.312],[-77.691,45.438],[-78.178,45.31],[-77.961,44.911],[-77.884,44.77],[-77.829,44.631],[-77.727,44.436],[-77.646,44.272],[-77.473,44.314],[-77.412,44.189],[-77.293,44.221],[-77.251,44.177],[-77.191,44.157],[-77.086,44.177],[-77.039,44.177],[-77.068,44.106],[-77.032,44.062],[-76.97,44.064],[-76.928,44.105],[-76.726,44.203],[-76.628,44.225],[-76.667,44.285],[-76.825,44.507],[-76.925,44.638],[-77.032,44.612],[-77.118,44.777],[-77.168,44.764],[-77.221,44.92],[-77.066,44.963],[-77.137,45.099]]]]}},{"type":"Feature","properties":{"name":"York Centre"},"geometry":{"type":"Polygon","coordinates":[[[-79.411,43.752],[-79.446,43.792],[-79.494,43.782],[-79.508,43.718],[-79.473,43.725],[-79.411,43.752]]]}},{"type":"Feature","properties":{"name":"Grande Prairie--Mackenzie"},"geometry":{"type":"Polygon","coordinates":[[[-114,58.765],[-114,59.475],[-115.044,59.474],[-115.556,59.476],[-115.553,59.648],[-115.569,59.649],[-115.567,60],[-116.5,60],[-117,60],[-118,60],[-118.75,60],[-119.5,60],[-120,60],[-120,58.734],[-120,58.149],[-120,57.514],[-120,57.25],[-120,56.771],[-120.001,56.249],[-120,55.778],[-120,55.119],[-120,54.587],[-119.537,54.588],[-118.674,54.588],[-118.206,54.59],[-117.986,54.587],[-117.51,54.589],[-117.51,55.031],[-117.363,55.031],[-117.36,55.375],[-117.539,55.375],[-117.539,55.462],[-117.571,55.462],[-117.569,55.67],[-117.649,55.609],[-117.719,55.599],[-117.702,55.563],[-117.827,55.549],[-117.949,55.557],[-117.985,55.582],[-118.071,55.549],[-118.146,55.545],[-118.259,55.563],[-118.31,55.528],[-118.363,55.527],[-118.361,55.461],[-118.621,55.461],[-118.621,55.723],[-118.466,55.723],[-118.471,55.898],[-118.627,55.898],[-118.628,55.923],[-118.787,55.946],[-118.829,56.021],[-118.911,56.042],[-118.888,56.095],[-118.903,56.13],[-118.784,56.131],[-118.784,56.16],[-118,56.16],[-118,56.247],[-117.321,56.248],[-117.278,56.269],[-117.247,56.338],[-117.165,56.372],[-117.16,56.408],[-117.096,56.481],[-117.08,56.577],[-117.148,56.598],[-117.123,56.648],[-117.234,56.697],[-117.274,56.809],[-117.305,56.855],[-117.242,56.899],[-117.224,56.948],[-117.211,57.058],[-117.257,57.12],[-117.14,57.134],[-117.092,57.163],[-117.075,57.283],[-117.151,57.294],[-117.13,57.346],[-117.073,57.415],[-117.026,57.441],[-117.03,57.475],[-117.114,57.498],[-117.11,57.52],[-116.95,57.532],[-116.914,57.563],[-116.951,57.592],[-117.027,57.592],[-117.096,57.624],[-117.044,57.676],[-117.055,57.702],[-117.018,57.78],[-117.097,57.786],[-117.02,57.852],[-117.144,57.935],[-117.092,58.035],[-116.975,58.054],[-117.05,58.08],[-117.075,58.428],[-116.846,58.43],[-116.847,58.472],[-116.961,58.471],[-116.972,58.515],[-116.983,58.754],[-115.862,58.767],[-114,58.765]]]}},{"type":"Feature","properties":{"name":"Charlottetown"},"geometry":{"type":"Polygon","coordinates":[[[-63.082,46.271],[-63.101,46.301],[-63.196,46.276],[-63.142,46.227],[-63.082,46.271]]]}},{"type":"Feature","properties":{"name":"South Shore--St. Margarets"},"geometry":{"type":"MultiPolygon","coordinates":[[[[-65.606,43.514],[-65.651,43.448],[-65.595,43.434],[-65.559,43.476],[-65.606,43.514]]],[[[-63.866,44.796],[-64.237,44.761],[-64.432,44.899],[-64.529,44.841],[-64.983,44.51],[-65.062,44.455],[-65.152,44.461],[-65.18,44.422],[-65.332,44.312],[-65.398,44.229],[-65.557,43.921],[-65.569,43.922],[-65.649,43.747],[-65.611,43.64],[-65.724,43.601],[-65.78,43.596],[-65.779,43.553],[-65.734,43.547],[-65.728,43.49],[-65.63,43.511],[-65.595,43.559],[-65.555,43.551],[-65.546,43.513],[-65.491,43.488],[-65.447,43.534],[-65.386,43.549],[-65.333,43.611],[-65.324,43.691],[-65.259,43.658],[-65.225,43.724],[-65.187,43.71],[-65.076,43.697],[-64.987,43.747],[-64.924,43.795],[-64.887,43.797],[-64.88,43.843],[-64.836,43.832],[-64.791,43.893],[-64.847,43.918],[-64.797,43.949],[-64.661,43.99],[-64.655,44.04],[-64.621,44.069],[-64.568,44.067],[-64.545,44.121],[-64.48,44.153],[-64.402,44.251],[-64.281,44.261],[-64.296,44.316],[-64.334,44.334],[-64.307,44.526],[-64.213,44.538],[-64.21,44.575],[-64.154,44.573],[-64.117,44.54],[-64.113,44.478],[-64.008,44.521],[-64.058,44.615],[-63.994,44.654],[-63.928,44.665],[-63.94,44.604],[-63.938,44.506],[-63.893,44.489],[-63.848,44.522],[-63.818,44.484],[-63.741,44.467],[-63.672,44.467],[-63.642,44.496],[-63.678,44.575],[-63.665,44.635],[-63.7,44.629],[-63.851,44.701],[-63.877,44.778],[-63.866,44.796]]]]}},{"type":"Feature","properties":{"name":"Dufferin--Caledon"},"geometry":{"type":"Polygon","coordinates":[[[-79.776,43.99],[-79.951,43.951],[-80.034,44.295],[-80.229,44.253],[-80.411,44.215],[-80.361,44.167],[-80.398,44.135],[-80.375,44.039],[-80.438,44.026],[-80.399,43.856],[-80.388,43.858],[-80.251,43.761],[-80.14,43.862],[-79.889,43.675],[-79.83,43.729],[-79.782,43.772],[-79.695,43.848],[-79.776,43.99]]]}},{"type":"Feature","properties":{"name":"Bourassa"},"geometry":{"type":"Polygon","coordinates":[[[-73.645,45.565],[-73.603,45.611],[-73.621,45.63],[-73.665,45.575],[-73.645,45.565]]]}},{"type":"Feature","properties":{"name":"Red Deer--Lacombe"},"geometry":{"type":"Polygon","coordinates":[[[-113.088,52.756],[-113.229,52.756],[-113.308,52.786],[-113.294,52.843],[-113.414,52.843],[-113.414,52.931],[-113.498,52.931],[-113.498,52.902],[-113.631,52.916],[-113.632,52.843],[-114.05,52.843],[-114.063,52.865],[-114.147,52.888],[-114.534,52.887],[-114.533,52.844],[-114.582,52.844],[-114.583,52.713],[-114.656,52.713],[-114.649,52.595],[-114.506,52.581],[-114.466,52.567],[-114.465,52.509],[-114.529,52.509],[-114.53,52.449],[-114.457,52.377],[-114.458,52.319],[-114.43,52.275],[-114.335,52.276],[-114.326,52.314],[-114.266,52.319],[-114.112,52.282],[-113.894,52.282],[-113.824,52.27],[-113.612,52.274],[-113.456,52.235],[-113.278,52.25],[-113.254,52.297],[-113.216,52.315],[-113.093,52.318],[-113.076,52.376],[-112.931,52.488],[-113,52.55],[-113.076,52.579],[-113.148,52.579],[-113.148,52.623],[-113.052,52.623],[-113.052,52.723],[-113.088,52.756]]]}},{"type":"Feature","properties":{"name":"North Island--Powell River"},"geometry":{"type":"MultiPolygon","coordinates":[[[[-125.131,50.422],[-125.143,50.367],[-125.084,50.381],[-125.131,50.422]]],[[[-126.677,50.592],[-126.637,50.552],[-126.53,50.558],[-126.521,50.579],[-126.677,50.592]]],[[[-127.981,50.92],[-127.874,50.889],[-127.841,50.932],[-127.902,50.945],[-127.981,50.92]]],[[[-127.596,51.304],[-127.583,51.27],[-127.495,51.274],[-127.474,51.301],[-127.596,51.304]]],[[[-126.86,50.882],[-126.887,50.84],[-126.814,50.839],[-126.734,50.863],[-126.806,50.891],[-126.86,50.882]]],[[[-126.559,50.61],[-126.489,50.575],[-126.401,50.595],[-126.344,50.628],[-126.462,50.63],[-126.559,50.61]]],[[[-125.101,50.25],[-125.092,50.292],[-125.155,50.323],[-125.21,50.299],[-125.173,50.249],[-125.101,50.25]]],[[[-125.101,50.25],[-125.153,50.143],[-125.128,50.128],[-125.033,50.208],[-125.054,50.26],[-125.101,50.25]]],[[[-127.834,50.89],[-127.833,50.874],[-127.67,50.836],[-127.659,50.87],[-127.724,50.916],[-127.834,50.89]]],[[[-127.692,52],[-127.9,52.001],[-127.888,51.962],[-127.844,51.938],[-127.744,51.969],[-127.692,52]]],[[[-125.966,50.442],[-125.919,50.415],[-125.823,50.408],[-125.734,50.426],[-125.802,50.473],[-125.966,50.442]]],[[[-125.785,50.401],[-125.744,50.377],[-125.596,50.385],[-125.499,50.407],[-125.521,50.446],[-125.6,50.437],[-125.657,50.413],[-125.785,50.401]]],[[[-127.104,50.673],[-127.132,50.629],[-127.029,50.638],[-126.887,50.62],[-126.87,50.656],[-127.026,50.657],[-127.104,50.673]]],[[[-124.741,50.308],[-124.784,50.286],[-124.814,50.234],[-124.755,50.21],[-124.71,50.162],[-124.67,50.184],[-124.643,50.234],[-124.66,50.269],[-124.741,50.308]]],[[[-125.487,50.429],[-125.509,50.371],[-125.452,50.348],[-125.388,50.365],[-125.323,50.443],[-125.393,50.46],[-125.487,50.429]]],[[[-125,50.239],[-124.984,50.174],[-125.057,50.128],[-125.036,50.096],[-124.981,50.1],[-124.994,50.016],[-124.926,50.064],[-124.896,50.141],[-125,50.239]]],[[[-126.919,50.833],[-126.836,50.778],[-126.775,50.768],[-126.664,50.79],[-126.538,50.782],[-126.572,50.826],[-126.639,50.839],[-126.77,50.843],[-126.812,50.837],[-126.919,50.833]]],[[[-126.678,50.55],[-126.609,50.524],[-126.421,50.514],[-126.319,50.524],[-126.221,50.547],[-126.241,50.58],[-126.318,50.592],[-126.397,50.587],[-126.471,50.559],[-126.585,50.546],[-126.678,50.55]]],[[[-125.282,50.445],[-125.335,50.38],[-125.406,50.337],[-125.407,50.308],[-125.242,50.318],[-125.221,50.299],[-125.133,50.335],[-125.181,50.389],[-125.282,50.445]]],[[[-124.919,50.305],[-124.981,50.248],[-124.941,50.202],[-124.882,50.167],[-124.862,50.124],[-124.81,50.114],[-124.751,50.159],[-124.763,50.191],[-124.818,50.214],[-124.855,50.286],[-124.919,50.305]]],[[[-125.381,50.279],[-125.349,50.199],[-125.352,50.143],[-125.259,50.092],[-125.197,50.023],[-125.177,50.082],[-125.217,50.103],[-125.141,50.202],[-125.164,50.232],[-125.24,50.273],[-125.252,50.309],[-125.381,50.279]]],[[[-124.633,49.8],[-124.62,49.722],[-124.521,49.691],[-124.439,49.64],[-124.436,49.62],[-124.298,49.566],[-124.141,49.489],[-124.148,49.537],[-124.258,49.609],[-124.356,49.708],[-124.499,49.737],[-124.633,49.8]]],[[[-126.418,50.808],[-126.51,50.745],[-126.546,50.742],[-126.603,50.7],[-126.595,50.656],[-126.491,50.638],[-126.415,50.66],[-126.325,50.645],[-126.268,50.655],[-126.258,50.699],[-126.156,50.756],[-126.213,50.77],[-126.229,50.822],[-126.344,50.825],[-126.418,50.808]]],[[[-126.959,49.837],[-126.913,49.788],[-126.934,49.719],[-126.901,49.678],[-126.84,49.657],[-126.826,49.618],[-126.717,49.604],[-126.671,49.581],[-126.614,49.597],[-126.618,49.677],[-126.65,49.724],[-126.633,49.748],[-126.671,49.856],[-126.748,49.853],[-126.806,49.881],[-126.924,49.83],[-126.959,49.837]]],[[[-124.976,49.68],[-124.898,49.669],[-124.86,49.701],[-125.113,49.861],[-125.184,49.915],[-125.246,50.039],[-125.359,50.132],[-125.397,50.246],[-125.443,50.321],[-125.58,50.368],[-125.721,50.357],[-125.827,50.385],[-125.945,50.391],[-126.086,50.449],[-126.36,50.483],[-126.434,50.477],[-126.539,50.489],[-126.588,50.481],[-126.661,50.51],[-126.83,50.55],[-126.968,50.56],[-126.98,50.58],[-127.122,50.589],[-127.193,50.61],[-127.258,50.646],[-127.483,50.716],[-127.491,50.761],[-127.669,50.815],[-127.867,50.854],[-127.906,50.875],[-128.009,50.859],[-128.068,50.87],[-128.125,50.841],[-128.211,50.834],[-128.249,50.803],[-128.328,50.806],[-128.403,50.777],[-128.409,50.742],[-128.31,50.665],[-128.303,50.609],[-128.24,50.591],[-128.207,50.529],[-128.177,50.523],[-128.059,50.452],[-127.842,50.507],[-127.798,50.492],[-127.663,50.533],[-127.571,50.534],[-127.583,50.49],[-127.685,50.491],[-127.81,50.457],[-127.891,50.454],[-127.99,50.345],[-127.95,50.319],[-127.874,50.344],[-127.857,50.287],[-127.787,50.223],[-127.838,50.169],[-127.918,50.131],[-127.915,50.113],[-127.808,50.08],[-127.631,50.163],[-127.62,50.118],[-127.516,50.133],[-127.436,50.044],[-127.328,50.031],[-127.266,50.114],[-127.23,50.118],[-127.174,50.073],[-127.173,50.003],[-127.238,49.963],[-127.168,49.871],[-127.014,49.85],[-126.826,49.881],[-126.781,49.899],[-126.753,49.874],[-126.654,49.871],[-126.651,49.809],[-126.614,49.721],[-126.586,49.694],[-126.5,49.686],[-126.402,49.639],[-126.484,49.623],[-126.565,49.58],[-126.559,49.541],[-126.507,49.54],[-126.434,49.578],[-126.383,49.561],[-126.318,49.604],[-126.249,49.555],[-125.97,49.585],[-125.889,49.547],[-125.785,49.54],[-125.756,49.514],[-125.635,49.511],[-125.5,49.478],[-125.469,49.528],[-125.38,49.548],[-125.427,49.643],[-125.234,49.491],[-125.167,49.492],[-125.118,49.532],[-125.11,49.608],[-125.089,49.655],[-125.01,49.651],[-124.976,49.68]]],[[[-126.698,52.004],[-127.498,52.004],[-127.652,52],[-127.704,51.941],[-127.747,51.951],[-127.882,51.897],[-127.862,51.866],[-127.896,51.82],[-127.873,51.757],[-127.891,51.715],[-127.877,51.67],[-127.824,51.638],[-127.796,51.596],[-127.797,51.529],[-127.662,51.517],[-127.595,51.566],[-127.548,51.638],[-127.452,51.671],[-127.385,51.656],[-127.508,51.62],[-127.521,51.513],[-127.634,51.43],[-127.655,51.395],[-127.72,51.401],[-127.791,51.359],[-127.775,51.32],[-127.689,51.337],[-127.525,51.342],[-127.494,51.315],[-127.356,51.309],[-127.423,51.272],[-127.581,51.262],[-127.602,51.284],[-127.767,51.248],[-127.778,51.187],[-127.722,51.135],[-127.68,51.131],[-127.657,51.087],[-127.537,51.116],[-127.34,51.038],[-127.311,51.059],[-127.156,51.053],[-127.016,51.084],[-127.017,51.06],[-127.142,51.038],[-127.303,51.044],[-127.324,51.034],[-127.409,51.045],[-127.409,51.058],[-127.507,51.093],[-127.523,51.043],[-127.512,50.993],[-127.407,50.926],[-127.336,50.905],[-127.271,50.913],[-127.197,50.876],[-127.02,50.817],[-126.944,50.85],[-126.868,50.943],[-126.812,50.953],[-126.722,50.874],[-126.626,50.886],[-126.484,50.962],[-126.391,50.932],[-126.187,50.927],[-126.2,50.905],[-126.473,50.926],[-126.549,50.898],[-126.566,50.833],[-126.476,50.814],[-126.328,50.851],[-126.216,50.832],[-126.187,50.782],[-126.111,50.755],[-126.193,50.713],[-126.182,50.668],[-126.123,50.671],[-126.022,50.696],[-125.958,50.685],[-125.711,50.717],[-125.72,50.744],[-125.652,50.809],[-125.682,50.818],[-125.685,50.875],[-125.545,50.937],[-125.592,50.966],[-125.591,51.036],[-125.634,51.067],[-125.587,51.095],[-125.543,51.057],[-125.537,50.976],[-125.504,50.932],[-125.554,50.867],[-125.613,50.874],[-125.647,50.852],[-125.591,50.796],[-125.616,50.759],[-125.663,50.752],[-125.695,50.692],[-125.833,50.682],[-125.885,50.664],[-126.003,50.668],[-126.115,50.643],[-126.182,50.647],[-126.275,50.63],[-126.24,50.584],[-126.19,50.58],[-125.975,50.642],[-125.947,50.628],[-126.19,50.569],[-126.195,50.535],[-126.271,50.508],[-126.132,50.483],[-125.93,50.471],[-125.816,50.501],[-125.704,50.422],[-125.617,50.45],[-125.516,50.453],[-125.475,50.443],[-125.347,50.478],[-125.259,50.458],[-125.168,50.409],[-125.098,50.445],[-125.101,50.501],[-124.991,50.54],[-124.989,50.569],[-124.93,50.589],[-124.898,50.636],[-124.929,50.672],[-124.89,50.732],[-124.947,50.754],[-124.971,50.822],[-124.912,50.837],[-124.882,50.886],[-124.825,50.931],[-124.793,50.891],[-124.838,50.872],[-124.864,50.823],[-124.915,50.803],[-124.895,50.769],[-124.832,50.733],[-124.863,50.69],[-124.875,50.625],[-124.861,50.599],[-124.968,50.502],[-125.05,50.481],[-125.066,50.41],[-125.055,50.315],[-124.998,50.345],[-124.836,50.31],[-124.805,50.316],[-124.712,50.373],[-124.662,50.437],[-124.612,50.419],[-124.412,50.467],[-124.418,50.438],[-124.508,50.417],[-124.523,50.397],[-124.636,50.4],[-124.668,50.388],[-124.715,50.322],[-124.633,50.293],[-124.612,50.187],[-124.727,50.086],[-124.838,50.052],[-124.752,49.964],[-124.556,49.872],[-124.527,49.804],[-124.397,49.766],[-124.131,49.782],[-124.04,49.929],[-124.068,50.001],[-124.113,50.018],[-124.151,50.061],[-124.137,50.136],[-124.069,50.151],[-124.092,50.194],[-124.154,50.219],[-124.169,50.27],[-124.16,50.333],[-124.076,50.366],[-124.041,50.346],[-123.962,50.339],[-123.91,50.359],[-123.951,50.422],[-123.936,50.451],[-123.996,50.474],[-123.983,50.514],[-123.925,50.531],[-123.744,50.538],[-123.761,50.634],[-123.728,50.695],[-123.867,50.748],[-123.801,50.797],[-123.795,50.834],[-123.73,50.843],[-123.758,50.883],[-123.882,50.949],[-123.937,50.936],[-123.996,50.963],[-124.06,50.959],[-124.087,51.01],[-124.155,51.037],[-124.185,51.135],[-124.245,51.149],[-124.351,51.147],[-124.402,51.188],[-124.434,51.148],[-124.581,51.181],[-124.762,51.238],[-124.8,51.305],[-124.888,51.33],[-124.965,51.328],[-125.009,51.35],[-125.131,51.364],[-125.177,51.399],[-125.251,51.394],[-125.339,51.409],[-125.327,51.454],[-125.29,51.476],[-125.238,51.572],[-125.292,51.609],[-125.233,51.64],[-125.255,51.765],[-125.379,51.789],[-125.428,51.842],[-125.501,51.878],[-125.487,51.916],[-125.575,51.913],[-125.612,51.903],[-125.679,51.943],[-125.721,52.008],[-125.778,52.001],[-126.672,52.005],[-126.698,52.004]]]]}},{"type":"Feature","properties":{"name":"Provencher"},"geometry":{"type":"Polygon","coordinates":[[[-95.153,49.646],[-95.153,50.001],[-95.153,50.396],[-95.535,50.396],[-95.535,50.338],[-95.603,50.338],[-95.603,50.222],[-95.64,50.192],[-95.821,50.192],[-95.821,50.125],[-95.873,50.134],[-96.087,50.134],[-96.086,50.062],[-96.36,50.062],[-96.361,49.973],[-96.637,49.973],[-96.636,50.062],[-96.853,50.063],[-96.957,49.995],[-97.025,49.931],[-96.965,49.916],[-96.956,49.886],[-97.027,49.871],[-97.026,49.798],[-97.049,49.793],[-97.083,49.753],[-97.22,49.714],[-97.163,49.708],[-97.163,49.621],[-97.226,49.576],[-97.254,49.532],[-97.177,49.524],[-97.188,49.488],[-97.188,49.355],[-97.35,49.354],[-97.369,49.266],[-97.459,49.266],[-97.46,49.089],[-97.325,49.089],[-97.325,49.001],[-96.786,49],[-96.382,49],[-95.766,49],[-95.232,48.999],[-95.22,49.036],[-95.281,49.056],[-95.293,49.103],[-95.242,49.165],[-95.153,49.176],[-95.153,49.398],[-95.153,49.452],[-95.152,49.47],[-95.154,49.589],[-95.153,49.603],[-95.153,49.617],[-95.153,49.646]]]}},{"type":"Feature","properties":{"name":"Don Valley North"},"geometry":{"type":"Polygon","coordinates":[[[-79.32,43.768],[-79.341,43.816],[-79.396,43.803],[-79.387,43.763],[-79.363,43.766],[-79.32,43.768]]]}},{"type":"Feature","properties":{"name":"Compton--Stanstead"},"geometry":{"type":"Polygon","coordinates":[[[-71.131,45.247],[-71.133,45.458],[-71.16,45.458],[-71.159,45.536],[-71.233,45.581],[-71.207,45.642],[-71.437,45.799],[-71.585,45.693],[-71.612,45.712],[-71.709,45.645],[-71.775,45.65],[-71.933,45.513],[-71.987,45.519],[-72.068,45.44],[-72.067,45.401],[-72.105,45.385],[-72.102,45.161],[-72.241,45.161],[-72.274,45.084],[-72.211,45.005],[-71.914,45.008],[-71.505,45.013],[-71.496,45.064],[-71.43,45.122],[-71.397,45.203],[-71.403,45.243],[-71.359,45.25],[-71.286,45.301],[-71.23,45.249],[-71.131,45.247]],[[-71.897,45.442],[-71.822,45.453],[-71.819,45.395],[-71.876,45.361],[-71.93,45.36],[-71.985,45.409],[-71.957,45.44],[-71.897,45.442]]]}},{"type":"Feature","properties":{"name":"Bruce--Grey--Owen Sound"},"geometry":{"type":"Polygon","coordinates":[[[-80.515,44.594],[-80.589,44.61],[-80.625,44.641],[-80.636,44.716],[-80.776,44.713],[-80.824,44.689],[-80.876,44.626],[-80.944,44.609],[-80.91,44.707],[-80.888,44.737],[-80.906,44.794],[-80.985,44.809],[-81.078,44.781],[-81.007,44.872],[-81.018,44.918],[-80.963,44.947],[-81.035,44.967],[-81.094,44.921],[-81.123,44.961],[-81.214,44.961],[-81.277,45.023],[-81.262,45.077],[-81.283,45.112],[-81.333,45.138],[-81.327,45.19],[-81.284,45.228],[-81.304,45.248],[-81.463,45.23],[-81.535,45.247],[-81.64,45.25],[-81.723,45.226],[-81.702,45.198],[-81.619,45.191],[-81.564,45.125],[-81.52,45.106],[-81.467,45.048],[-81.454,45.004],[-81.357,44.964],[-81.375,44.911],[-81.277,44.751],[-81.303,44.68],[-81.272,44.649],[-81.296,44.579],[-81.357,44.519],[-81.323,44.459],[-81.267,44.259],[-81.069,44.288],[-80.989,43.987],[-80.836,44.005],[-80.827,43.968],[-80.569,43.998],[-80.438,44.026],[-80.375,44.039],[-80.398,44.135],[-80.361,44.167],[-80.411,44.215],[-80.229,44.253],[-80.266,44.416],[-80.464,44.373],[-80.515,44.594]]]}},{"type":"Feature","properties":{"name":"Gatineau"},"geometry":{"type":"Polygon","coordinates":[[[-75.526,45.497],[-75.537,45.576],[-75.542,45.563],[-75.684,45.551],[-75.678,45.507],[-75.743,45.477],[-75.692,45.453],[-75.57,45.477],[-75.526,45.497]]]}},{"type":"Feature","properties":{"name":"Windsor--Tecumseh"},"geometry":{"type":"Polygon","coordinates":[[[-82.843,42.32],[-82.936,42.342],[-83.026,42.324],[-82.974,42.276],[-82.997,42.236],[-83.001,42.184],[-82.877,42.18],[-82.869,42.311],[-82.843,42.32]]]}},{"type":"Feature","properties":{"name":"Scarborough North"},"geometry":{"type":"Polygon","coordinates":[[[-79.216,43.794],[-79.228,43.842],[-79.297,43.826],[-79.275,43.777],[-79.255,43.781],[-79.216,43.794]]]}},{"type":"Feature","properties":{"name":"Regina--Wascana"},"geometry":{"type":"Polygon","coordinates":[[[-104.48,50.397],[-104.481,50.448],[-104.526,50.468],[-104.618,50.447],[-104.618,50.397],[-104.48,50.397]]]}},{"type":"Feature","properties":{"name":"Chicoutimi--Le Fjord"},"geometry":{"type":"Polygon","coordinates":[[[-70.079,48.256],[-70.168,48.265],[-70.356,48.346],[-70.565,48.372],[-70.711,48.362],[-70.772,48.414],[-70.836,48.414],[-70.985,48.453],[-71.015,48.478],[-71.075,48.468],[-71.182,48.489],[-71.2,48.463],[-71.122,48.442],[-71.13,48.399],[-71.072,48.383],[-71.006,48.335],[-71.021,48.3],[-70.847,48.234],[-70.986,48.114],[-70.915,48.113],[-70.914,48],[-70.259,48],[-70.172,48.125],[-69.957,48.057],[-69.871,48.182],[-69.894,48.226],[-69.994,48.252],[-70.079,48.256]]]}},{"type":"Feature","properties":{"name":"Saskatoon West"},"geometry":{"type":"Polygon","coordinates":[[[-106.623,52.195],[-106.73,52.185],[-106.712,52.159],[-106.824,52.151],[-106.766,52.1],[-106.7,52.093],[-106.669,52.121],[-106.623,52.195]]]}},{"type":"Feature","properties":{"name":"Rosemont--La Petite-Patrie"},"geometry":{"type":"Polygon","coordinates":[[[-73.596,45.53],[-73.559,45.54],[-73.587,45.565],[-73.617,45.528],[-73.596,45.53]]]}},{"type":"Feature","properties":{"name":"West Vancouver--Sunshine Coast--Sea to Sky Country"},"geometry":{"type":"MultiPolygon","coordinates":[[[[-123.36,49.413],[-123.426,49.373],[-123.427,49.337],[-123.361,49.336],[-123.311,49.404],[-123.36,49.413]]],[[[-123.424,49.527],[-123.457,49.466],[-123.316,49.448],[-123.366,49.528],[-123.424,49.527]]],[[[-124.136,49.76],[-124.198,49.689],[-124.162,49.662],[-124.086,49.653],[-124.06,49.741],[-124.136,49.76]]],[[[-123.73,50.843],[-123.795,50.834],[-123.801,50.797],[-123.867,50.748],[-123.728,50.695],[-123.761,50.634],[-123.744,50.538],[-123.925,50.531],[-123.983,50.514],[-123.996,50.474],[-123.936,50.451],[-123.951,50.422],[-123.91,50.359],[-123.962,50.339],[-124.041,50.346],[-124.076,50.366],[-124.16,50.333],[-124.169,50.27],[-124.154,50.219],[-124.092,50.194],[-124.069,50.151],[-124.137,50.136],[-124.151,50.061],[-124.113,50.018],[-124.068,50.001],[-124.04,49.929],[-124.031,49.893],[-123.97,49.805],[-123.904,49.879],[-123.961,49.905],[-124.01,49.968],[-124.008,49.998],[-123.842,50.058],[-123.794,50.117],[-123.747,50.097],[-123.788,50.048],[-123.957,49.998],[-123.976,49.961],[-123.868,49.88],[-123.873,49.846],[-123.923,49.799],[-124.037,49.739],[-124.067,49.694],[-124.075,49.642],[-124.03,49.628],[-124.002,49.555],[-123.925,49.513],[-123.87,49.468],[-123.743,49.469],[-123.684,49.436],[-123.534,49.384],[-123.482,49.416],[-123.468,49.449],[-123.492,49.519],[-123.309,49.584],[-123.265,49.589],[-123.257,49.664],[-123.183,49.685],[-123.237,49.557],[-123.261,49.526],[-123.233,49.425],[-123.285,49.359],[-123.269,49.333],[-123.206,49.34],[-123.126,49.313],[-123.124,49.406],[-123.107,49.449],[-123.102,49.548],[-122.925,49.554],[-122.816,49.572],[-122.811,49.619],[-122.852,49.672],[-122.814,49.711],[-122.855,49.743],[-122.89,49.802],[-122.985,49.857],[-122.962,49.903],[-122.897,49.895],[-122.851,49.919],[-122.768,49.933],[-122.68,49.981],[-122.679,50.023],[-122.765,50.023],[-122.802,50.055],[-122.788,50.131],[-122.734,50.151],[-122.638,50.123],[-122.258,50.123],[-122.316,50.187],[-122.275,50.224],[-122.353,50.231],[-122.374,50.262],[-122.366,50.312],[-122.439,50.335],[-122.525,50.415],[-122.485,50.443],[-122.397,50.411],[-122.304,50.431],[-122.287,50.475],[-122.338,50.521],[-122.419,50.553],[-122.467,50.591],[-122.504,50.567],[-122.61,50.6],[-122.629,50.653],[-122.729,50.656],[-122.833,50.646],[-122.861,50.619],[-122.928,50.601],[-122.957,50.549],[-123.019,50.601],[-123.081,50.594],[-123.164,50.635],[-123.236,50.723],[-123.321,50.731],[-123.439,50.797],[-123.503,50.78],[-123.563,50.798],[-123.72,50.801],[-123.73,50.843]]]]}},{"type":"Feature","properties":{"name":"Jonquière"},"geometry":{"type":"Polygon","coordinates":[[[-70.079,48.256],[-70.008,48.358],[-70.01,49],[-70.019,49],[-70.02,49.797],[-70.034,49.797],[-70.026,50],[-70.025,51.526],[-70.023,51.663],[-70.026,52.169],[-70.024,52.696],[-70.08,52.65],[-70.175,52.594],[-70.192,52.513],[-70.274,52.417],[-70.251,52.402],[-70.292,52.349],[-70.379,52.339],[-70.524,52.306],[-70.562,52.317],[-70.808,52.233],[-70.838,52.27],[-70.898,52.236],[-70.971,52.174],[-71.066,52.14],[-71.144,52.003],[-71.227,51.904],[-71.235,51.868],[-71.307,51.795],[-71.297,51.764],[-71.324,51.699],[-71.411,51.626],[-71.43,51.579],[-71.423,51.515],[-71.453,51.482],[-71.446,51.436],[-71.47,51.389],[-71.442,51.301],[-71.463,51.259],[-71.508,51.231],[-71.486,51.194],[-71.434,51.166],[-71.427,51.13],[-71.359,51.069],[-71.33,51.023],[-71.347,50.933],[-71.318,50.918],[-71.284,50.835],[-71.322,50.75],[-71.285,50.685],[-71.284,50.641],[-71.243,50.597],[-71.288,50.563],[-71.277,50.5],[-71.344,50.454],[-71.35,50.332],[-71.287,50.275],[-71.263,50.2],[-71.288,50.162],[-71.218,50.075],[-71.197,50.006],[-71.23,49.984],[-71.267,49.89],[-71.163,49.834],[-71.198,49.723],[-71.186,49.631],[-71.212,49.538],[-71.17,49.492],[-71.204,49.424],[-71.207,49.382],[-71.258,49.283],[-71.256,49.197],[-71.273,49.104],[-71.333,49.031],[-71.337,48.989],[-71.375,48.941],[-71.448,48.886],[-71.464,48.834],[-71.507,48.775],[-71.544,48.786],[-71.625,48.588],[-71.617,48.544],[-71.534,48.533],[-71.534,48.486],[-71.577,48.391],[-71.554,48.387],[-71.64,48.19],[-71.546,48.116],[-71.508,48.071],[-71.408,48],[-70.914,48],[-70.915,48.113],[-70.986,48.114],[-70.847,48.234],[-71.021,48.3],[-71.006,48.335],[-71.072,48.383],[-71.13,48.399],[-71.122,48.442],[-71.2,48.463],[-71.182,48.489],[-71.075,48.468],[-71.015,48.478],[-70.985,48.453],[-70.836,48.414],[-70.772,48.414],[-70.711,48.362],[-70.565,48.372],[-70.356,48.346],[-70.168,48.265],[-70.079,48.256]]]}},{"type":"Feature","properties":{"name":"Yellowhead"},"geometry":{"type":"Polygon","coordinates":[[[-117.51,54.589],[-117.986,54.587],[-118.206,54.59],[-118.674,54.588],[-119.537,54.588],[-120,54.587],[-120,54.269],[-120,53.806],[-119.942,53.776],[-119.888,53.779],[-119.908,53.711],[-119.797,53.708],[-119.713,53.615],[-119.749,53.593],[-119.854,53.608],[-119.911,53.601],[-119.862,53.549],[-119.899,53.519],[-119.791,53.479],[-119.725,53.389],[-119.669,53.368],[-119.406,53.368],[-119.356,53.34],[-119.34,53.287],[-119.233,53.182],[-119.146,53.191],[-119.12,53.162],[-119.047,53.145],[-118.999,53.193],[-119.024,53.232],[-118.947,53.239],[-118.916,53.212],[-118.787,53.159],[-118.732,53.119],[-118.759,53.066],[-118.655,53.035],[-118.66,52.964],[-118.613,52.936],[-118.614,52.884],[-118.544,52.908],[-118.448,52.885],[-118.444,52.852],[-118.4,52.824],[-118.422,52.776],[-118.343,52.739],[-118.343,52.709],[-118.29,52.678],[-118.354,52.634],[-118.333,52.58],[-118.236,52.49],[-118.255,52.45],[-118.226,52.38],[-118.138,52.407],[-118.044,52.398],[-118.053,52.45],[-117.967,52.47],[-117.887,52.426],[-117.766,52.418],[-117.706,52.365],[-117.753,52.316],[-117.84,52.274],[-117.818,52.226],[-117.741,52.203],[-117.664,52.198],[-117.611,52.144],[-117.523,52.158],[-117.5,52.144],[-117.381,52.138],[-117.334,52.149],[-117.317,52.194],[-117.285,52.163],[-117.197,52.181],[-117.135,52.223],[-117.073,52.222],[-116.963,52.176],[-116.971,52.149],[-116.823,52.104],[-116.757,52.054],[-116.72,52.062],[-116.645,51.983],[-116.604,51.969],[-116.606,51.883],[-116.509,51.815],[-116.41,51.834],[-116.325,51.787],[-116.277,51.825],[-116.197,51.834],[-116.08,51.913],[-116.022,51.894],[-115.948,51.807],[-115.923,51.754],[-115.837,51.762],[-115.769,51.738],[-115.743,51.711],[-115.669,51.694],[-115.574,51.619],[-114.993,51.621],[-114.961,51.691],[-114.905,51.682],[-114.843,51.707],[-114.852,51.764],[-114.923,51.764],[-114.97,51.809],[-114.97,51.868],[-114.994,51.889],[-114.793,51.897],[-114.758,51.926],[-114.518,51.916],[-114.498,51.935],[-114.502,52.072],[-114.573,52.072],[-114.572,52.13],[-114.43,52.13],[-114.43,52.275],[-114.458,52.319],[-114.457,52.377],[-114.53,52.449],[-114.529,52.509],[-114.465,52.509],[-114.466,52.567],[-114.506,52.581],[-114.649,52.595],[-114.656,52.713],[-114.583,52.713],[-114.582,52.844],[-115.016,52.844],[-115.016,53.018],[-115.024,53.062],[-114.197,53.062],[-114.148,53.105],[-114.148,53.134],[-114.002,53.134],[-114.002,53.326],[-114.15,53.367],[-114.149,53.599],[-114.223,53.599],[-114.223,53.709],[-114.387,53.742],[-114.522,53.795],[-114.617,53.804],[-114.671,53.822],[-114.67,53.929],[-114.728,53.925],[-114.733,53.977],[-114.795,53.976],[-114.821,54.035],[-114.827,54.123],[-115.002,54.123],[-115.002,54.152],[-115.202,54.152],[-115.2,54.065],[-115.337,54.064],[-115.337,53.803],[-115.487,53.803],[-115.487,53.819],[-115.785,53.819],[-115.785,53.89],[-115.872,53.891],[-115.847,53.95],[-115.869,53.978],[-116.527,53.978],[-116.528,54.065],[-116.702,54.066],[-116.75,54.1],[-116.78,54.039],[-116.882,54],[-116.954,54.017],[-117.031,54.004],[-117.097,53.974],[-117.289,54.006],[-117.335,54.024],[-117.512,54.044],[-117.51,54.589]]]}},{"type":"Feature","properties":{"name":"Beaches--East York"},"geometry":{"type":"Polygon","coordinates":[[[-79.279,43.672],[-79.301,43.72],[-79.333,43.703],[-79.315,43.662],[-79.279,43.672]]]}},{"type":"Feature","properties":{"name":"Argenteuil--La Petite-Nation"},"geometry":{"type":"Polygon","coordinates":[[[-74.142,45.819],[-74.263,45.86],[-74.192,45.911],[-74.273,45.966],[-74.264,46],[-74.413,46.019],[-74.442,45.906],[-74.709,45.932],[-74.698,45.972],[-74.763,45.973],[-74.802,45.944],[-74.858,46.017],[-74.859,46.063],[-74.941,46.062],[-74.94,46.106],[-75.09,46.103],[-75.076,46.216],[-75.117,46.216],[-75.211,46.098],[-75.408,46.097],[-75.407,45.972],[-75.669,45.97],[-75.78,45.964],[-75.738,45.914],[-75.736,45.825],[-75.641,45.834],[-75.559,45.714],[-75.537,45.576],[-75.526,45.497],[-75.465,45.517],[-75.391,45.524],[-75.317,45.546],[-75.243,45.586],[-75.114,45.579],[-74.989,45.611],[-74.943,45.643],[-74.729,45.628],[-74.638,45.639],[-74.535,45.595],[-74.472,45.594],[-74.384,45.567],[-74.301,45.523],[-74.279,45.527],[-74.241,45.552],[-74.223,45.626],[-74.268,45.632],[-74.266,45.682],[-74.212,45.701],[-74.182,45.795],[-74.12,45.781],[-74.142,45.819]]]}},{"type":"Feature","properties":{"name":"Chatham-Kent--Leamington"},"geometry":{"type":"MultiPolygon","coordinates":[[[[-82.639,41.832],[-82.682,41.816],[-82.686,41.745],[-82.621,41.751],[-82.639,41.832]]],[[[-81.669,42.473],[-81.835,42.608],[-81.979,42.536],[-82.082,42.506],[-82.164,42.419],[-82.194,42.444],[-82.28,42.368],[-82.412,42.341],[-82.454,42.319],[-82.508,42.307],[-82.592,42.308],[-82.601,42.17],[-82.636,42.172],[-82.645,42.036],[-82.594,42.026],[-82.533,41.966],[-82.501,41.986],[-82.483,42.039],[-82.411,42.11],[-82.368,42.133],[-82.199,42.197],[-82.094,42.247],[-82.003,42.265],[-81.938,42.263],[-81.932,42.289],[-81.844,42.333],[-81.804,42.392],[-81.669,42.473]]]]}},{"type":"Feature","properties":{"name":"Lakeland"},"geometry":{"type":"Polygon","coordinates":[[[-110.006,54.239],[-110.378,54.239],[-110.38,54.349],[-110.677,54.297],[-110.861,54.297],[-111.019,54.268],[-111.316,54.268],[-111.316,54.326],[-111.391,54.333],[-111.389,54.425],[-111.467,54.413],[-111.829,54.413],[-111.852,54.355],[-111.948,54.355],[-111.95,54.399],[-111.997,54.413],[-111.999,54.5],[-112.123,54.5],[-112.123,54.587],[-112.425,54.587],[-112.425,54.762],[-112.446,54.762],[-112.446,55.024],[-112.344,55.024],[-112.345,55.112],[-112.312,55.112],[-112.314,55.461],[-112.751,55.461],[-112.726,55.381],[-112.684,55.312],[-112.706,55.282],[-112.788,55.259],[-112.819,55.174],[-112.889,55.077],[-112.836,55.046],[-112.758,55.039],[-112.716,54.986],[-112.835,54.964],[-112.904,54.97],[-112.904,55.024],[-113.361,55.024],[-113.361,54.937],[-113.666,54.937],[-113.664,54.762],[-113.692,54.762],[-113.686,54.413],[-113.675,54.363],[-113.613,54.363],[-113.6,54.327],[-113.301,54.327],[-113.3,54.269],[-113.375,54.268],[-113.375,54.094],[-113.347,54.023],[-113.348,53.978],[-112.844,53.978],[-112.861,53.942],[-112.951,53.893],[-112.951,53.774],[-112.926,53.716],[-112.877,53.716],[-112.878,53.658],[-112.951,53.629],[-112.951,53.524],[-112.804,53.513],[-112.804,53.541],[-112.509,53.541],[-112.509,53.454],[-112.362,53.454],[-112.362,53.425],[-112.263,53.425],[-112.264,53.396],[-112.165,53.396],[-112.165,53.367],[-112.051,53.367],[-112.051,53.309],[-111.638,53.306],[-111.638,53.234],[-111.541,53.234],[-111.541,53.19],[-111.431,53.19],[-111.429,53.147],[-111.211,53.147],[-111.151,53.103],[-111.041,53.089],[-111.029,53.06],[-110.693,53.06],[-110.641,53.085],[-110.594,53.07],[-110.584,53.032],[-110.502,53.041],[-110.456,53.007],[-110.457,52.958],[-110.292,52.908],[-110.201,52.908],[-110.112,52.864],[-110.005,52.857],[-110.005,53.437],[-110.006,53.802],[-110.006,54.239]]]}},{"type":"Feature","properties":{"name":"Battle River--Crowfoot"},"geometry":{"type":"Polygon","coordinates":[[[-110.005,52.857],[-110.112,52.864],[-110.201,52.908],[-110.292,52.908],[-110.457,52.958],[-110.456,53.007],[-110.502,53.041],[-110.584,53.032],[-110.594,53.07],[-110.641,53.085],[-110.693,53.06],[-111.029,53.06],[-111.041,53.089],[-111.151,53.103],[-111.211,53.147],[-111.429,53.147],[-111.431,53.19],[-111.541,53.19],[-111.541,53.234],[-111.638,53.234],[-111.638,53.306],[-112.051,53.309],[-112.051,53.367],[-112.165,53.367],[-112.165,53.396],[-112.264,53.396],[-112.263,53.425],[-112.362,53.425],[-112.362,53.454],[-112.509,53.454],[-112.509,53.541],[-112.804,53.541],[-112.804,53.513],[-112.951,53.524],[-112.951,53.483],[-112.853,53.46],[-112.841,53.367],[-113.246,53.367],[-113.241,53.307],[-113.151,53.26],[-113.184,53.213],[-113.172,53.12],[-113.099,53.12],[-113.1,52.974],[-113.124,52.974],[-113.124,52.843],[-113.052,52.843],[-113.052,52.756],[-113.088,52.756],[-113.052,52.723],[-113.052,52.623],[-113.148,52.623],[-113.148,52.579],[-113.076,52.579],[-113,52.55],[-112.931,52.488],[-113.076,52.376],[-113.093,52.318],[-113.071,52.3],[-113.063,52.208],[-113.025,52.18],[-113.03,52.128],[-112.968,52.041],[-112.915,52.003],[-112.912,51.97],[-113.291,51.969],[-113.291,51.983],[-113.481,51.983],[-113.477,51.955],[-113.643,51.955],[-113.643,51.896],[-113.713,51.896],[-113.713,51.781],[-113.736,51.751],[-113.69,51.721],[-113.69,51.678],[-113.643,51.678],[-113.501,51.678],[-113.501,51.649],[-112.9,51.65],[-112.874,51.606],[-112.889,51.542],[-112.794,51.459],[-112.736,51.445],[-112.63,51.387],[-112.54,51.377],[-112.488,51.334],[-112.361,51.296],[-112.268,51.229],[-112.124,51.157],[-112.066,51.112],[-112.001,51.094],[-111.917,50.974],[-111.971,50.928],[-111.855,50.907],[-111.804,50.836],[-111.684,50.86],[-111.62,50.85],[-111.615,50.817],[-111.57,50.772],[-111.474,50.776],[-111.416,50.753],[-111.389,50.703],[-111.064,50.703],[-110.815,50.708],[-110.282,50.703],[-110.278,50.618],[-110.196,50.631],[-110.13,50.679],[-110.14,50.719],[-110.052,50.751],[-110.081,50.793],[-110.003,50.835],[-110.005,51.271],[-110.005,51.62],[-110.005,52.143],[-110.004,52.521],[-110.005,52.857]]]}},{"type":"Feature","properties":{"name":"Elgin--Middlesex--London"},"geometry":{"type":"Polygon","coordinates":[[[-80.745,42.824],[-80.762,42.846],[-80.877,42.83],[-80.923,43.001],[-80.994,42.993],[-81.038,43.046],[-81.132,43.231],[-81.224,43.203],[-81.242,43.196],[-81.179,43.074],[-81.19,43.07],[-81.136,43.041],[-81.113,42.945],[-81.248,42.923],[-81.258,42.941],[-81.378,42.934],[-81.337,42.879],[-81.285,42.846],[-81.306,42.823],[-81.487,42.777],[-81.535,42.742],[-81.59,42.726],[-81.627,42.684],[-81.738,42.661],[-81.804,42.611],[-81.835,42.608],[-81.669,42.473],[-81.573,42.539],[-81.451,42.6],[-81.396,42.608],[-81.351,42.641],[-81.247,42.664],[-81.006,42.656],[-80.957,42.662],[-80.842,42.652],[-80.721,42.62],[-80.717,42.788],[-80.745,42.824]]]}},{"type":"Feature","properties":{"name":"Lac-Saint-Louis"},"geometry":{"type":"Polygon","coordinates":[[[-73.779,45.445],[-73.795,45.482],[-73.867,45.487],[-73.975,45.429],[-73.921,45.404],[-73.779,45.445]]]}},{"type":"Feature","properties":{"name":"Niagara West"},"geometry":{"type":"Polygon","coordinates":[[[-79.276,43.142],[-79.289,43.197],[-79.359,43.182],[-79.412,43.198],[-79.488,43.194],[-79.581,43.205],[-79.622,43.226],[-79.636,43.195],[-79.659,43.144],[-79.71,43.156],[-79.754,43.051],[-79.511,42.965],[-79.438,42.876],[-79.344,42.859],[-79.281,42.872],[-79.291,43.017],[-79.276,43.142]]]}},{"type":"Feature","properties":{"name":"Battlefords--Lloydminster"},"geometry":{"type":"Polygon","coordinates":[[[-107.735,53.191],[-107.76,53.234],[-107.76,53.366],[-107.775,53.439],[-108.217,53.439],[-108.208,53.492],[-108.23,53.536],[-108.157,53.628],[-108.512,53.628],[-108.512,53.715],[-108.683,53.715],[-108.683,53.802],[-109.599,53.802],[-110.006,53.802],[-110.005,53.437],[-110.005,52.857],[-110.004,52.521],[-110.005,52.143],[-110.005,51.62],[-109.379,51.62],[-108.556,51.62],[-108.555,51.881],[-108.414,51.882],[-108.431,51.969],[-108.431,52.144],[-108.216,52.122],[-108.146,52.105],[-108.145,52.318],[-108.162,52.377],[-108.061,52.377],[-107.971,52.362],[-107.971,52.522],[-107.995,52.572],[-107.875,52.567],[-107.891,52.668],[-107.891,52.929],[-107.745,52.93],[-107.76,53.016],[-107.76,53.191],[-107.735,53.191]]]}},{"type":"Feature","properties":{"name":"Saint-Jean"},"geometry":{"type":"Polygon","coordinates":[[[-72.995,45.338],[-73.045,45.386],[-73.088,45.356],[-73.16,45.378],[-73.22,45.362],[-73.308,45.406],[-73.349,45.386],[-73.387,45.413],[-73.408,45.329],[-73.37,45.312],[-73.386,45.257],[-73.352,45.234],[-73.356,45.132],[-73.4,45.107],[-73.391,45.042],[-73.411,45.01],[-73.353,45.011],[-73.322,45.086],[-73.262,45.137],[-73.25,45.169],[-73.229,45.186],[-73.132,45.206],[-73.092,45.196],[-73.05,45.267],[-73.049,45.325],[-72.995,45.338]]]}},{"type":"Feature","properties":{"name":"Tobique--Mactaquac"},"geometry":{"type":"Polygon","coordinates":[[[-67.039,47.349],[-67.048,47.363],[-67.435,47.485],[-67.689,47.569],[-67.689,47.232],[-67.762,47.21],[-67.817,47.116],[-67.845,47.092],[-67.79,47.066],[-67.788,46.586],[-67.782,46.277],[-67.781,45.943],[-67.751,45.918],[-67.802,45.868],[-67.761,45.83],[-67.805,45.795],[-67.754,45.691],[-67.719,45.695],[-67.677,45.637],[-67.6,45.611],[-67.555,45.622],[-67.547,45.631],[-67.546,45.632],[-67.496,45.692],[-67.495,45.693],[-67.292,45.936],[-67.214,45.99],[-67.139,45.967],[-66.976,45.885],[-66.931,45.875],[-66.849,45.962],[-66.779,45.987],[-66.734,45.977],[-66.686,46.004],[-66.623,45.986],[-66.595,46.013],[-66.514,45.992],[-66.284,46.259],[-66.201,46.355],[-66.51,46.294],[-66.584,46.315],[-66.598,46.349],[-66.548,46.37],[-66.527,46.405],[-66.58,46.432],[-66.63,46.412],[-66.756,46.455],[-66.856,46.417],[-66.907,46.529],[-66.77,46.582],[-66.648,46.6],[-66.586,46.593],[-66.498,46.521],[-66.684,46.836],[-66.796,47.004],[-67.039,47.349]]]}},{"type":"Feature","properties":{"name":"Brampton Centre"},"geometry":{"type":"Polygon","coordinates":[[[-79.714,43.652],[-79.672,43.708],[-79.72,43.744],[-79.787,43.706],[-79.777,43.699],[-79.714,43.652]]]}},{"type":"Feature","properties":{"name":"St. Albert--Edmonton"},"geometry":{"type":"Polygon","coordinates":[[[-113.491,53.651],[-113.576,53.651],[-113.615,53.679],[-113.688,53.665],[-113.707,53.637],[-113.674,53.598],[-113.713,53.57],[-113.591,53.581],[-113.559,53.584],[-113.517,53.614],[-113.491,53.651]]]}},{"type":"Feature","properties":{"name":"Montarville"},"geometry":{"type":"Polygon","coordinates":[[[-73.265,45.558],[-73.276,45.593],[-73.34,45.645],[-73.383,45.608],[-73.36,45.59],[-73.39,45.537],[-73.42,45.483],[-73.36,45.449],[-73.322,45.514],[-73.268,45.484],[-73.232,45.535],[-73.265,45.558]]]}},{"type":"Feature","properties":{"name":"Beauport--Côte-de-Beaupré--Île dOrléans--Charlevoix"},"geometry":{"type":"MultiPolygon","coordinates":[[[[-70.316,47.426],[-70.391,47.421],[-70.435,47.392],[-70.394,47.369],[-70.316,47.426]]],[[[-70.797,47.023],[-70.844,47.025],[-70.945,46.993],[-71.019,46.936],[-71.119,46.877],[-71.078,46.849],[-70.999,46.862],[-70.879,46.927],[-70.797,47.023]]],[[[-69.711,48.129],[-69.842,48.154],[-69.871,48.182],[-69.957,48.057],[-70.172,48.125],[-70.259,48],[-70.914,48],[-71.408,48],[-71.38,47.95],[-72.074,47.95],[-71.893,47.773],[-71.457,47.343],[-71.432,47.327],[-71.251,47.154],[-71.179,47.102],[-71.147,47.104],[-71.086,47.05],[-71.117,47.011],[-71.206,46.966],[-71.285,46.94],[-71.233,46.885],[-71.187,46.899],[-71.157,46.868],[-71.073,46.92],[-70.951,47.012],[-70.88,47.041],[-70.806,47.05],[-70.716,47.108],[-70.586,47.255],[-70.551,47.331],[-70.502,47.378],[-70.503,47.419],[-70.348,47.463],[-70.234,47.488],[-70.203,47.524],[-70.199,47.58],[-70.127,47.651],[-69.979,47.716],[-69.958,47.754],[-69.906,47.77],[-69.868,47.859],[-69.801,47.919],[-69.762,48.005],[-69.759,48.063],[-69.711,48.097],[-69.711,48.129]]]]}},{"type":"Feature","properties":{"name":"Moose Jaw--Lake Centre--Lanigan"},"geometry":{"type":"Polygon","coordinates":[[[-104.578,52.144],[-105.151,52.144],[-105.884,52.144],[-106.432,52.144],[-106.432,51.969],[-106.795,51.969],[-106.751,51.928],[-106.754,51.872],[-106.736,51.813],[-106.767,51.79],[-106.795,51.729],[-106.83,51.703],[-106.937,51.676],[-107.069,51.563],[-107.079,51.426],[-107,51.402],[-106.962,51.322],[-106.861,51.273],[-106.811,51.188],[-106.744,51.139],[-106.63,51.097],[-106.423,51.096],[-106.42,50.572],[-105.718,50.572],[-105.718,50.222],[-105.692,50.222],[-105.692,49.879],[-105.734,49.813],[-105.665,49.785],[-105.123,49.785],[-104.445,49.785],[-104.463,49.872],[-104.463,50.222],[-104.481,50.222],[-104.48,50.397],[-104.618,50.397],[-104.71,50.441],[-104.71,50.513],[-104.641,50.506],[-104.618,50.543],[-104.616,50.776],[-104.501,50.867],[-104.519,50.921],[-104.519,51.252],[-104.538,51.287],[-104.538,51.62],[-104.557,51.62],[-104.557,51.882],[-104.557,51.964],[-104.578,51.969],[-104.578,52.144]]]}},{"type":"Feature","properties":{"name":"Hamilton East--Stoney Creek"},"geometry":{"type":"Polygon","coordinates":[[[-79.622,43.226],[-79.65,43.223],[-79.811,43.264],[-79.816,43.229],[-79.82,43.2],[-79.757,43.212],[-79.636,43.195],[-79.622,43.226]]]}},{"type":"Feature","properties":{"name":"Scarborough--Rouge Park"},"geometry":{"type":"Polygon","coordinates":[[[-79.115,43.795],[-79.152,43.815],[-79.17,43.855],[-79.228,43.842],[-79.228,43.842],[-79.216,43.794],[-79.179,43.752],[-79.115,43.795]]]}},{"type":"Feature","properties":{"name":"Coquitlam--Port Coquitlam"},"geometry":{"type":"Polygon","coordinates":[[[-122.816,49.572],[-122.925,49.554],[-122.883,49.471],[-122.854,49.426],[-122.864,49.382],[-122.822,49.352],[-122.821,49.281],[-122.791,49.274],[-122.805,49.219],[-122.751,49.216],[-122.675,49.317],[-122.591,49.359],[-122.528,49.458],[-122.582,49.491],[-122.608,49.542],[-122.655,49.54],[-122.7,49.574],[-122.816,49.572]]]}},{"type":"Feature","properties":{"name":"Saskatoon--Grasswood"},"geometry":{"type":"Polygon","coordinates":[[[-106.432,52.144],[-106.504,52.144],[-106.587,52.115],[-106.669,52.121],[-106.7,52.093],[-106.734,52.071],[-106.715,51.989],[-106.795,51.969],[-106.432,51.969],[-106.432,52.144]]]}},{"type":"Feature","properties":{"name":"Nickel Belt"},"geometry":{"type":"MultiPolygon","coordinates":[[[[-81.157,46],[-81.235,45.992],[-81.369,45.992],[-81.342,45.966],[-81.283,45.952],[-81.199,45.958],[-81.157,46]]],[[[-80.272,47.32],[-81.073,47.322],[-81.074,47.842],[-81.074,48.103],[-81.456,48.103],[-81.857,48.104],[-81.857,48.061],[-82.601,48.061],[-82.602,47.496],[-82.578,47.496],[-82.579,46.977],[-82.243,46.979],[-81.95,46.976],[-81.945,46.625],[-81.569,46.627],[-81.568,46.497],[-81.182,46.497],[-81.069,46.51],[-81.068,46.537],[-80.882,46.537],[-80.881,46.427],[-81.046,46.45],[-81.075,46.437],[-81.078,46.364],[-81.131,46.349],[-81.143,46.406],[-81.248,46.379],[-81.302,46.376],[-81.357,46.306],[-81.308,46.232],[-81.307,46.2],[-81.436,46.195],[-81.434,46.108],[-81.62,46.102],[-81.562,46.09],[-81.551,46.049],[-81.635,46.026],[-81.484,45.97],[-81.417,45.993],[-81.234,45.993],[-81.156,46.002],[-81.175,45.961],[-81.124,45.945],[-80.966,45.952],[-80.893,45.943],[-80.833,45.92],[-80.812,45.944],[-80.739,45.916],[-80.736,45.872],[-80.667,45.89],[-80.556,45.892],[-80.583,46.018],[-80.515,46.034],[-80.297,46.036],[-80.149,46.073],[-80.152,46.092],[-80.085,46.143],[-79.995,46.147],[-79.837,46.206],[-79.661,46.214],[-79.63,46.216],[-79.632,46.35],[-79.702,46.368],[-79.857,46.307],[-79.884,46.366],[-79.633,46.373],[-79.634,46.447],[-79.759,46.447],[-79.756,46.624],[-80.04,46.625],[-80.037,46.708],[-80.292,46.711],[-80.289,47.056],[-80.274,47.056],[-80.272,47.32]]]]}},{"type":"Feature","properties":{"name":"Vancouver Centre"},"geometry":{"type":"Polygon","coordinates":[[[-123.107,49.289],[-123.15,49.278],[-123.153,49.268],[-123.105,49.269],[-123.107,49.289]]]}},{"type":"Feature","properties":{"name":"Courtenay--Alberni"},"geometry":{"type":"MultiPolygon","coordinates":[[[[-124.689,49.55],[-124.706,49.515],[-124.659,49.493],[-124.625,49.537],[-124.689,49.55]]],[[[-126.011,49.216],[-126.015,49.159],[-125.933,49.19],[-126.011,49.216]]],[[[-124.826,49.599],[-124.831,49.54],[-124.722,49.484],[-124.777,49.57],[-124.826,49.599]]],[[[-124.364,49.526],[-124.382,49.506],[-124.323,49.462],[-124.207,49.453],[-124.272,49.5],[-124.364,49.526]]],[[[-125.888,49.241],[-125.857,49.14],[-125.799,49.14],[-125.781,49.234],[-125.888,49.241]]],[[[-126.227,49.393],[-126.241,49.333],[-126.189,49.262],[-126.141,49.273],[-126.101,49.252],[-126.047,49.27],[-126.081,49.309],[-126.085,49.372],[-126.108,49.394],[-126.181,49.376],[-126.227,49.393]]],[[[-126.559,49.541],[-126.571,49.459],[-126.565,49.404],[-126.516,49.378],[-126.463,49.407],[-126.489,49.431],[-126.412,49.472],[-126.408,49.413],[-126.351,49.402],[-126.281,49.352],[-126.253,49.409],[-126.189,49.398],[-126.071,49.43],[-126.059,49.341],[-126.002,49.32],[-126.032,49.285],[-126.008,49.241],[-125.967,49.229],[-125.92,49.277],[-125.839,49.285],[-125.754,49.22],[-125.745,49.185],[-125.781,49.147],[-125.669,49.152],[-125.738,49.085],[-125.808,49.12],[-125.88,49.089],[-125.828,49.07],[-125.762,49.072],[-125.694,49.037],[-125.67,48.998],[-125.568,48.971],[-125.485,48.92],[-125.369,48.998],[-125.357,49.038],[-125.29,49.024],[-125.293,48.975],[-125.243,48.944],[-125.15,49.011],[-125.11,48.973],[-125.052,48.998],[-124.947,48.977],[-125.033,48.883],[-125.066,48.885],[-125.186,48.809],[-125.133,48.773],[-125.117,48.732],[-124.953,48.7],[-124.852,48.671],[-124.802,48.697],[-124.694,48.796],[-124.655,48.855],[-124.55,48.901],[-124.539,48.934],[-124.638,49.014],[-124.629,49.097],[-124.582,49.104],[-124.583,49.14],[-124.59,49.16],[-124.688,49.172],[-124.693,49.205],[-124.643,49.272],[-124.605,49.284],[-124.525,49.241],[-124.246,49.226],[-124.128,49.203],[-124.143,49.252],[-124.117,49.276],[-124.185,49.312],[-124.216,49.303],[-124.317,49.323],[-124.364,49.354],[-124.463,49.355],[-124.574,49.38],[-124.685,49.448],[-124.794,49.465],[-124.872,49.556],[-124.91,49.626],[-124.976,49.68],[-125.01,49.651],[-125.089,49.655],[-125.11,49.608],[-125.118,49.532],[-125.167,49.492],[-125.234,49.491],[-125.427,49.643],[-125.38,49.548],[-125.469,49.528],[-125.5,49.478],[-125.635,49.511],[-125.756,49.514],[-125.785,49.54],[-125.889,49.547],[-125.97,49.585],[-126.249,49.555],[-126.318,49.604],[-126.383,49.561],[-126.434,49.578],[-126.507,49.54],[-126.559,49.541]]]]}},{"type":"Feature","properties":{"name":"Hamilton West--Ancaster--Dundas"},"geometry":{"type":"Polygon","coordinates":[[[-79.887,43.291],[-79.892,43.293],[-80.057,43.245],[-80.039,43.183],[-79.912,43.207],[-79.879,43.245],[-79.89,43.28],[-79.887,43.291]]]}},{"type":"Feature","properties":{"name":"Sydney--Victoria"},"geometry":{"type":"MultiPolygon","coordinates":[[[[-60.094,46.217],[-60.033,46.243],[-60.115,46.262],[-60.169,46.243],[-60.203,46.202],[-60.196,46.132],[-60.233,46.107],[-60.173,46.111],[-60.108,46.175],[-60.094,46.217]]],[[[-60.99,45.947],[-60.896,45.923],[-60.813,45.946],[-60.805,46.001],[-60.758,46.047],[-60.859,46.037],[-60.894,46.047],[-60.988,45.99],[-60.99,45.954],[-60.99,45.947]]],[[[-60.287,46.31],[-60.364,46.317],[-60.423,46.284],[-60.508,46.209],[-60.544,46.192],[-60.527,46.149],[-60.463,46.18],[-60.413,46.226],[-60.295,46.256],[-60.287,46.31]]],[[[-60.244,46.104],[-60.204,46.137],[-60.229,46.188],[-60.218,46.232],[-60.285,46.31],[-60.293,46.25],[-60.317,46.212],[-60.389,46.202],[-60.425,46.149],[-60.512,46.095],[-60.638,46.032],[-60.693,46.013],[-60.801,45.944],[-60.741,45.931],[-60.713,45.899],[-60.653,45.912],[-60.562,45.962],[-60.534,45.959],[-60.356,46.03],[-60.244,46.104]]],[[[-60.987,46.009],[-60.906,46.083],[-60.84,46.071],[-60.649,46.116],[-60.589,46.154],[-60.545,46.21],[-60.438,46.291],[-60.448,46.346],[-60.591,46.256],[-60.517,46.348],[-60.522,46.373],[-60.458,46.431],[-60.46,46.454],[-60.409,46.549],[-60.352,46.629],[-60.387,46.631],[-60.403,46.681],[-60.344,46.7],[-60.303,46.851],[-60.355,46.873],[-60.405,46.872],[-60.453,46.903],[-60.454,46.959],[-60.387,47.019],[-60.414,47.034],[-60.483,47],[-60.598,47.042],[-60.66,46.988],[-60.691,46.916],[-60.788,46.838],[-60.847,46.821],[-60.903,46.771],[-60.962,46.688],[-60.961,46.659],[-60.915,46.625],[-60.806,46.626],[-60.713,46.599],[-60.747,46.505],[-60.98,46.214],[-61.051,46.115],[-60.987,46.009]]]]}},{"type":"Feature","properties":{"name":"Whitby"},"geometry":{"type":"Polygon","coordinates":[[[-78.882,43.853],[-78.914,43.925],[-78.959,44.029],[-79.047,44.009],[-79.009,43.923],[-78.971,43.834],[-78.882,43.853]]]}},{"type":"Feature","properties":{"name":"Labrador"},"geometry":{"type":"MultiPolygon","coordinates":[[[[-60.85,56.02],[-60.954,55.964],[-60.903,55.957],[-60.837,55.995],[-60.85,56.02]]],[[[-62.211,57.518],[-62.256,57.525],[-62.302,57.487],[-62.248,57.47],[-62.211,57.518]]],[[[-55.803,52.768],[-55.892,52.779],[-55.898,52.753],[-55.838,52.726],[-55.803,52.768]]],[[[-60.319,55.845],[-60.402,55.81],[-60.293,55.798],[-60.319,55.845]]],[[[-55.783,53.016],[-55.852,52.988],[-55.793,52.955],[-55.783,53.016]]],[[[-61.74,56.464],[-61.854,56.471],[-61.844,56.434],[-61.714,56.427],[-61.74,56.464]]],[[[-64.517,60.311],[-64.431,60.378],[-64.534,60.341],[-64.517,60.311]]],[[[-58.682,55.005],[-58.714,54.998],[-58.728,54.93],[-58.665,54.911],[-58.665,54.991],[-58.682,55.005]]],[[[-57.051,53.698],[-57.13,53.706],[-57.17,53.657],[-57.096,53.649],[-57.051,53.698]]],[[[-60.129,55.377],[-60.191,55.357],[-60.221,55.304],[-60.137,55.309],[-60.129,55.377]]],[[[-57.264,54.581],[-57.351,54.57],[-57.362,54.503],[-57.258,54.518],[-57.287,54.557],[-57.264,54.581]]],[[[-58.363,54.111],[-58.439,54.119],[-58.553,54.081],[-58.544,54.052],[-58.439,54.065],[-58.363,54.111]]],[[[-56.823,53.8],[-57,53.81],[-57.003,53.768],[-56.937,53.747],[-56.823,53.8]]],[[[-60.942,55.94],[-61.07,55.935],[-61.047,55.887],[-60.91,55.874],[-60.958,55.912],[-60.942,55.94]]],[[[-55.784,53.094],[-55.862,53.087],[-55.89,53.047],[-55.859,53.014],[-55.761,53.032],[-55.75,53.076],[-55.784,53.094]]],[[[-61.648,57.364],[-61.724,57.381],[-61.776,57.32],[-61.738,57.295],[-61.648,57.302],[-61.648,57.364]]],[[[-55.279,52.016],[-55.361,51.964],[-55.391,51.966],[-55.43,51.906],[-55.384,51.877],[-55.324,51.925],[-55.279,52.016]]],[[[-61.078,56.674],[-61.147,56.692],[-61.239,56.623],[-61.105,56.605],[-61.05,56.627],[-61.078,56.674]]],[[[-60.753,55.932],[-60.837,55.951],[-60.877,55.936],[-60.874,55.861],[-60.789,55.863],[-60.688,55.912],[-60.753,55.932]]],[[[-55.77,53.477],[-55.948,53.488],[-55.983,53.441],[-55.832,53.405],[-55.819,53.451],[-55.77,53.477]]],[[[-61.711,57.832],[-61.795,57.847],[-61.864,57.826],[-61.906,57.785],[-61.837,57.77],[-61.758,57.711],[-61.693,57.709],[-61.657,57.787],[-61.711,57.832]]],[[[-61.461,56.404],[-61.612,56.392],[-61.653,56.41],[-61.728,56.383],[-61.713,56.354],[-61.495,56.316],[-61.412,56.37],[-61.461,56.404]]],[[[-61.656,57.528],[-61.734,57.545],[-61.81,57.482],[-61.896,57.439],[-61.856,57.412],[-61.621,57.405],[-61.698,57.443],[-61.656,57.528]]],[[[-61.851,57.584],[-61.887,57.591],[-61.955,57.551],[-61.996,57.578],[-62.048,57.546],[-61.969,57.454],[-61.87,57.459],[-61.788,57.509],[-61.784,57.55],[-61.851,57.584]]],[[[-61.329,56.519],[-61.388,56.509],[-61.431,56.531],[-61.576,56.557],[-61.602,56.522],[-61.493,56.448],[-61.449,56.454],[-61.214,56.431],[-61.243,56.478],[-61.306,56.478],[-61.329,56.519]]],[[[-61.084,56.182],[-61.153,56.147],[-61.172,56.109],[-61.24,56.08],[-61.199,56.041],[-61.048,56.01],[-60.996,56.039],[-60.953,56.097],[-61.041,56.119],[-61.084,56.182]]],[[[-61.36,56.941],[-61.523,56.942],[-61.528,56.906],[-61.604,56.895],[-61.634,56.862],[-61.614,56.816],[-61.645,56.743],[-61.563,56.678],[-61.412,56.603],[-61.363,56.674],[-61.375,56.779],[-61.487,56.793],[-61.506,56.829],[-61.47,56.852],[-61.393,56.837],[-61.404,56.89],[-61.36,56.941]]],[[[-57.109,51.416],[-57,51.417],[-56.945,51.439],[-56.956,51.473],[-56.819,51.484],[-56.764,51.553],[-56.716,51.573],[-56.701,51.631],[-56.611,51.639],[-56.499,51.684],[-56.439,51.729],[-56.402,51.729],[-56.202,51.791],[-56.122,51.851],[-55.991,51.904],[-55.901,51.957],[-55.915,52.003],[-55.805,52.022],[-55.782,52.082],[-55.707,52.082],[-55.696,52.129],[-55.77,52.207],[-55.648,52.198],[-55.669,52.235],[-55.764,52.247],[-55.75,52.286],[-55.904,52.332],[-55.775,52.339],[-55.73,52.364],[-55.637,52.361],[-55.632,52.447],[-55.728,52.464],[-55.781,52.502],[-55.838,52.517],[-55.984,52.504],[-56.048,52.542],[-55.962,52.572],[-55.895,52.558],[-55.855,52.622],[-55.763,52.61],[-55.764,52.68],[-55.834,52.697],[-55.939,52.682],[-56.011,52.72],[-56.025,52.75],[-56.126,52.794],[-55.981,52.794],[-55.988,52.816],[-55.817,52.835],[-55.81,52.884],[-55.88,52.965],[-55.988,52.992],[-55.911,53.03],[-55.865,53.094],[-55.75,53.138],[-55.798,53.179],[-55.793,53.212],[-55.742,53.252],[-55.842,53.299],[-55.832,53.322],[-55.88,53.374],[-56.029,53.429],[-56.036,53.472],[-56.164,53.501],[-56.118,53.535],[-55.983,53.522],[-56.025,53.578],[-56.24,53.574],[-56.323,53.631],[-56.4,53.617],[-56.524,53.624],[-56.657,53.678],[-56.581,53.683],[-56.505,53.717],[-56.432,53.719],[-56.437,53.772],[-56.495,53.776],[-56.605,53.762],[-56.666,53.727],[-56.703,53.76],[-56.767,53.72],[-56.821,53.744],[-56.866,53.713],[-56.965,53.733],[-57.071,53.668],[-57.067,53.637],[-57.142,53.626],[-57.119,53.56],[-57.211,53.5],[-57.313,53.456],[-57.3,53.518],[-57.336,53.548],[-57.339,53.601],[-57.416,53.596],[-57.421,53.643],[-57.328,53.664],[-57.118,53.74],[-57.154,53.758],[-57.085,53.831],[-57.138,53.837],[-57.207,53.879],[-57.212,53.954],[-57.288,54.001],[-57.417,54.143],[-57.442,54.191],[-57.507,54.198],[-57.597,54.18],[-57.62,54.204],[-57.851,54.201],[-58.054,54.238],[-58.163,54.237],[-58.29,54.202],[-58.356,54.205],[-58.405,54.154],[-58.392,54.123],[-58.265,54.093],[-58.172,54.137],[-57.858,54.108],[-57.876,54.082],[-57.948,54.071],[-58.111,54.105],[-58.218,54.066],[-58.333,54.059],[-58.394,54.028],[-58.45,54.032],[-58.687,53.964],[-58.864,53.931],[-58.89,53.888],[-59.056,53.8],[-59.018,53.76],[-59.018,53.716],[-59.083,53.686],[-59.191,53.671],[-59.324,53.694],[-59.332,53.663],[-59.455,53.609],[-59.484,53.578],[-59.59,53.529],[-59.708,53.535],[-59.758,53.513],[-59.838,53.545],[-59.909,53.53],[-59.89,53.494],[-59.961,53.416],[-60.064,53.341],[-60.188,53.339],[-60.204,53.373],[-60.306,53.347],[-60.356,53.378],[-60.14,53.465],[-60.035,53.441],[-60.061,53.501],[-60.11,53.496],[-60.137,53.538],[-60.083,53.569],[-60.13,53.623],[-60.108,53.686],[-60.057,53.721],[-60.108,53.758],[-60.028,53.767],[-59.989,53.79],[-59.841,53.787],[-59.838,53.845],[-59.573,53.819],[-59.49,53.831],[-59.437,53.855],[-59.192,53.934],[-59.103,53.952],[-59.056,53.944],[-58.982,53.965],[-58.934,54.002],[-58.96,54.046],[-58.869,54.044],[-58.719,54.026],[-58.615,54.039],[-58.519,54.109],[-58.443,54.152],[-58.394,54.215],[-58.557,54.191],[-58.718,54.126],[-59.032,54.06],[-59.092,54.06],[-59.227,54.036],[-59.387,53.996],[-59.58,54.017],[-59.504,54.038],[-59.404,54.027],[-59.237,54.082],[-59.055,54.105],[-58.879,54.145],[-58.804,54.131],[-58.629,54.164],[-58.579,54.205],[-58.4,54.235],[-58.232,54.25],[-58.258,54.282],[-58.182,54.294],[-58.191,54.359],[-58.052,54.369],[-57.94,54.391],[-57.837,54.37],[-57.814,54.386],[-57.706,54.368],[-57.637,54.376],[-57.593,54.41],[-57.526,54.428],[-57.546,54.456],[-57.379,54.51],[-57.387,54.549],[-57.347,54.585],[-57.562,54.663],[-57.647,54.629],[-57.717,54.641],[-57.74,54.672],[-57.828,54.713],[-57.839,54.74],[-57.943,54.751],[-57.972,54.784],[-57.869,54.793],[-57.989,54.838],[-57.944,54.881],[-57.972,54.928],[-58.098,54.878],[-58.225,54.88],[-58.234,54.797],[-58.329,54.796],[-58.411,54.774],[-58.415,54.735],[-58.563,54.81],[-58.661,54.805],[-58.732,54.839],[-58.857,54.812],[-58.925,54.831],[-58.893,54.899],[-58.951,54.912],[-58.911,54.956],[-59.035,55.02],[-58.957,55.072],[-59.027,55.154],[-59.111,55.114],[-59.172,55.124],[-59.132,55.182],[-59.196,55.202],[-59.279,55.195],[-59.303,55.145],[-59.407,55.054],[-59.465,55.047],[-59.619,54.949],[-59.742,54.931],[-59.722,54.974],[-59.62,55.002],[-59.569,55.046],[-59.519,55.052],[-59.472,55.162],[-59.552,55.168],[-59.786,55.138],[-59.871,55.138],[-59.8,55.187],[-59.741,55.206],[-59.725,55.269],[-59.811,55.313],[-59.861,55.302],[-59.922,55.228],[-60.031,55.227],[-60.112,55.121],[-60.231,55.061],[-60.255,55.094],[-60.156,55.125],[-60.099,55.177],[-60.081,55.259],[-60.171,55.204],[-60.261,55.252],[-60.363,55.17],[-60.463,55.152],[-60.458,55.193],[-60.393,55.214],[-60.425,55.266],[-60.382,55.326],[-60.39,55.354],[-60.319,55.411],[-60.203,55.418],[-60.208,55.467],[-60.279,55.506],[-60.342,55.493],[-60.45,55.388],[-60.456,55.442],[-60.401,55.456],[-60.338,55.524],[-60.347,55.575],[-60.487,55.66],[-60.397,55.689],[-60.334,55.744],[-60.328,55.777],[-60.424,55.772],[-60.488,55.807],[-60.583,55.669],[-60.626,55.632],[-60.671,55.659],[-60.603,55.7],[-60.637,55.771],[-60.604,55.807],[-60.646,55.829],[-60.73,55.745],[-60.75,55.782],[-60.737,55.836],[-60.78,55.853],[-60.89,55.847],[-60.931,55.862],[-61.106,55.84],[-61.17,55.865],[-61.071,55.892],[-61.081,55.936],[-61.122,55.97],[-61.337,55.971],[-61.406,55.962],[-61.41,56.024],[-61.286,56.025],[-61.314,56.084],[-61.446,56.046],[-61.42,56.091],[-61.352,56.104],[-61.432,56.15],[-61.393,56.176],[-61.41,56.223],[-61.55,56.191],[-61.575,56.217],[-61.695,56.223],[-61.795,56.198],[-61.815,56.216],[-61.939,56.214],[-62.029,56.225],[-62.073,56.28],[-62.044,56.301],[-61.942,56.274],[-61.892,56.296],[-61.785,56.274],[-61.738,56.245],[-61.673,56.27],[-61.664,56.322],[-61.787,56.318],[-61.773,56.357],[-61.816,56.405],[-62.044,56.426],[-62.072,56.412],[-62.162,56.455],[-62.015,56.485],[-62.018,56.534],[-61.8,56.485],[-61.67,56.504],[-61.641,56.526],[-61.695,56.565],[-61.766,56.559],[-61.874,56.591],[-61.93,56.577],[-62.094,56.599],[-62.047,56.625],[-62.105,56.662],[-62.375,56.714],[-62.357,56.741],[-62.274,56.714],[-62.15,56.701],[-61.936,56.64],[-61.868,56.627],[-61.741,56.629],[-61.683,56.617],[-61.658,56.654],[-61.781,56.671],[-61.701,56.708],[-61.81,56.788],[-61.657,56.81],[-61.646,56.886],[-61.569,56.912],[-61.567,56.955],[-61.481,56.986],[-61.403,56.984],[-61.358,57.024],[-61.385,57.05],[-61.363,57.099],[-61.414,57.148],[-61.49,57.165],[-61.621,57.161],[-61.658,57.143],[-61.787,57.174],[-61.877,57.181],[-61.918,57.219],[-62.026,57.253],[-61.879,57.265],[-61.869,57.227],[-61.788,57.238],[-61.894,57.318],[-61.806,57.376],[-62.063,57.459],[-62.184,57.471],[-62.234,57.443],[-62.355,57.42],[-62.465,57.454],[-62.412,57.478],[-62.355,57.459],[-62.252,57.544],[-62.184,57.524],[-62.11,57.54],[-62.096,57.573],[-62.01,57.618],[-61.96,57.608],[-61.896,57.629],[-61.905,57.677],[-61.998,57.765],[-61.901,57.804],[-61.877,57.845],[-61.94,57.915],[-62.013,57.914],[-62.081,57.882],[-62.092,57.937],[-62.153,57.969],[-62.21,57.919],[-62.285,57.948],[-62.503,57.976],[-62.365,58],[-62.313,58.042],[-62.419,58.079],[-62.379,58.107],[-62.53,58.108],[-62.462,58.145],[-62.549,58.169],[-62.587,58.129],[-62.663,58.114],[-62.752,58.116],[-62.837,58.136],[-62.95,58.124],[-63,58.084],[-63.091,58.07],[-63.014,58.139],[-62.805,58.177],[-62.655,58.168],[-62.582,58.226],[-62.699,58.26],[-62.68,58.298],[-62.61,58.311],[-62.614,58.365],[-62.647,58.41],[-62.565,58.467],[-62.668,58.486],[-62.812,58.499],[-62.971,58.447],[-63.069,58.446],[-63.138,58.479],[-63.339,58.458],[-63.363,58.481],[-63.166,58.507],[-63.148,58.528],[-62.904,58.601],[-62.851,58.701],[-62.919,58.748],[-62.909,58.823],[-62.978,58.832],[-63.028,58.876],[-63.085,58.891],[-63.115,58.847],[-63.183,58.821],[-63.215,58.882],[-63.169,58.929],[-63.17,58.987],[-63.14,59.054],[-63.389,59.095],[-63.436,59.063],[-63.511,59.059],[-63.554,59.035],[-63.622,59.041],[-63.744,59.011],[-63.753,59.048],[-63.649,59.065],[-63.589,59.06],[-63.408,59.124],[-63.365,59.202],[-63.421,59.208],[-63.393,59.283],[-63.524,59.265],[-63.534,59.342],[-63.643,59.361],[-63.718,59.295],[-63.752,59.385],[-63.794,59.42],[-63.762,59.479],[-63.722,59.5],[-63.751,59.538],[-63.851,59.566],[-63.889,59.62],[-63.956,59.636],[-63.949,59.687],[-64.044,59.679],[-64.168,59.687],[-64.239,59.74],[-64.202,59.772],[-64.101,59.695],[-64.005,59.718],[-63.95,59.763],[-64.027,59.784],[-64.034,59.849],[-64.177,59.855],[-64.125,59.898],[-64.233,59.947],[-64.157,60.013],[-64.271,60.056],[-64.328,60.03],[-64.313,59.998],[-64.43,59.941],[-64.359,60.047],[-64.369,60.165],[-64.416,60.271],[-64.524,60.301],[-64.723,60.291],[-64.854,60.269],[-64.864,60.228],[-64.75,60.188],[-64.746,60.169],[-64.602,60.167],[-64.594,60.117],[-64.708,60.085],[-64.743,60.056],[-64.82,60.05],[-64.896,60.066],[-64.84,59.97],[-64.783,59.98],[-64.732,59.951],[-64.662,59.953],[-64.641,59.907],[-64.684,59.877],[-64.742,59.889],[-64.825,59.826],[-64.76,59.707],[-64.898,59.642],[-64.84,59.553],[-64.764,59.515],[-64.729,59.467],[-64.68,59.447],[-64.59,59.466],[-64.434,59.542],[-64.324,59.513],[-64.512,59.423],[-64.538,59.371],[-64.493,59.35],[-64.544,59.31],[-64.489,59.257],[-64.522,59.197],[-64.473,59.18],[-64.49,59.099],[-64.315,59.066],[-64.262,59.013],[-64.388,59.006],[-64.46,58.982],[-64.571,59.027],[-64.67,59.039],[-64.683,59.075],[-64.779,59.075],[-64.865,59.015],[-64.821,58.917],[-64.731,58.951],[-64.652,58.944],[-64.615,58.908],[-64.55,58.887],[-64.456,58.908],[-64.333,58.905],[-64.234,58.864],[-64.23,58.784],[-64.179,58.789],[-64.138,58.746],[-64.07,58.769],[-64.045,58.81],[-63.812,58.847],[-63.778,58.884],[-63.595,58.857],[-63.551,58.837],[-63.492,58.769],[-63.507,58.743],[-63.619,58.724],[-63.754,58.717],[-63.95,58.685],[-64.047,58.703],[-64.108,58.64],[-64.105,58.563],[-64.047,58.535],[-63.974,58.53],[-63.907,58.573],[-63.858,58.564],[-63.859,58.505],[-63.808,58.49],[-63.881,58.429],[-63.987,58.444],[-64.023,58.371],[-64.172,58.362],[-64.218,58.248],[-64.248,58.227],[-64.374,58.208],[-64.422,58.187],[-64.433,58.07],[-64.321,58.061],[-64.251,58.039],[-64.205,57.974],[-64.117,57.811],[-64.072,57.77],[-63.997,57.812],[-63.939,57.789],[-63.883,57.713],[-63.847,57.719],[-63.735,57.663],[-63.597,57.741],[-63.599,57.664],[-63.65,57.62],[-63.772,57.592],[-63.751,57.536],[-63.775,57.494],[-63.761,57.439],[-63.71,57.423],[-63.701,57.368],[-63.856,57.334],[-63.883,57.278],[-63.741,57.241],[-63.771,57.196],[-63.765,57.14],[-63.82,57.075],[-63.89,57.086],[-63.908,56.928],[-63.867,56.883],[-64.013,56.85],[-64.013,56.779],[-64.079,56.767],[-64.145,56.7],[-64.091,56.654],[-64.025,56.653],[-64.05,56.606],[-63.931,56.534],[-63.931,56.466],[-63.873,56.449],[-63.993,56.408],[-64.153,56.441],[-64.099,56.352],[-64.143,56.312],[-64.09,56.28],[-63.967,56.256],[-63.863,56.213],[-64.005,56.173],[-64.036,56.155],[-64.002,56.103],[-63.953,56.088],[-63.884,56.137],[-63.811,56.085],[-63.731,56.07],[-63.637,56.024],[-63.496,56.04],[-63.505,56.001],[-63.563,56.006],[-63.734,55.928],[-63.793,55.931],[-63.845,55.879],[-63.774,55.856],[-63.777,55.801],[-63.674,55.759],[-63.725,55.727],[-63.716,55.658],[-63.665,55.546],[-63.691,55.509],[-63.775,55.482],[-63.737,55.438],[-63.665,55.423],[-63.479,55.429],[-63.393,55.405],[-63.32,55.412],[-63.325,55.366],[-63.442,55.344],[-63.552,55.345],[-63.542,55.31],[-63.679,55.267],[-63.547,55.225],[-63.463,55.255],[-63.432,55.211],[-63.563,55.188],[-63.542,55.16],[-63.611,55.091],[-63.556,55.034],[-63.559,55],[-63.605,54.926],[-63.661,54.9],[-63.752,54.942],[-63.821,54.948],[-63.849,54.863],[-63.817,54.817],[-63.904,54.801],[-63.89,54.768],[-63.803,54.726],[-63.743,54.626],[-63.813,54.651],[-63.911,54.604],[-63.974,54.62],[-64.054,54.601],[-64.142,54.667],[-64.295,54.753],[-64.397,54.79],[-64.486,54.793],[-64.557,54.714],[-64.68,54.736],[-64.778,54.733],[-64.776,54.788],[-64.748,54.814],[-64.972,54.937],[-65.01,54.931],[-65.126,54.961],[-65.173,54.934],[-65.21,54.848],[-65.326,54.849],[-65.356,54.819],[-65.456,54.849],[-65.487,54.82],[-65.435,54.784],[-65.456,54.729],[-65.593,54.743],[-65.69,54.712],[-65.777,54.803],[-65.838,54.837],[-65.85,54.927],[-66.023,54.942],[-66.064,54.929],[-66.144,54.982],[-66.21,54.979],[-66.259,55],[-66.355,55.083],[-66.466,55.16],[-66.495,55.205],[-66.603,55.269],[-66.67,55.269],[-66.697,55.305],[-66.778,55.352],[-66.824,55.307],[-66.707,55.227],[-66.749,55.216],[-66.755,55.114],[-66.735,55.044],[-66.686,55],[-66.766,55],[-66.681,54.924],[-66.664,54.882],[-66.603,54.814],[-66.659,54.77],[-66.718,54.761],[-66.813,54.779],[-66.876,54.816],[-66.948,54.822],[-67.04,54.868],[-67.057,54.895],[-67.219,55],[-67.257,55.021],[-67.244,55.06],[-67.323,55.089],[-67.41,55.089],[-67.464,55.063],[-67.422,55],[-67.4,54.958],[-67.213,54.793],[-67.063,54.693],[-67.129,54.658],[-67.139,54.625],[-67.231,54.588],[-67.278,54.549],[-67.245,54.5],[-67.349,54.517],[-67.429,54.569],[-67.527,54.571],[-67.473,54.52],[-67.5,54.482],[-67.582,54.494],[-67.668,54.454],[-67.776,54.435],[-67.725,54.387],[-67.748,54.35],[-67.676,54.319],[-67.677,54.242],[-67.628,54.213],[-67.675,54.159],[-67.765,54.157],[-67.81,54.128],[-67.762,54.086],[-67.822,54.026],[-67.787,54],[-67.7,53.977],[-67.663,53.928],[-67.596,53.922],[-67.614,53.885],[-67.571,53.846],[-67.5,53.827],[-67.592,53.757],[-67.5,53.757],[-67.506,53.719],[-67.397,53.683],[-67.395,53.615],[-67.257,53.557],[-67.219,53.53],[-67.158,53.538],[-67.03,53.527],[-66.996,53.485],[-66.945,53.476],[-66.924,53.419],[-66.966,53.365],[-67.027,53.335],[-66.958,53.306],[-66.978,53.213],[-67.006,53.168],[-66.984,53.088],[-67.042,53.076],[-67.154,53.147],[-67.287,53.144],[-67.392,53.121],[-67.381,53.046],[-67.333,52.96],[-67.356,52.929],[-67.317,52.875],[-67.269,52.878],[-67.227,52.842],[-67.074,52.875],[-67.048,52.837],[-67.067,52.775],[-67.034,52.747],[-66.949,52.76],[-66.894,52.677],[-66.854,52.721],[-66.772,52.696],[-66.754,52.751],[-66.646,52.789],[-66.664,52.885],[-66.626,52.954],[-66.577,52.937],[-66.507,52.95],[-66.432,53.048],[-66.361,53.014],[-66.322,52.939],[-66.261,52.874],[-66.295,52.86],[-66.379,52.877],[-66.414,52.849],[-66.354,52.803],[-66.308,52.729],[-66.339,52.685],[-66.277,52.634],[-66.309,52.605],[-66.389,52.682],[-66.44,52.636],[-66.375,52.573],[-66.356,52.473],[-66.391,52.466],[-66.342,52.397],[-66.37,52.354],[-66.437,52.359],[-66.491,52.342],[-66.33,52.136],[-66.264,52.165],[-66.313,52.286],[-66.25,52.274],[-66.208,52.234],[-66.16,52.232],[-66.098,52.195],[-66.077,52.162],[-66.096,52.108],[-65.97,52.057],[-65.955,52.1],[-65.877,52.11],[-65.687,52.104],[-65.649,52.081],[-65.68,52.042],[-65.548,52.039],[-65.531,52.071],[-65.412,51.971],[-65.355,51.943],[-65.398,51.891],[-65.318,51.851],[-65.21,51.813],[-65.186,51.776],[-65.083,51.746],[-65.049,51.77],[-64.931,51.714],[-64.925,51.778],[-64.773,51.753],[-64.654,51.702],[-64.554,51.576],[-64.457,51.627],[-64.417,51.675],[-64.337,51.665],[-64.278,51.746],[-64.302,51.804],[-64.353,51.849],[-64.342,51.986],[-64.28,51.975],[-64.234,51.991],[-64.279,52.038],[-64.252,52.08],[-64.254,52.121],[-64.161,52.146],[-64.201,52.177],[-64.226,52.303],[-64.18,52.306],[-64.167,52.362],[-64.109,52.394],[-64.152,52.52],[-64.211,52.574],[-64.155,52.603],[-64.137,52.729],[-64.037,52.738],[-63.937,52.731],[-63.873,52.774],[-63.819,52.759],[-63.72,52.799],[-63.6,52.824],[-63.576,52.761],[-63.526,52.725],[-63.459,52.718],[-63.381,52.665],[-63.444,52.645],[-63.597,52.648],[-63.716,52.631],[-63.85,52.626],[-64.016,52.577],[-64.088,52.507],[-64.09,52.446],[-64.026,52.406],[-64.015,52.364],[-63.861,52.319],[-63.768,52.328],[-63.772,52.283],[-63.691,52.123],[-63.708,52.093],[-63.841,52.056],[-63.801,51.998],[-62.844,51.997],[-61.807,51.996],[-61.13,51.996],[-60.202,51.997],[-59.034,51.997],[-57.965,51.996],[-57.108,51.998],[-57.105,51.656],[-57.109,51.416]]]]}},{"type":"Feature","properties":{"name":"Drummond"},"geometry":{"type":"Polygon","coordinates":[[[-72.305,46.033],[-72.354,46.059],[-72.482,46.04],[-72.518,46.098],[-72.565,46.062],[-72.588,46.016],[-72.657,46.006],[-72.734,46.032],[-72.805,45.981],[-72.753,45.943],[-72.854,45.878],[-72.853,45.864],[-72.704,45.759],[-72.578,45.753],[-72.314,45.597],[-72.299,45.589],[-72.237,45.646],[-72.311,45.688],[-72.234,45.736],[-72.207,45.696],[-72.093,45.797],[-72.135,45.841],[-72.221,45.89],[-72.261,45.89],[-72.327,45.969],[-72.286,46.001],[-72.305,46.033]]]}},{"type":"Feature","properties":{"name":"Mégantic--L'Érable"},"geometry":{"type":"Polygon","coordinates":[[[-71.105,46.309],[-71.255,46.301],[-71.322,46.349],[-71.413,46.29],[-71.508,46.338],[-71.478,46.396],[-71.531,46.434],[-71.565,46.413],[-71.618,46.453],[-71.761,46.364],[-71.881,46.451],[-71.975,46.387],[-71.892,46.327],[-71.941,46.259],[-71.986,46.247],[-71.95,46.201],[-71.972,46.135],[-71.962,46.095],[-71.913,46.1],[-71.817,46.139],[-71.689,46.075],[-71.626,46.025],[-71.686,45.967],[-71.563,45.907],[-71.455,45.873],[-71.468,45.819],[-71.437,45.799],[-71.207,45.642],[-71.233,45.581],[-71.159,45.536],[-71.16,45.458],[-71.133,45.458],[-71.131,45.247],[-71.098,45.302],[-70.954,45.339],[-70.919,45.313],[-70.898,45.244],[-70.849,45.262],[-70.814,45.3],[-70.802,45.367],[-70.825,45.4],[-70.757,45.429],[-70.73,45.399],[-70.637,45.382],[-70.628,45.421],[-70.718,45.489],[-70.69,45.562],[-70.645,45.607],[-70.591,45.63],[-70.466,45.706],[-70.4,45.72],[-70.388,45.751],[-70.414,45.796],[-70.471,45.789],[-70.5,45.827],[-70.632,45.779],[-70.893,45.78],[-70.896,45.891],[-70.968,45.901],[-71.107,45.946],[-71.046,46.006],[-70.989,46.024],[-71.025,46.058],[-70.97,46.116],[-71.013,46.168],[-70.979,46.19],[-71.105,46.309]]]}},{"type":"Feature","properties":{"name":"Cowichan--Malahat--Langford"},"geometry":{"type":"Polygon","coordinates":[[[-123.737,48.937],[-123.801,48.91],[-123.968,48.92],[-124.055,48.953],[-124.15,48.94],[-124.196,48.958],[-124.385,48.982],[-124.415,49.024],[-124.479,49.021],[-124.527,49.08],[-124.528,49.124],[-124.583,49.14],[-124.582,49.104],[-124.629,49.097],[-124.638,49.014],[-124.539,48.934],[-124.55,48.901],[-124.655,48.855],[-124.694,48.796],[-124.802,48.697],[-124.852,48.671],[-124.724,48.598],[-124.637,48.571],[-124.44,48.525],[-124.304,48.502],[-124.207,48.457],[-124.055,48.422],[-123.971,48.404],[-123.866,48.403],[-123.837,48.388],[-123.707,48.428],[-123.575,48.426],[-123.468,48.449],[-123.457,48.494],[-123.504,48.559],[-123.519,48.615],[-123.553,48.65],[-123.535,48.694],[-123.59,48.735],[-123.564,48.781],[-123.604,48.803],[-123.596,48.85],[-123.737,48.937]]]}},{"type":"Feature","properties":{"name":"Nepean"},"geometry":{"type":"Polygon","coordinates":[[[-75.696,45.334],[-75.727,45.339],[-75.886,45.321],[-75.833,45.301],[-75.858,45.27],[-75.809,45.18],[-75.69,45.229],[-75.706,45.25],[-75.696,45.334],[-75.696,45.334]]]}},{"type":"Feature","properties":{"name":"Cape Breton--Canso"},"geometry":{"type":"MultiPolygon","coordinates":[[[[-60.891,45.577],[-60.944,45.593],[-61.04,45.588],[-61.112,45.553],[-61.066,45.508],[-61.004,45.512],[-60.966,45.55],[-60.891,45.577]]],[[[-60.987,46.009],[-61.051,46.115],[-60.98,46.214],[-60.747,46.505],[-60.713,46.599],[-60.806,46.626],[-60.915,46.625],[-60.961,46.659],[-61.028,46.646],[-61.038,46.559],[-61.077,46.52],[-61.103,46.448],[-61.145,46.423],[-61.183,46.362],[-61.321,46.227],[-61.411,46.195],[-61.448,46.161],[-61.5,46.069],[-61.552,46.04],[-61.53,46.007],[-61.534,45.951],[-61.494,45.89],[-61.496,45.804],[-61.44,45.68],[-61.528,45.693],[-61.594,45.671],[-61.631,45.632],[-61.76,45.647],[-61.803,45.638],[-61.863,45.682],[-61.911,45.65],[-61.918,45.604],[-61.906,45.545],[-61.94,45.497],[-61.946,45.411],[-61.906,45.359],[-61.906,45.302],[-62.013,45.264],[-61.938,45.223],[-61.823,45.19],[-61.721,45.144],[-61.646,45.122],[-61.542,45.166],[-61.47,45.149],[-61.452,45.166],[-61.371,45.172],[-61.386,45.202],[-61.328,45.253],[-61.224,45.246],[-61.134,45.272],[-61.161,45.219],[-61.128,45.208],[-61.044,45.241],[-61.027,45.276],[-60.978,45.301],[-60.98,45.333],[-61.144,45.357],[-61.202,45.349],[-61.325,45.353],[-61.437,45.348],[-61.499,45.395],[-61.415,45.419],[-61.321,45.431],[-61.262,45.455],[-61.239,45.509],[-61.284,45.556],[-61.275,45.58],[-61.176,45.602],[-61.163,45.565],[-60.861,45.646],[-60.872,45.62],[-60.764,45.608],[-60.74,45.574],[-60.622,45.614],[-60.478,45.641],[-60.441,45.639],[-60.356,45.672],[-60.325,45.706],[-60.278,45.703],[-60.169,45.783],[-60.116,45.783],[-60.089,45.816],[-60.173,45.853],[-60.118,45.885],[-60.066,45.871],[-60.005,45.877],[-59.98,45.909],[-59.917,45.92],[-59.813,45.975],[-59.847,45.993],[-59.951,46.011],[-59.954,46.048],[-59.89,46.059],[-59.903,46.106],[-59.844,46.178],[-59.935,46.186],[-59.978,46.222],[-60.094,46.217],[-60.108,46.175],[-60.173,46.111],[-60.233,46.107],[-60.244,46.104],[-60.356,46.03],[-60.48,45.957],[-60.535,45.911],[-60.647,45.854],[-60.675,45.822],[-60.748,45.789],[-60.747,45.731],[-60.789,45.687],[-60.813,45.737],[-60.942,45.77],[-61.088,45.698],[-61.147,45.76],[-61.103,45.792],[-60.929,45.859],[-60.967,45.897],[-61.051,45.864],[-61.064,45.908],[-60.99,45.917],[-60.99,45.947],[-60.99,45.954],[-60.987,46.009]]]]}},{"type":"Feature","properties":{"name":"Notre-Dame-de-Grâce--Westmount"},"geometry":{"type":"Polygon","coordinates":[[[-73.596,45.473],[-73.595,45.504],[-73.625,45.489],[-73.668,45.457],[-73.633,45.45],[-73.596,45.473]]]}},{"type":"Feature","properties":{"name":"Beauséjour"},"geometry":{"type":"MultiPolygon","coordinates":[[[[-64.949,46.586],[-64.922,46.622],[-64.87,46.648],[-64.857,46.702],[-64.908,46.802],[-65.07,46.767],[-65.386,46.61],[-64.967,46.611],[-64.949,46.586]]],[[[-64.042,45.995],[-64.1,46.023],[-64.073,46.05],[-63.93,46.055],[-63.772,46.105],[-63.833,46.15],[-64.041,46.182],[-64.087,46.162],[-64.266,46.236],[-64.392,46.224],[-64.413,46.237],[-64.524,46.239],[-64.572,46.273],[-64.512,46.323],[-64.616,46.336],[-64.625,46.432],[-64.667,46.466],[-64.713,46.554],[-64.72,46.689],[-64.84,46.685],[-64.865,46.647],[-64.917,46.616],[-64.883,46.562],[-64.86,46.511],[-65.143,46.348],[-65.074,46.264],[-65.017,46.234],[-64.906,46.133],[-64.866,46.16],[-64.745,46.177],[-64.708,46.104],[-64.731,46.068],[-64.703,46.054],[-64.696,46.002],[-64.618,45.936],[-64.594,45.895],[-64.489,45.806],[-64.551,45.725],[-64.512,45.721],[-64.487,45.761],[-64.43,45.788],[-64.361,45.858],[-64.315,45.879],[-64.275,45.839],[-64.149,45.98],[-64.047,45.977],[-64.042,45.995]]]]}},{"type":"Feature","properties":{"name":"Delta"},"geometry":{"type":"Polygon","coordinates":[[[-122.89,49.163],[-122.912,49.194],[-122.957,49.175],[-123,49.153],[-123.079,49.117],[-123.149,49.062],[-123.099,49.035],[-122.89,49.091],[-122.89,49.108],[-122.89,49.163]]]}},{"type":"Feature","properties":{"name":"Stormont--Dundas--South Glengarry"},"geometry":{"type":"Polygon","coordinates":[[[-74.343,45.205],[-74.472,45.303],[-74.452,45.356],[-74.621,45.287],[-74.607,45.27],[-74.787,45.189],[-74.837,45.235],[-74.92,45.343],[-75.017,45.316],[-74.993,45.277],[-75.192,45.221],[-75.201,45.24],[-75.353,45.182],[-75.595,45.084],[-75.496,44.97],[-75.361,44.801],[-75.308,44.844],[-75.168,44.899],[-75.137,44.924],[-75.007,44.964],[-74.997,44.983],[-74.89,45.027],[-74.793,45.027],[-74.7,45.016],[-74.548,45.062],[-74.455,45.155],[-74.391,45.168],[-74.343,45.205]]]}},{"type":"Feature","properties":{"name":"Hochelaga"},"geometry":{"type":"Polygon","coordinates":[[[-73.509,45.576],[-73.547,45.592],[-73.568,45.59],[-73.586,45.566],[-73.587,45.565],[-73.559,45.54],[-73.541,45.533],[-73.509,45.576]]]}},{"type":"Feature","properties":{"name":"Avignon--La Mitis--Matane--Matapédia"},"geometry":{"type":"Polygon","coordinates":[[[-65.905,48.203],[-65.981,48.228],[-66.032,48.264],[-66.085,48.233],[-66.225,48.242],[-66.219,48.377],[-66.28,48.483],[-65.949,48.568],[-66.54,48.958],[-66.706,48.902],[-66.699,48.989],[-66.732,49.017],[-66.832,48.985],[-66.908,49.034],[-66.963,49.006],[-67.162,48.942],[-67.369,48.899],[-67.458,48.862],[-67.535,48.854],[-67.598,48.82],[-67.834,48.751],[-67.957,48.687],[-68.019,48.665],[-68.056,48.675],[-68.126,48.632],[-68.183,48.634],[-68.356,48.548],[-68.427,48.529],[-68.272,48.436],[-68.288,48.418],[-68.183,48.349],[-68.257,48.294],[-67.948,48.104],[-67.95,48],[-67.598,48],[-67.608,47.937],[-67.513,47.914],[-67.381,47.854],[-67.338,47.888],[-67.259,47.891],[-67.217,47.877],[-67.138,47.895],[-67.133,47.915],[-67.059,47.936],[-66.976,47.893],[-66.961,47.947],[-66.921,47.985],[-66.853,48.001],[-66.758,48.003],[-66.677,48.018],[-66.535,48.059],[-66.498,48.11],[-66.441,48.123],[-66.349,48.103],[-66.28,48.067],[-66.26,48.106],[-66.172,48.114],[-66.093,48.093],[-66.048,48.111],[-66.014,48.152],[-65.938,48.2],[-65.905,48.203]]]}},{"type":"Feature","properties":{"name":"Perth--Wellington"},"geometry":{"type":"Polygon","coordinates":[[[-80.388,43.858],[-80.399,43.856],[-80.438,44.026],[-80.569,43.998],[-80.827,43.968],[-80.836,44.005],[-80.989,43.987],[-80.954,43.822],[-81.085,43.806],[-81.031,43.764],[-81.147,43.614],[-81.183,43.629],[-81.285,43.506],[-81.35,43.535],[-81.443,43.424],[-81.287,43.356],[-81.364,43.264],[-81.224,43.203],[-81.132,43.231],[-80.736,43.353],[-80.738,43.408],[-80.794,43.467],[-80.869,43.498],[-80.755,43.648],[-80.608,43.589],[-80.595,43.662],[-80.558,43.69],[-80.449,43.769],[-80.47,43.784],[-80.388,43.858]]]}},{"type":"Feature","properties":{"name":"Mississauga--Erin Mills"},"geometry":{"type":"Polygon","coordinates":[[[-79.693,43.57],[-79.763,43.552],[-79.727,43.527],[-79.697,43.508],[-79.682,43.523],[-79.658,43.543],[-79.693,43.57]]]}},{"type":"Feature","properties":{"name":"Selkirk--Interlake--Eastman"},"geometry":{"type":"MultiPolygon","coordinates":[[[[-98.735,51.769],[-98.878,51.755],[-98.785,51.596],[-98.752,51.583],[-98.606,51.654],[-98.575,51.708],[-98.499,51.726],[-98.498,51.762],[-98.351,51.766],[-98.375,51.83],[-98.594,51.828],[-98.594,51.886],[-98.736,51.886],[-98.735,51.769]]],[[[-95.535,50.396],[-95.534,50.483],[-95.946,50.483],[-95.946,50.57],[-96.075,50.572],[-96.075,50.592],[-96.215,50.592],[-96.233,50.561],[-96.329,50.553],[-96.33,50.597],[-96.375,50.62],[-96.343,50.659],[-96.376,50.705],[-96.345,50.763],[-96.347,50.848],[-96.372,50.864],[-96.378,50.965],[-96.412,51.06],[-96.436,51.092],[-96.339,51.116],[-96.399,51.155],[-96.358,51.187],[-96.262,51.2],[-96.38,51.324],[-96.467,51.354],[-96.532,51.443],[-96.721,51.377],[-96.763,51.326],[-96.92,51.197],[-96.978,51.186],[-97.009,51.214],[-96.943,51.283],[-96.963,51.304],[-97.462,51.304],[-97.462,51.215],[-97.743,51.215],[-97.744,51.304],[-97.884,51.304],[-97.884,51.215],[-98.139,51.215],[-98.14,51.303],[-98.159,51.362],[-98.304,51.362],[-98.304,51.449],[-98.444,51.449],[-98.444,51.568],[-98.51,51.487],[-98.541,51.524],[-98.639,51.544],[-98.705,51.577],[-98.787,51.53],[-98.764,51.464],[-98.804,51.448],[-98.754,51.315],[-98.692,51.286],[-98.564,51.28],[-98.588,51.246],[-98.548,51.215],[-98.646,51.162],[-98.678,51.129],[-98.642,51.093],[-98.709,51.081],[-98.732,51.123],[-98.785,51.085],[-98.852,51.059],[-98.833,50.963],[-98.869,50.937],[-98.862,50.875],[-98.739,50.773],[-98.714,50.709],[-98.635,50.618],[-98.643,50.582],[-98.607,50.56],[-98.595,50.502],[-98.531,50.425],[-98.532,50.376],[-98.581,50.362],[-98.602,50.307],[-98.56,50.236],[-98.5,50.205],[-98.382,50.185],[-98.32,50.188],[-98.2,50.216],[-98.108,50.25],[-98.069,50.293],[-98.015,50.307],[-98.01,50.068],[-97.93,50.084],[-97.735,50.064],[-97.732,50.043],[-97.603,50.012],[-97.444,49.923],[-97.263,49.931],[-97.23,49.917],[-97.23,49.933],[-97.184,49.975],[-97.184,50.064],[-97.109,50.062],[-96.957,49.995],[-96.853,50.063],[-96.636,50.062],[-96.637,49.973],[-96.361,49.973],[-96.36,50.062],[-96.086,50.062],[-96.087,50.134],[-95.873,50.134],[-95.821,50.125],[-95.821,50.192],[-95.64,50.192],[-95.603,50.222],[-95.603,50.338],[-95.535,50.338],[-95.535,50.396]]]]}},{"type":"Feature","properties":{"name":"Kildonan--St. Paul"},"geometry":{"type":"Polygon","coordinates":[[[-96.957,49.995],[-97.109,50.062],[-97.184,50.064],[-97.184,49.975],[-97.16,49.939],[-97.11,49.926],[-97.025,49.931],[-96.957,49.995]]]}},{"type":"Feature","properties":{"name":"Gaspésie--Les Îles-de-la-Madeleine"},"geometry":{"type":"MultiPolygon","coordinates":[[[[-61.409,47.631],[-61.525,47.632],[-61.589,47.602],[-61.708,47.532],[-61.793,47.467],[-61.957,47.383],[-61.926,47.267],[-62.013,47.251],[-61.97,47.212],[-61.896,47.238],[-61.936,47.308],[-61.931,47.339],[-61.881,47.35],[-61.87,47.411],[-61.692,47.538],[-61.594,47.597],[-61.413,47.614],[-61.409,47.631]]],[[[-65.905,48.203],[-65.81,48.121],[-65.724,48.112],[-65.584,48.072],[-65.534,48.068],[-65.448,48.004],[-65.319,48.005],[-65.168,48.043],[-65.119,48.074],[-64.962,48.145],[-64.935,48.177],[-64.792,48.201],[-64.673,48.347],[-64.581,48.375],[-64.389,48.417],[-64.321,48.416],[-64.309,48.472],[-64.228,48.501],[-64.212,48.527],[-64.289,48.553],[-64.3,48.617],[-64.182,48.643],[-64.236,48.668],[-64.262,48.707],[-64.374,48.767],[-64.409,48.818],[-64.375,48.849],[-64.243,48.805],[-64.212,48.873],[-64.279,48.927],[-64.473,49.053],[-64.603,49.109],[-64.747,49.141],[-64.851,49.187],[-64.927,49.205],[-65.108,49.229],[-65.281,49.234],[-65.326,49.251],[-65.555,49.257],[-65.746,49.239],[-65.813,49.223],[-65.965,49.228],[-66.087,49.217],[-66.33,49.179],[-66.433,49.155],[-66.478,49.13],[-66.741,49.089],[-66.814,49.053],[-66.908,49.034],[-66.832,48.985],[-66.732,49.017],[-66.699,48.989],[-66.706,48.902],[-66.54,48.958],[-65.949,48.568],[-66.28,48.483],[-66.219,48.377],[-66.225,48.242],[-66.085,48.233],[-66.032,48.264],[-65.981,48.228],[-65.905,48.203]]]]}},{"type":"Feature","properties":{"name":"Mississauga East--Cooksville"},"geometry":{"type":"Polygon","coordinates":[[[-79.564,43.627],[-79.609,43.646],[-79.637,43.608],[-79.633,43.566],[-79.567,43.61],[-79.564,43.627]]]}},{"type":"Feature","properties":{"name":"Beauce"},"geometry":{"type":"Polygon","coordinates":[[[-70.268,46.221],[-70.287,46.237],[-70.372,46.213],[-70.468,46.275],[-70.514,46.282],[-70.512,46.32],[-70.662,46.425],[-70.744,46.494],[-70.814,46.528],[-70.837,46.513],[-70.923,46.578],[-71.042,46.59],[-71.049,46.621],[-71.119,46.63],[-71.189,46.581],[-71.164,46.553],[-71.229,46.482],[-71.103,46.358],[-71.105,46.309],[-70.979,46.19],[-71.013,46.168],[-70.97,46.116],[-71.025,46.058],[-70.989,46.024],[-71.046,46.006],[-71.107,45.946],[-70.968,45.901],[-70.896,45.891],[-70.893,45.78],[-70.632,45.779],[-70.5,45.827],[-70.471,45.789],[-70.414,45.796],[-70.342,45.853],[-70.284,45.872],[-70.24,45.94],[-70.312,45.962],[-70.318,46.02],[-70.29,46.094],[-70.237,46.145],[-70.29,46.185],[-70.268,46.221]]]}},{"type":"Feature","properties":{"name":"Halifax"},"geometry":{"type":"MultiPolygon","coordinates":[[[[-59.973,43.925],[-59.914,43.925],[-59.9,43.937],[-60.029,43.934],[-60.007,43.926],[-59.973,43.925]]],[[[-63.672,44.467],[-63.519,44.503],[-63.559,44.557],[-63.544,44.586],[-63.572,44.651],[-63.631,44.664],[-63.665,44.635],[-63.678,44.575],[-63.642,44.496],[-63.672,44.467]]]]}},{"type":"Feature","properties":{"name":"Calgary Confederation"},"geometry":{"type":"Polygon","coordinates":[[[-114.041,51.096],[-114.096,51.09],[-114.166,51.121],[-114.184,51.094],[-114.115,51.048],[-114.019,51.044],[-114.034,51.082],[-114.041,51.096]]]}},{"type":"Feature","properties":{"name":"Etobicoke--Lakeshore"},"geometry":{"type":"Polygon","coordinates":[[[-79.471,43.632],[-79.506,43.663],[-79.564,43.627],[-79.567,43.61],[-79.543,43.581],[-79.501,43.595],[-79.471,43.632]]]}},{"type":"Feature","properties":{"name":"St. Catharines"},"geometry":{"type":"Polygon","coordinates":[[[-79.202,43.227],[-79.289,43.197],[-79.276,43.142],[-79.192,43.145],[-79.202,43.227]]]}},{"type":"Feature","properties":{"name":"Saint-Hyacinthe--Bagot"},"geometry":{"type":"Polygon","coordinates":[[[-72.314,45.597],[-72.578,45.753],[-72.704,45.759],[-72.853,45.864],[-72.854,45.878],[-72.898,45.908],[-72.935,45.872],[-73.059,45.889],[-73.124,45.818],[-73.059,45.748],[-73.115,45.693],[-73.099,45.614],[-73.13,45.589],[-73.063,45.538],[-73.073,45.476],[-72.958,45.475],[-72.925,45.452],[-72.861,45.478],[-72.817,45.473],[-72.773,45.525],[-72.691,45.524],[-72.607,45.538],[-72.586,45.498],[-72.449,45.494],[-72.455,45.451],[-72.406,45.449],[-72.402,45.528],[-72.344,45.598],[-72.314,45.597]]]}},{"type":"Feature","properties":{"name":"Dauphin--Swan River--Neepawa"},"geometry":{"type":"Polygon","coordinates":[[[-98.785,51.085],[-98.869,51.097],[-98.879,51.159],[-98.849,51.194],[-98.872,51.257],[-98.902,51.255],[-98.977,51.194],[-99.028,51.262],[-99.073,51.274],[-99.117,51.36],[-99.103,51.381],[-99.122,51.448],[-99.124,51.523],[-99.202,51.552],[-99.295,51.551],[-99.31,51.626],[-99.443,51.633],[-99.443,51.971],[-99.462,52.057],[-99.826,52.057],[-99.844,52.078],[-99.824,52.188],[-99.863,52.274],[-99.774,52.288],[-99.707,52.446],[-99.649,52.533],[-99.684,52.587],[-99.674,52.689],[-99.722,52.746],[-99.74,52.798],[-99.715,52.842],[-100.075,52.842],[-100.075,53.001],[-101,53],[-101.672,53.001],[-101.672,52.667],[-101.638,52.667],[-101.638,52.318],[-101.609,52.318],[-101.609,51.969],[-101.578,51.969],[-101.577,51.655],[-101.571,51.655],[-101.571,51.302],[-101.539,51.302],[-101.539,50.948],[-101.509,50.948],[-101.509,50.594],[-101.477,50.594],[-101.477,50.485],[-101.477,50.241],[-101.447,50.241],[-101.447,50.064],[-100.897,50.064],[-100.897,49.887],[-100.873,49.887],[-100.872,49.798],[-100.463,49.798],[-100.463,49.887],[-99.644,49.887],[-99.643,49.798],[-99.235,49.798],[-99.234,49.754],[-99.098,49.754],[-99.098,49.798],[-98.779,49.798],[-98.551,49.798],[-98.56,49.887],[-98.56,50.236],[-98.602,50.307],[-98.581,50.362],[-98.532,50.376],[-98.531,50.425],[-98.595,50.502],[-98.607,50.56],[-98.643,50.582],[-98.635,50.618],[-98.714,50.709],[-98.739,50.773],[-98.862,50.875],[-98.869,50.937],[-98.833,50.963],[-98.852,51.059],[-98.785,51.085]]]}},{"type":"Feature","properties":{"name":"Repentigny"},"geometry":{"type":"Polygon","coordinates":[[[-73.392,45.905],[-73.456,45.944],[-73.445,45.852],[-73.524,45.814],[-73.529,45.754],[-73.488,45.714],[-73.441,45.737],[-73.367,45.819],[-73.312,45.848],[-73.392,45.905]]]}},{"type":"Feature","properties":{"name":"Kanata--Carleton"},"geometry":{"type":"Polygon","coordinates":[[[-75.886,45.321],[-75.946,45.384],[-75.906,45.41],[-75.987,45.48],[-76.09,45.514],[-76.201,45.519],[-76.245,45.469],[-76.296,45.465],[-76.354,45.411],[-76.211,45.303],[-76.05,45.171],[-76.039,45.204],[-75.974,45.244],[-75.931,45.297],[-75.858,45.27],[-75.833,45.301],[-75.886,45.321]]]}},{"type":"Feature","properties":{"name":"Saint-Léonard--Saint-Michel"},"geometry":{"type":"Polygon","coordinates":[[[-73.568,45.59],[-73.603,45.611],[-73.645,45.565],[-73.622,45.555],[-73.586,45.566],[-73.568,45.59]]]}},{"type":"Feature","properties":{"name":"Haldimand--Norfolk"},"geometry":{"type":"Polygon","coordinates":[[[-79.754,43.051],[-79.984,43.132],[-79.976,43.08],[-80.056,42.963],[-80.244,43.032],[-80.414,43.005],[-80.543,42.985],[-80.505,42.884],[-80.705,42.855],[-80.745,42.824],[-80.717,42.788],[-80.721,42.62],[-80.617,42.58],[-80.517,42.574],[-80.438,42.583],[-80.455,42.613],[-80.427,42.645],[-80.327,42.693],[-80.224,42.781],[-79.996,42.8],[-79.918,42.82],[-79.844,42.823],[-79.703,42.861],[-79.639,42.835],[-79.593,42.857],[-79.483,42.841],[-79.438,42.876],[-79.511,42.965],[-79.754,43.051]]]}},{"type":"Feature","properties":{"name":"Thornhill"},"geometry":{"type":"Polygon","coordinates":[[[-79.406,43.838],[-79.459,43.848],[-79.546,43.828],[-79.535,43.773],[-79.494,43.782],[-79.446,43.792],[-79.396,43.803],[-79.406,43.838]]]}},{"type":"Feature","properties":{"name":"Madawaska--Restigouche"},"geometry":{"type":"Polygon","coordinates":[[[-66.047,47.928],[-66.085,47.926],[-66.137,47.961],[-66.34,48.006],[-66.374,48.03],[-66.364,48.069],[-66.477,48.059],[-66.538,48.029],[-66.634,48.004],[-66.758,48.003],[-66.853,48.001],[-66.921,47.985],[-66.961,47.947],[-66.976,47.893],[-67.059,47.936],[-67.133,47.915],[-67.138,47.895],[-67.217,47.877],[-67.259,47.891],[-67.338,47.888],[-67.381,47.854],[-67.513,47.914],[-67.608,47.937],[-67.598,48],[-67.95,48],[-68.123,48],[-68.123,47.916],[-68.382,47.916],[-68.384,47.553],[-68.568,47.427],[-68.8,47.349],[-69.05,47.3],[-69.037,47.243],[-68.889,47.183],[-68.73,47.243],[-68.622,47.243],[-68.574,47.288],[-68.489,47.302],[-68.392,47.287],[-68.38,47.343],[-68.332,47.361],[-68.238,47.357],[-68.155,47.327],[-68.135,47.296],[-67.957,47.2],[-67.886,47.11],[-67.845,47.092],[-67.817,47.116],[-67.762,47.21],[-67.689,47.232],[-67.689,47.569],[-67.435,47.485],[-67.048,47.363],[-67.039,47.349],[-66.654,47.35],[-66.654,47.45],[-66.217,47.551],[-66.108,47.577],[-66.004,47.711],[-66.111,47.686],[-66.158,47.7],[-66.153,47.772],[-66.111,47.786],[-66.102,47.836],[-66.047,47.928]]]}},{"type":"Feature","properties":{"name":"Abitibi--Témiscamingue"},"geometry":{"type":"Polygon","coordinates":[[[-77.931,47.27],[-77.848,47.326],[-77.768,47.421],[-77.708,47.419],[-77.61,47.437],[-77.516,47.474],[-77.457,47.54],[-77.496,47.562],[-77.422,47.703],[-78.221,47.703],[-78.22,47.995],[-78.305,47.996],[-78.29,48.048],[-78.3,48.143],[-78.272,48.298],[-78.224,48.298],[-78.224,48.259],[-78.112,48.258],[-78.074,48.287],[-77.561,48.288],[-77.561,48.503],[-77.344,48.504],[-77.344,48.575],[-77.136,48.575],[-77.101,48.64],[-77.085,48.724],[-77.125,48.801],[-77.111,48.835],[-77.141,48.862],[-77.118,48.934],[-77.062,48.963],[-77.059,49],[-77.75,49],[-78.405,49],[-79.055,49],[-79.054,49.009],[-79.518,49.008],[-79.518,48.526],[-79.517,47.996],[-79.517,47.533],[-79.547,47.518],[-79.584,47.451],[-79.581,47.415],[-79.427,47.25],[-79.443,47.101],[-79.347,47.008],[-79.33,46.957],[-79.214,46.833],[-79.171,46.825],[-79.094,46.688],[-79.015,46.627],[-78.99,46.549],[-78.893,46.462],[-78.727,46.383],[-78.728,46.342],[-78.676,46.318],[-78.597,46.319],[-78.514,46.297],[-78.403,46.293],[-78.31,46.253],[-78.26,46.274],[-78.135,46.275],[-78.043,46.243],[-77.988,46.247],[-77.85,46.208],[-77.854,46.277],[-77.802,46.364],[-77.742,46.405],[-77.776,46.453],[-77.761,46.512],[-77.789,46.571],[-77.785,46.602],[-77.857,46.641],[-77.819,46.706],[-77.838,46.774],[-77.824,46.817],[-77.883,46.822],[-77.873,46.904],[-77.843,46.941],[-77.828,47.06],[-77.858,47.236],[-77.931,47.27]]]}},{"type":"Feature","properties":{"name":"Longueuil--Saint-Hubert"},"geometry":{"type":"Polygon","coordinates":[[[-73.39,45.537],[-73.471,45.585],[-73.52,45.535],[-73.482,45.529],[-73.42,45.483],[-73.39,45.537]]]}},{"type":"Feature","properties":{"name":"Longueuil--Charles-LeMoyne"},"geometry":{"type":"Polygon","coordinates":[[[-73.42,45.483],[-73.482,45.529],[-73.52,45.535],[-73.524,45.518],[-73.38,45.433],[-73.36,45.449],[-73.42,45.483]]]}},{"type":"Feature","properties":{"name":"Vancouver East"},"geometry":{"type":"Polygon","coordinates":[[[-123.023,49.293],[-123.107,49.289],[-123.105,49.269],[-123.101,49.257],[-123.023,49.258],[-123.023,49.266],[-123.023,49.293]]]}},{"type":"Feature","properties":{"name":"Pierre-Boucher--Les Patriotes--Verchères"},"geometry":{"type":"Polygon","coordinates":[[[-73.124,45.818],[-73.204,45.875],[-73.165,45.969],[-73.181,45.981],[-73.23,45.865],[-73.433,45.715],[-73.471,45.585],[-73.39,45.537],[-73.36,45.59],[-73.383,45.608],[-73.34,45.645],[-73.276,45.593],[-73.265,45.558],[-73.225,45.603],[-73.179,45.625],[-73.13,45.589],[-73.099,45.614],[-73.115,45.693],[-73.059,45.748],[-73.124,45.818]]]}},{"type":"Feature","properties":{"name":"Markham--Stouffville"},"geometry":{"type":"Polygon","coordinates":[[[-79.17,43.855],[-79.276,44.101],[-79.42,44.068],[-79.406,44.014],[-79.39,43.924],[-79.278,43.951],[-79.264,43.892],[-79.281,43.857],[-79.228,43.842],[-79.17,43.855]]]}},{"type":"Feature","properties":{"name":"Cardigan"},"geometry":{"type":"Polygon","coordinates":[[[-63.032,46.3],[-63.049,46.26],[-63.126,46.207],[-62.987,46.174],[-62.962,46.126],[-62.887,46.127],[-62.956,46.055],[-62.83,45.964],[-62.75,45.957],[-62.56,45.966],[-62.5,45.979],[-62.481,46.045],[-62.449,46.09],[-62.469,46.121],[-62.53,46.133],[-62.524,46.181],[-62.492,46.215],[-62.409,46.213],[-62.421,46.259],[-62.358,46.276],[-62.339,46.353],[-62.293,46.334],[-62.182,46.35],[-62.097,46.382],[-62.006,46.43],[-61.988,46.463],[-62.147,46.484],[-62.411,46.468],[-62.472,46.475],[-62.629,46.468],[-62.742,46.443],[-62.906,46.431],[-62.97,46.403],[-62.988,46.36],[-63.043,46.413],[-63.074,46.418],[-63.032,46.3]]]}},{"type":"Feature","properties":{"name":"Winnipeg South Centre"},"geometry":{"type":"Polygon","coordinates":[[[-97.127,49.886],[-97.219,49.873],[-97.234,49.814],[-97.222,49.814],[-97.143,49.822],[-97.127,49.886]]]}},{"type":"Feature","properties":{"name":"Saanich--Gulf Islands"},"geometry":{"type":"MultiPolygon","coordinates":[[[[-123.203,48.811],[-123.202,48.774],[-123.093,48.764],[-123.099,48.789],[-123.203,48.811]]],[[[-123.584,49.011],[-123.554,48.965],[-123.389,48.892],[-123.346,48.905],[-123.507,48.959],[-123.584,49.011]]],[[[-123.301,48.476],[-123.365,48.515],[-123.362,48.558],[-123.41,48.628],[-123.48,48.611],[-123.464,48.559],[-123.392,48.551],[-123.385,48.487],[-123.351,48.45],[-123.301,48.476]]],[[[-123.595,48.945],[-123.59,48.896],[-123.548,48.867],[-123.572,48.823],[-123.534,48.799],[-123.563,48.76],[-123.492,48.714],[-123.426,48.733],[-123.367,48.771],[-123.49,48.855],[-123.463,48.87],[-123.595,48.945]]]]}},{"type":"Feature","properties":{"name":"Dartmouth--Cole Harbour"},"geometry":{"type":"Polygon","coordinates":[[[-63.463,44.674],[-63.55,44.739],[-63.622,44.726],[-63.652,44.714],[-63.56,44.666],[-63.512,44.624],[-63.45,44.662],[-63.463,44.674]]]}},{"type":"Feature","properties":{"name":"Winnipeg Centre"},"geometry":{"type":"Polygon","coordinates":[[[-97.109,49.903],[-97.23,49.933],[-97.23,49.917],[-97.219,49.873],[-97.127,49.886],[-97.109,49.903]]]}},{"type":"Feature","properties":{"name":"Barrie--Innisfil"},"geometry":{"type":"Polygon","coordinates":[[[-79.712,44.166],[-79.513,44.21],[-79.509,44.422],[-79.608,44.392],[-79.746,44.362],[-79.705,44.202],[-79.712,44.166]]]}},{"type":"Feature","properties":{"name":"Calgary Rocky Ridge"},"geometry":{"type":"Polygon","coordinates":[[[-114.095,51.212],[-114.211,51.198],[-114.258,51.154],[-114.281,51.101],[-114.184,51.094],[-114.166,51.121],[-114.165,51.152],[-114.095,51.174],[-114.095,51.212]]]}},{"type":"Feature","properties":{"name":"Carlton Trail--Eagle Creek"},"geometry":{"type":"Polygon","coordinates":[[[-106.442,53.191],[-106.711,53.192],[-106.724,53.104],[-106.867,53.105],[-106.869,53.177],[-106.94,53.192],[-107.735,53.191],[-107.76,53.191],[-107.76,53.016],[-107.745,52.93],[-107.891,52.929],[-107.891,52.668],[-107.875,52.567],[-107.995,52.572],[-107.971,52.522],[-107.971,52.362],[-108.061,52.377],[-108.162,52.377],[-108.145,52.318],[-108.146,52.105],[-108.216,52.122],[-108.431,52.144],[-108.431,51.969],[-108.414,51.882],[-108.555,51.881],[-108.556,51.62],[-108.535,51.62],[-108.535,51.358],[-107.691,51.358],[-107.691,51.271],[-107.191,51.271],[-106.861,51.273],[-106.962,51.322],[-107,51.402],[-107.079,51.426],[-107.069,51.563],[-106.937,51.676],[-106.83,51.703],[-106.795,51.729],[-106.767,51.79],[-106.736,51.813],[-106.754,51.872],[-106.751,51.928],[-106.795,51.969],[-106.715,51.989],[-106.734,52.071],[-106.7,52.093],[-106.766,52.1],[-106.824,52.151],[-106.712,52.159],[-106.73,52.185],[-106.623,52.195],[-106.539,52.195],[-106.504,52.144],[-106.432,52.144],[-105.884,52.144],[-105.151,52.144],[-104.578,52.144],[-104.578,52.318],[-104.597,52.405],[-105.003,52.406],[-104.953,52.454],[-104.97,52.541],[-105.028,52.55],[-105.028,52.667],[-105.487,52.668],[-105.486,52.755],[-105.776,52.755],[-105.776,52.711],[-106.065,52.706],[-106.119,52.723],[-106.136,52.756],[-106.09,52.847],[-106.003,52.913],[-106.004,52.978],[-106.125,52.962],[-106.167,53.04],[-106.295,53.017],[-106.384,53.032],[-106.268,53.104],[-106.443,53.107],[-106.442,53.191]]]}},{"type":"Feature","properties":{"name":"London--Fanshawe"},"geometry":{"type":"Polygon","coordinates":[[[-81.258,42.941],[-81.248,42.923],[-81.113,42.945],[-81.136,43.041],[-81.19,43.07],[-81.236,43.061],[-81.199,42.986],[-81.23,42.975],[-81.258,42.941]]]}},{"type":"Feature","properties":{"name":"Eglinton--Lawrence"},"geometry":{"type":"Polygon","coordinates":[[[-79.465,43.692],[-79.45,43.696],[-79.399,43.71],[-79.408,43.754],[-79.411,43.752],[-79.473,43.725],[-79.465,43.692]]]}},{"type":"Feature","properties":{"name":"Don Valley East"},"geometry":{"type":"Polygon","coordinates":[[[-79.333,43.703],[-79.301,43.72],[-79.303,43.725],[-79.32,43.768],[-79.363,43.766],[-79.335,43.703],[-79.333,43.703]]]}},{"type":"Feature","properties":{"name":"Calgary Skyview"},"geometry":{"type":"Polygon","coordinates":[[[-113.912,51.11],[-113.912,51.154],[-113.912,51.183],[-114.002,51.184],[-114.071,51.212],[-114.071,51.134],[-114.041,51.096],[-114.034,51.082],[-113.935,51.082],[-113.912,51.11]]]}},{"type":"Feature","properties":{"name":"Haliburton--Kawartha Lakes--Brock"},"geometry":{"type":"Polygon","coordinates":[[[-77.961,44.911],[-78.178,45.31],[-78.315,45.561],[-78.86,45.415],[-78.971,45.384],[-78.843,45.145],[-79.001,45.105],[-78.934,44.986],[-79.094,44.943],[-79.063,44.84],[-79.208,44.795],[-79.082,44.516],[-79.128,44.507],[-79.164,44.471],[-79.242,44.46],[-79.156,44.263],[-79.122,44.183],[-78.952,44.221],[-78.918,44.178],[-78.883,44.217],[-78.842,44.169],[-78.77,44.227],[-78.693,44.058],[-78.516,44.099],[-78.499,44.085],[-78.347,44.12],[-78.387,44.204],[-78.355,44.212],[-78.335,44.259],[-78.425,44.29],[-78.49,44.431],[-78.488,44.466],[-78.544,44.55],[-78.655,44.794],[-78.187,44.903],[-78.141,44.917],[-78.119,44.876],[-77.961,44.911]]]}},{"type":"Feature","properties":{"name":"New Westminster--Burnaby"},"geometry":{"type":"Polygon","coordinates":[[[-122.893,49.242],[-122.964,49.23],[-122.952,49.195],[-122.957,49.188],[-122.957,49.175],[-122.912,49.194],[-122.876,49.22],[-122.893,49.242]]]}},{"type":"Feature","properties":{"name":"Thunder Bay--Superior North"},"geometry":{"type":"MultiPolygon","coordinates":[[[[-86.995,48.677],[-87.057,48.641],[-87.004,48.62],[-86.959,48.632],[-86.995,48.677]]],[[[-87.7,48.843],[-87.748,48.81],[-87.701,48.738],[-87.596,48.752],[-87.7,48.843]]],[[[-87.925,48.858],[-87.985,48.855],[-88.069,48.822],[-88.085,48.741],[-88.043,48.688],[-88.009,48.724],[-87.9,48.763],[-87.819,48.739],[-87.759,48.775],[-87.754,48.834],[-87.8,48.847],[-87.925,48.858]]],[[[-85.333,49.97],[-85.772,49.971],[-86.054,49.969],[-86.549,49.97],[-86.548,50.508],[-86.548,51.52],[-86.735,51.463],[-86.721,51.431],[-86.865,51.393],[-86.951,51.428],[-87.013,51.405],[-87.058,51.356],[-87.171,51.324],[-87.249,51.284],[-87.298,51.284],[-87.476,51.25],[-87.642,51.282],[-87.69,51.335],[-87.728,51.344],[-87.817,51.424],[-88.025,51.499],[-88.163,51.469],[-88.325,51.486],[-88.367,51.478],[-88.498,51.507],[-88.574,51.555],[-88.653,51.539],[-88.746,51.557],[-88.831,51.558],[-88.858,51.513],[-89.015,51.463],[-88.995,51.51],[-89.108,51.528],[-89.187,51.452],[-89.186,51.43],[-89.301,51.43],[-89.481,51.334],[-89.558,51.28],[-89.682,51.227],[-89.794,51.217],[-89.879,51.174],[-89.947,51.175],[-90.047,51.132],[-90.167,51.134],[-90.168,50.683],[-90.17,50.063],[-90,50.063],[-90,49.658],[-90,49.177],[-89.907,49.139],[-89.874,49.082],[-89.893,49.039],[-89.895,48.969],[-89.837,48.946],[-89.819,48.916],[-89.713,48.928],[-89.631,48.904],[-89.622,48.835],[-89.56,48.744],[-89.647,48.723],[-89.646,48.675],[-89.597,48.657],[-89.621,48.598],[-89.588,48.552],[-89.595,48.516],[-89.429,48.514],[-89.427,48.399],[-89.215,48.407],[-89.213,48.437],[-89.128,48.485],[-89.059,48.491],[-88.871,48.545],[-88.813,48.568],[-88.753,48.556],[-88.829,48.473],[-88.849,48.4],[-88.9,48.364],[-88.888,48.317],[-88.77,48.34],[-88.718,48.381],[-88.683,48.465],[-88.639,48.509],[-88.631,48.599],[-88.616,48.622],[-88.549,48.631],[-88.553,48.675],[-88.516,48.713],[-88.551,48.738],[-88.542,48.775],[-88.441,48.848],[-88.334,48.815],[-88.301,48.757],[-88.339,48.673],[-88.439,48.615],[-88.582,48.492],[-88.566,48.436],[-88.53,48.439],[-88.483,48.522],[-88.417,48.545],[-88.377,48.539],[-88.334,48.573],[-88.341,48.645],[-88.241,48.581],[-88.162,48.633],[-88.095,48.713],[-88.096,48.788],[-88.227,48.84],[-88.246,48.876],[-88.226,48.926],[-88.262,48.952],[-88.154,48.978],[-88.104,49],[-87.916,48.931],[-87.672,48.898],[-87.634,48.856],[-87.544,48.878],[-87.553,48.836],[-87.407,48.833],[-87.39,48.806],[-87.289,48.79],[-87.229,48.756],[-87.07,48.774],[-86.99,48.805],[-86.873,48.748],[-86.726,48.801],[-86.617,48.782],[-86.606,48.733],[-86.539,48.727],[-86.495,48.766],[-86.428,48.774],[-86.387,48.736],[-86.38,48.7],[-86.331,48.615],[-86.272,48.571],[-86.268,48.547],[-86.239,48.568],[-86.15,48.532],[-86.07,48.57],[-86.002,48.531],[-86,48.692],[-85.897,48.691],[-85.79,48.717],[-85.73,48.712],[-85.632,48.724],[-85.491,48.685],[-85.437,48.642],[-85.333,48.618],[-85.333,48.887],[-85.332,49.345],[-85.333,49.97]]]]}},{"type":"Feature","properties":{"name":"Durham"},"geometry":{"type":"Polygon","coordinates":[[[-78.693,44.058],[-78.77,44.227],[-78.842,44.169],[-78.883,44.217],[-78.918,44.178],[-78.952,44.221],[-79.122,44.183],[-79.047,44.009],[-78.959,44.029],[-78.914,43.925],[-78.83,43.944],[-78.796,43.867],[-78.712,43.868],[-78.604,43.897],[-78.623,43.903],[-78.693,44.058]]]}},{"type":"Feature","properties":{"name":"Ottawa South"},"geometry":{"type":"Polygon","coordinates":[[[-75.601,45.412],[-75.663,45.417],[-75.703,45.354],[-75.696,45.334],[-75.696,45.334],[-75.677,45.298],[-75.619,45.365],[-75.579,45.382],[-75.601,45.412]]]}},{"type":"Feature","properties":{"name":"Louis-Saint-Laurent"},"geometry":{"type":"Polygon","coordinates":[[[-71.265,46.837],[-71.314,46.869],[-71.386,46.874],[-71.439,46.915],[-71.51,46.863],[-71.549,46.851],[-71.492,46.803],[-71.42,46.828],[-71.335,46.796],[-71.265,46.837]]]}},{"type":"Feature","properties":{"name":"Egmont"},"geometry":{"type":"Polygon","coordinates":[[[-63.746,46.44],[-63.793,46.445],[-63.808,46.495],[-63.867,46.526],[-63.853,46.57],[-63.879,46.639],[-64.074,46.784],[-63.975,46.881],[-63.992,46.937],[-63.989,47.051],[-64.048,47.006],[-64.165,46.95],[-64.226,46.895],[-64.287,46.806],[-64.375,46.747],[-64.41,46.707],[-64.411,46.658],[-64.382,46.615],[-64.301,46.63],[-64.217,46.63],[-64.127,46.588],[-64.056,46.576],[-64.11,46.525],[-64.106,46.449],[-64.135,46.402],[-64.004,46.385],[-63.939,46.419],[-63.84,46.391],[-63.741,46.393],[-63.746,46.44]]]}},{"type":"Feature","properties":{"name":"Richmond--Arthabaska"},"geometry":{"type":"Polygon","coordinates":[[[-71.437,45.799],[-71.468,45.819],[-71.455,45.873],[-71.563,45.907],[-71.686,45.967],[-71.626,46.025],[-71.689,46.075],[-71.817,46.139],[-71.913,46.1],[-71.962,46.095],[-71.972,46.135],[-71.95,46.201],[-71.986,46.247],[-71.941,46.259],[-71.892,46.327],[-71.945,46.293],[-72.015,46.305],[-72.082,46.25],[-72.119,46.261],[-72.177,46.221],[-72.186,46.195],[-72.163,46.123],[-72.305,46.033],[-72.286,46.001],[-72.327,45.969],[-72.261,45.89],[-72.221,45.89],[-72.135,45.841],[-72.093,45.797],[-72.207,45.696],[-72.234,45.736],[-72.311,45.688],[-72.237,45.646],[-72.299,45.589],[-72.149,45.509],[-72.146,45.428],[-72.105,45.385],[-72.067,45.401],[-72.068,45.44],[-71.987,45.519],[-71.933,45.513],[-71.775,45.65],[-71.709,45.645],[-71.612,45.712],[-71.585,45.693],[-71.437,45.799]]]}},{"type":"Feature","properties":{"name":"Trois-Rivières"},"geometry":{"type":"Polygon","coordinates":[[[-72.491,46.375],[-72.563,46.403],[-72.607,46.376],[-72.704,46.424],[-72.74,46.401],[-72.702,46.356],[-72.616,46.294],[-72.578,46.304],[-72.491,46.375]]]}},{"type":"Feature","properties":{"name":"Kenora"},"geometry":{"type":"MultiPolygon","coordinates":[[[[-95.152,49.47],[-95.143,49.507],[-95.102,49.544],[-95.154,49.589],[-95.152,49.47]]],[[[-94.189,49.468],[-94.14,49.416],[-94.03,49.432],[-94.189,49.468]]],[[[-94.656,49.984],[-94.639,49.96],[-94.68,49.918],[-94.64,49.914],[-94.577,49.872],[-94.553,49.925],[-94.602,49.94],[-94.656,49.984]]],[[[-94.726,49.426],[-94.772,49.4],[-94.79,49.329],[-94.707,49.362],[-94.726,49.426]]],[[[-95.153,49.398],[-95.129,49.372],[-95.015,49.363],[-94.911,49.396],[-94.937,49.446],[-94.85,49.455],[-94.845,49.51],[-94.685,49.545],[-94.69,49.576],[-94.626,49.598],[-94.681,49.637],[-94.734,49.629],[-94.868,49.572],[-94.846,49.534],[-94.943,49.525],[-94.995,49.481],[-95.11,49.443],[-95.153,49.452],[-95.153,49.398]]],[[[-94.132,49.201],[-94.068,49.24],[-94.073,49.279],[-94.231,49.332],[-94.204,49.375],[-94.261,49.399],[-94.278,49.456],[-94.316,49.494],[-94.613,49.459],[-94.653,49.464],[-94.702,49.42],[-94.647,49.366],[-94.604,49.366],[-94.561,49.347],[-94.56,49.297],[-94.556,49.284],[-94.363,49.283],[-94.306,49.283],[-94.204,49.272],[-94.203,49.205],[-94.196,49.2],[-94.132,49.201]]],[[[-86.545,55.806],[-86.644,55.828],[-86.901,55.914],[-87.023,55.916],[-87.167,55.936],[-87.213,55.933],[-87.468,56.015],[-87.472,56.049],[-87.579,56.076],[-87.637,56.112],[-87.777,56.267],[-87.832,56.342],[-87.924,56.392],[-87.979,56.473],[-88.127,56.509],[-88.171,56.508],[-88.352,56.567],[-88.444,56.609],[-88.508,56.657],[-88.561,56.661],[-88.669,56.702],[-88.69,56.745],[-88.813,56.801],[-88.817,56.838],[-88.878,56.861],[-88.98,56.851],[-89.485,56.547],[-90.153,56.134],[-90.802,55.72],[-91.648,55.158],[-92,54.906],[-92.189,54.775],[-92.659,54.453],[-93.19,54.075],[-93.329,53.97],[-93.63,53.75],[-93.958,53.554],[-94.263,53.381],[-94.868,53.016],[-95.153,52.841],[-95.153,52.333],[-95.153,51.863],[-95.153,51.542],[-95.153,51.058],[-95.153,50.396],[-95.153,50.001],[-95.153,49.646],[-95.095,49.62],[-95.015,49.641],[-94.964,49.613],[-94.97,49.564],[-94.883,49.568],[-94.836,49.61],[-94.827,49.699],[-94.744,49.715],[-94.654,49.709],[-94.669,49.655],[-94.589,49.656],[-94.555,49.701],[-94.571,49.751],[-94.498,49.766],[-94.472,49.724],[-94.405,49.727],[-94.308,49.667],[-94.318,49.628],[-94.374,49.584],[-94.329,49.543],[-94.334,49.515],[-94.244,49.513],[-94.233,49.483],[-94.12,49.457],[-94.049,49.457],[-94.012,49.433],[-93.9,49.43],[-93.906,49.406],[-93.983,49.412],[-94.034,49.346],[-94.038,49.252],[-94.11,49.201],[-94.109,49.182],[-94.051,49.177],[-94.047,49.143],[-94.145,49.097],[-94.229,49.096],[-94.23,49.048],[-94.23,49.048],[-94.23,49],[-93.83,49],[-93.829,49.107],[-92.934,49.106],[-92.937,49.019],[-92.393,49.022],[-91.616,49.02],[-90.965,49.02],[-90.966,49.61],[-90.964,50.063],[-90.634,50.061],[-90.17,50.063],[-90.168,50.683],[-90.167,51.134],[-90.047,51.132],[-89.947,51.175],[-89.879,51.174],[-89.794,51.217],[-89.682,51.227],[-89.558,51.28],[-89.481,51.334],[-89.301,51.43],[-89.186,51.43],[-89.187,51.452],[-89.108,51.528],[-88.995,51.51],[-89.015,51.463],[-88.858,51.513],[-88.831,51.558],[-88.746,51.557],[-88.653,51.539],[-88.574,51.555],[-88.498,51.507],[-88.367,51.478],[-88.325,51.486],[-88.163,51.469],[-88.025,51.499],[-87.817,51.424],[-87.728,51.344],[-87.69,51.335],[-87.642,51.282],[-87.476,51.25],[-87.298,51.284],[-87.249,51.284],[-87.171,51.324],[-87.058,51.356],[-87.013,51.405],[-86.951,51.428],[-86.865,51.393],[-86.721,51.431],[-86.735,51.463],[-86.548,51.52],[-86.56,52.497],[-86.552,52.993],[-86.553,53.179],[-86.553,53.97],[-86.551,54.402],[-86.55,54.827],[-86.548,55.227],[-86.545,55.806]],[[-94.55,49.973],[-94.534,49.929],[-94.553,49.826],[-94.612,49.84],[-94.642,49.911],[-94.684,49.911],[-94.669,49.985],[-94.643,49.988],[-94.613,49.98],[-94.571,49.945],[-94.55,49.973]]]]}},{"type":"Feature","properties":{"name":"Esquimalt--Saanich--Sooke"},"geometry":{"type":"Polygon","coordinates":[[[-123.504,48.559],[-123.457,48.494],[-123.468,48.449],[-123.575,48.426],[-123.707,48.428],[-123.837,48.388],[-123.866,48.403],[-123.971,48.404],[-124.055,48.422],[-123.892,48.382],[-123.823,48.357],[-123.717,48.348],[-123.671,48.322],[-123.589,48.311],[-123.47,48.419],[-123.394,48.429],[-123.392,48.442],[-123.392,48.443],[-123.351,48.45],[-123.385,48.487],[-123.392,48.551],[-123.464,48.559],[-123.504,48.559]]]}},{"type":"Feature","properties":{"name":"Châteauguay--Lacolle"},"geometry":{"type":"Polygon","coordinates":[[[-73.752,45.4],[-73.833,45.33],[-73.811,45.314],[-73.851,45.229],[-73.699,45.131],[-73.671,45.099],[-73.572,45.133],[-73.511,45.087],[-73.538,45.006],[-73.411,45.01],[-73.391,45.042],[-73.4,45.107],[-73.356,45.132],[-73.352,45.234],[-73.386,45.257],[-73.37,45.312],[-73.408,45.329],[-73.502,45.285],[-73.634,45.315],[-73.752,45.4]]]}},{"type":"Feature","properties":{"name":"Vancouver Kingsway"},"geometry":{"type":"Polygon","coordinates":[[[-123.023,49.258],[-123.101,49.257],[-123.102,49.233],[-123.023,49.232],[-123.023,49.258]]]}},{"type":"Feature","properties":{"name":"North Vancouver"},"geometry":{"type":"Polygon","coordinates":[[[-122.925,49.554],[-123.102,49.548],[-123.107,49.449],[-123.124,49.406],[-123.126,49.313],[-123.039,49.298],[-123.012,49.315],[-122.983,49.409],[-122.882,49.414],[-122.883,49.471],[-122.925,49.554]]]}},{"type":"Feature","properties":{"name":"Rivière-du-Nord"},"geometry":{"type":"Polygon","coordinates":[[[-73.807,45.821],[-73.902,45.885],[-73.976,45.979],[-74.002,45.998],[-74.093,45.937],[-74.093,45.831],[-74.142,45.819],[-74.12,45.781],[-74.039,45.764],[-73.912,45.766],[-73.824,45.817],[-73.807,45.821]]]}},{"type":"Feature","properties":{"name":"Kitchener South--Hespeler"},"geometry":{"type":"Polygon","coordinates":[[[-80.283,43.421],[-80.306,43.472],[-80.392,43.45],[-80.514,43.419],[-80.481,43.358],[-80.414,43.37],[-80.359,43.412],[-80.283,43.421]]]}},{"type":"Feature","properties":{"name":"Ottawa Centre"},"geometry":{"type":"Polygon","coordinates":[[[-75.663,45.417],[-75.704,45.43],[-75.779,45.39],[-75.703,45.354],[-75.663,45.417]]]}},{"type":"Feature","properties":{"name":"Cambridge"},"geometry":{"type":"Polygon","coordinates":[[[-80.205,43.398],[-80.27,43.387],[-80.283,43.421],[-80.359,43.412],[-80.414,43.37],[-80.481,43.358],[-80.504,43.348],[-80.455,43.225],[-80.222,43.264],[-80.248,43.334],[-80.188,43.343],[-80.205,43.398]]]}},{"type":"Feature","properties":{"name":"Montcalm"},"geometry":{"type":"Polygon","coordinates":[[[-73.456,45.944],[-73.541,45.972],[-73.508,46.013],[-73.55,46.043],[-73.622,46.035],[-73.658,46.01],[-73.708,46.031],[-73.788,45.978],[-73.873,46.028],[-73.921,46.019],[-73.976,45.979],[-73.902,45.885],[-73.807,45.821],[-73.687,45.795],[-73.699,45.747],[-73.669,45.727],[-73.589,45.717],[-73.529,45.754],[-73.524,45.814],[-73.445,45.852],[-73.456,45.944]]]}},{"type":"Feature","properties":{"name":"Spadina--Fort York"},"geometry":{"type":"Polygon","coordinates":[[[-79.355,43.648],[-79.349,43.653],[-79.384,43.656],[-79.421,43.649],[-79.428,43.642],[-79.427,43.63],[-79.355,43.648]]]}},{"type":"Feature","properties":{"name":"Coast of Bays--Central--Notre Dame"},"geometry":{"type":"MultiPolygon","coordinates":[[[[-55.558,49.541],[-55.66,49.536],[-55.648,49.503],[-55.558,49.541]]],[[[-55.58,49.598],[-55.613,49.587],[-55.727,49.608],[-55.731,49.566],[-55.62,49.578],[-55.58,49.598]]],[[[-55.688,49.561],[-55.743,49.562],[-55.757,49.524],[-55.735,49.487],[-55.668,49.525],[-55.688,49.561]]],[[[-55.857,47.776],[-55.975,47.75],[-55.987,47.715],[-55.9,47.729],[-55.857,47.776]]],[[[-54.681,49.494],[-54.774,49.441],[-54.76,49.406],[-54.693,49.422],[-54.681,49.494]]],[[[-55.939,47.702],[-56.103,47.661],[-56.044,47.615],[-55.913,47.598],[-55.902,47.631],[-55.937,47.653],[-55.939,47.702]]],[[[-54.551,49.648],[-54.682,49.617],[-54.69,49.582],[-54.772,49.539],[-54.838,49.583],[-54.911,49.583],[-54.852,49.516],[-54.855,49.48],[-54.77,49.488],[-54.747,49.527],[-54.633,49.541],[-54.554,49.581],[-54.551,49.648]]],[[[-54.104,49.744],[-54.162,49.747],[-54.201,49.719],[-54.268,49.723],[-54.319,49.676],[-54.307,49.624],[-54.32,49.577],[-54.289,49.562],[-54.229,49.6],[-54.109,49.614],[-54.041,49.668],[-54.104,49.744]]],[[[-54.419,49.329],[-54.483,49.289],[-54.498,49.391],[-54.471,49.411],[-54.508,49.469],[-54.505,49.557],[-54.555,49.54],[-54.629,49.462],[-54.697,49.375],[-54.797,49.355],[-54.802,49.3],[-54.89,49.295],[-54.961,49.309],[-55.012,49.281],[-55.07,49.295],[-55.186,49.259],[-55.312,49.19],[-55.335,49.147],[-55.384,49.169],[-55.309,49.225],[-55.245,49.257],[-55.249,49.344],[-55.206,49.38],[-55.136,49.487],[-55.164,49.545],[-55.234,49.531],[-55.323,49.533],[-55.264,49.406],[-55.364,49.401],[-55.411,49.436],[-55.396,49.504],[-55.465,49.491],[-55.477,49.454],[-55.574,49.433],[-55.616,49.46],[-55.683,49.4],[-55.807,49.517],[-55.849,49.531],[-55.89,49.507],[-55.998,49.496],[-55.877,49.569],[-55.927,49.617],[-55.855,49.672],[-55.917,49.693],[-55.951,49.671],[-56.033,49.711],[-55.955,49.749],[-55.907,49.757],[-55.855,49.793],[-55.695,49.831],[-55.564,49.913],[-55.514,49.917],[-55.478,49.959],[-55.532,50.004],[-55.611,49.964],[-55.699,49.97],[-55.766,49.918],[-55.871,49.981],[-55.879,50.017],[-55.93,50.039],[-56.023,50.036],[-56.093,50.011],[-56.113,50.041],[-56.085,50.07],[-56.111,50.125],[-56.16,50.158],[-56.226,50.122],[-56.333,50.032],[-56.452,49.896],[-56.476,49.903],[-56.619,49.815],[-56.652,49.759],[-56.716,49.709],[-56.77,49.636],[-56.85,49.549],[-56.848,49.505],[-56.993,48.964],[-57.213,48.564],[-57.407,48.131],[-57.521,47.84],[-57.273,47.779],[-57.268,47.778],[-56.774,47.652],[-56.74,47.601],[-56.698,47.582],[-56.592,47.618],[-56.385,47.603],[-56.327,47.626],[-56.222,47.634],[-56.157,47.664],[-56.157,47.724],[-56.086,47.698],[-56.002,47.741],[-56.003,47.758],[-55.916,47.765],[-55.866,47.783],[-55.816,47.764],[-55.831,47.733],[-55.896,47.705],[-55.932,47.657],[-55.861,47.6],[-55.992,47.546],[-56.167,47.516],[-56.117,47.465],[-56.044,47.497],[-55.984,47.498],[-55.946,47.53],[-55.875,47.536],[-55.838,47.566],[-55.801,47.543],[-55.854,47.47],[-55.777,47.449],[-55.662,47.494],[-55.634,47.459],[-55.45,47.466],[-55.41,47.49],[-55.401,47.56],[-55.442,47.592],[-55.426,47.675],[-55.447,47.707],[-55.363,47.724],[-55.386,47.68],[-55.288,47.645],[-55.103,47.627],[-55.036,47.682],[-55.031,47.709],[-54.939,47.795],[-54.663,48.25],[-54.3,48.814],[-54.235,48.952],[-54.369,49.147],[-54.316,49.327],[-54.419,49.329]]]]}},{"type":"Feature","properties":{"name":"Niagara Centre"},"geometry":{"type":"Polygon","coordinates":[[[-79.116,42.859],[-79.115,42.96],[-79.169,42.96],[-79.176,43.138],[-79.192,43.145],[-79.276,43.142],[-79.291,43.017],[-79.281,42.872],[-79.156,42.875],[-79.116,42.859]]]}},{"type":"Feature","properties":{"name":"Simcoe North"},"geometry":{"type":"MultiPolygon","coordinates":[[[[-80.238,44.884],[-80.245,44.833],[-80.19,44.809],[-80.156,44.824],[-80.175,44.871],[-80.238,44.884]]],[[[-79.698,44.821],[-79.72,44.755],[-79.782,44.745],[-79.847,44.76],[-79.904,44.842],[-79.951,44.867],[-80.124,44.81],[-80.127,44.75],[-80.032,44.723],[-79.98,44.668],[-80.005,44.594],[-79.996,44.565],[-79.984,44.57],[-79.684,44.702],[-79.572,44.576],[-79.458,44.43],[-79.242,44.46],[-79.164,44.471],[-79.128,44.507],[-79.082,44.516],[-79.208,44.795],[-79.295,44.775],[-79.395,44.776],[-79.394,44.825],[-79.526,44.85],[-79.658,44.894],[-79.704,44.856],[-79.698,44.821]]]]}},{"type":"Feature","properties":{"name":"Saskatoon--University"},"geometry":{"type":"Polygon","coordinates":[[[-106.504,52.144],[-106.539,52.195],[-106.623,52.195],[-106.669,52.121],[-106.587,52.115],[-106.504,52.144]]]}},{"type":"Feature","properties":{"name":"Charlesbourg--Haute-Saint-Charles"},"geometry":{"type":"Polygon","coordinates":[[[-71.285,46.94],[-71.336,46.955],[-71.374,46.933],[-71.421,46.982],[-71.448,46.969],[-71.439,46.915],[-71.386,46.874],[-71.314,46.869],[-71.265,46.837],[-71.262,46.835],[-71.233,46.885],[-71.285,46.94]]]}},{"type":"Feature","properties":{"name":"Cariboo--Prince George"},"geometry":{"type":"Polygon","coordinates":[[[-123.52,54.154],[-123.964,54.21],[-124.199,54.294],[-124.273,54.293],[-124.349,54.265],[-124.4,54.269],[-124.466,54.233],[-124.467,54.128],[-124.367,54.128],[-124.353,54.071],[-124.366,53.998],[-124.436,53.998],[-124.436,53.897],[-124.5,53.895],[-124.501,53.529],[-124.518,53.477],[-124.552,53.462],[-124.523,53.402],[-124.629,53.386],[-124.647,53.408],[-124.737,53.355],[-124.806,53.369],[-124.899,53.435],[-124.984,53.432],[-124.996,53.242],[-125,53],[-125.751,53],[-126.609,53],[-126.646,52.942],[-126.598,52.913],[-126.587,52.879],[-126.639,52.846],[-126.601,52.813],[-126.554,52.815],[-126.53,52.775],[-126.416,52.794],[-126.336,52.83],[-126.334,52.752],[-126.361,52.707],[-126.446,52.654],[-126.359,52.535],[-126.318,52.518],[-126.27,52.541],[-126.198,52.5],[-126.136,52.577],[-126.047,52.582],[-125.988,52.619],[-125.885,52.628],[-125.799,52.525],[-125.735,52.48],[-125.62,52.511],[-125.53,52.497],[-125.456,52.472],[-125.489,52.432],[-125.359,52.381],[-125.383,52.33],[-125.439,52.276],[-125.477,52.28],[-125.503,52.229],[-125.451,52.205],[-125.483,52.178],[-125.599,52.158],[-125.669,52.122],[-125.659,52.061],[-125.58,52.056],[-125.616,51.988],[-125.575,51.913],[-125.487,51.916],[-125.501,51.878],[-125.428,51.842],[-125.379,51.789],[-125.255,51.765],[-125.233,51.64],[-125.292,51.609],[-125.238,51.572],[-125.29,51.476],[-125.327,51.454],[-125.339,51.409],[-125.251,51.394],[-125.177,51.399],[-125.131,51.364],[-125.009,51.35],[-124.965,51.328],[-124.888,51.33],[-124.8,51.305],[-124.762,51.238],[-124.581,51.181],[-124.434,51.148],[-124.402,51.188],[-124.351,51.147],[-124.245,51.149],[-124.185,51.135],[-124.155,51.037],[-124.087,51.01],[-124.06,50.959],[-123.996,50.963],[-123.937,50.936],[-123.882,50.949],[-123.758,50.883],[-123.662,50.88],[-123.452,50.981],[-123.243,51],[-123.235,51.058],[-123.182,51.072],[-123.147,51.123],[-123.05,51.15],[-123.033,51.201],[-122.905,51.184],[-122.823,51.145],[-122.743,51.159],[-122.675,51.099],[-122.626,51.08],[-122.579,51.103],[-122.602,51.143],[-122.59,51.177],[-122.53,51.209],[-122.571,51.248],[-122.631,51.249],[-122.675,51.274],[-122.613,51.373],[-122.624,51.417],[-122.559,51.435],[-122.56,51.485],[-122.469,51.482],[-122.428,51.51],[-122.331,51.524],[-122.282,51.516],[-121.946,51.517],[-121.941,51.64],[-121.955,51.732],[-121.979,51.732],[-121.978,51.876],[-121.836,51.876],[-121.829,51.992],[-121.555,51.992],[-121.556,52.08],[-121.21,52.071],[-121.204,51.993],[-120.884,51.992],[-120.886,52.136],[-120.388,52.137],[-120.387,52.179],[-120.535,52.329],[-120.521,52.38],[-120.459,52.421],[-120.542,52.466],[-120.509,52.495],[-120.408,52.534],[-120.363,52.528],[-120.294,52.608],[-120.235,52.635],[-120.294,52.726],[-120.313,52.859],[-120.143,52.877],[-120.17,52.925],[-120.227,52.918],[-120.338,52.927],[-120.377,52.965],[-120.434,52.973],[-120.488,53.055],[-120.425,53.068],[-120.417,53.1],[-120.467,53.149],[-120.627,53.214],[-120.715,53.265],[-120.787,53.257],[-121.018,53.33],[-120.998,53.383],[-121.073,53.393],[-121.228,53.385],[-121.288,53.446],[-121.555,53.439],[-121.571,53.453],[-121.814,53.457],[-122.163,53.457],[-122.183,53.525],[-122.357,53.524],[-122.397,53.591],[-122.666,53.595],[-122.671,53.645],[-122.727,53.674],[-122.708,53.775],[-122.736,53.807],[-122.782,53.924],[-122.877,53.978],[-122.934,53.967],[-122.963,53.9],[-123.002,53.876],[-123.086,53.859],[-123.125,53.903],[-123.205,53.916],[-123.273,53.987],[-123.371,53.967],[-123.491,54.003],[-123.535,53.987],[-123.585,54.024],[-123.587,54.058],[-123.485,54.071],[-123.566,54.106],[-123.52,54.154]]]}},{"type":"Feature","properties":{"name":"Kamloops--Thompson--Cariboo"},"geometry":{"type":"Polygon","coordinates":[[[-120.143,52.877],[-120.313,52.859],[-120.294,52.726],[-120.235,52.635],[-120.294,52.608],[-120.363,52.528],[-120.408,52.534],[-120.509,52.495],[-120.542,52.466],[-120.459,52.421],[-120.521,52.38],[-120.535,52.329],[-120.387,52.179],[-120.388,52.137],[-120.886,52.136],[-120.884,51.992],[-121.204,51.993],[-121.21,52.071],[-121.556,52.08],[-121.555,51.992],[-121.829,51.992],[-121.836,51.876],[-121.978,51.876],[-121.979,51.732],[-121.955,51.732],[-121.941,51.64],[-121.946,51.517],[-122.282,51.516],[-122.331,51.524],[-122.428,51.51],[-122.469,51.482],[-122.56,51.485],[-122.559,51.435],[-122.624,51.417],[-122.613,51.373],[-122.675,51.274],[-122.631,51.249],[-122.571,51.248],[-122.53,51.209],[-122.471,51.157],[-122.465,51.114],[-122.376,51.107],[-122.306,51.044],[-122.197,51.018],[-122.165,50.99],[-121.914,50.987],[-121.915,50.997],[-121.627,50.996],[-121.626,50.925],[-121.049,50.925],[-121.05,50.838],[-120.911,50.744],[-120.91,50.662],[-121.011,50.678],[-121.065,50.601],[-121.009,50.576],[-121.017,50.549],[-120.96,50.548],[-120.913,50.503],[-120.784,50.504],[-120.797,50.459],[-120.728,50.431],[-120.634,50.43],[-120.566,50.401],[-120.432,50.4],[-120.432,50.386],[-120.226,50.386],[-120.225,50.371],[-120.092,50.358],[-119.789,50.358],[-119.651,50.402],[-119.652,50.569],[-119.744,50.73],[-119.801,50.757],[-119.804,50.984],[-119.537,50.984],[-119.548,51.011],[-119.507,51.067],[-119.526,51.107],[-119.484,51.174],[-119.44,51.182],[-119.441,51.222],[-119.371,51.255],[-119.294,51.246],[-119.237,51.268],[-119.187,51.354],[-119.059,51.395],[-118.953,51.461],[-118.95,51.507],[-118.984,51.542],[-118.961,51.61],[-118.971,51.652],[-118.924,51.69],[-118.886,51.733],[-118.887,51.775],[-118.961,51.811],[-118.95,51.849],[-118.988,51.931],[-118.909,51.928],[-118.891,51.954],[-118.972,51.977],[-118.944,52.026],[-118.856,52.046],[-118.873,52.076],[-118.834,52.164],[-118.803,52.177],[-118.847,52.207],[-118.882,52.264],[-118.788,52.305],[-118.868,52.344],[-118.926,52.354],[-118.948,52.391],[-118.924,52.463],[-118.886,52.474],[-118.928,52.569],[-119.034,52.595],[-119.056,52.633],[-119.193,52.637],[-119.531,52.632],[-119.578,52.648],[-119.616,52.689],[-119.677,52.696],[-119.768,52.66],[-120.025,52.758],[-120.061,52.824],[-120.143,52.877]]]}},{"type":"Feature","properties":{"name":"Pickering--Uxbridge"},"geometry":{"type":"Polygon","coordinates":[[[-79.039,43.816],[-79.089,43.904],[-79.009,43.923],[-79.047,44.009],[-79.122,44.183],[-79.156,44.263],[-79.328,44.223],[-79.276,44.101],[-79.17,43.855],[-79.152,43.815],[-79.115,43.795],[-79.039,43.816]]]}},{"type":"Feature","properties":{"name":"Davenport"},"geometry":{"type":"Polygon","coordinates":[[[-79.429,43.671],[-79.45,43.696],[-79.465,43.692],[-79.46,43.667],[-79.428,43.642],[-79.421,43.649],[-79.429,43.671]]]}},{"type":"Feature","properties":{"name":"Surrey Centre"},"geometry":{"type":"Polygon","coordinates":[[[-122.823,49.163],[-122.812,49.22],[-122.876,49.22],[-122.912,49.194],[-122.89,49.163],[-122.823,49.163]]]}},{"type":"Feature","properties":{"name":"Rivière-des-Mille-Îles"},"geometry":{"type":"Polygon","coordinates":[[[-73.779,45.655],[-73.826,45.631],[-73.864,45.644],[-73.92,45.634],[-74.019,45.567],[-73.973,45.534],[-73.909,45.531],[-73.841,45.583],[-73.779,45.655]]]}},{"type":"Feature","properties":{"name":"Nipissing--Timiskaming"},"geometry":{"type":"Polygon","coordinates":[[[-79.584,47.451],[-79.631,47.48],[-79.631,47.581],[-79.76,47.581],[-79.76,47.407],[-80.272,47.407],[-80.272,47.32],[-80.274,47.056],[-80.289,47.056],[-80.292,46.711],[-80.037,46.708],[-80.04,46.625],[-79.756,46.624],[-79.759,46.447],[-79.634,46.447],[-79.633,46.373],[-79.884,46.366],[-79.857,46.307],[-79.702,46.368],[-79.632,46.35],[-79.63,46.216],[-79.661,46.214],[-79.662,46.183],[-79.613,46.093],[-79.682,46.074],[-79.586,45.906],[-79.258,45.994],[-79.13,45.752],[-79.048,45.753],[-78.86,45.415],[-78.315,45.561],[-78.248,45.579],[-78.445,45.932],[-78.616,45.888],[-78.682,46.007],[-78.503,46.055],[-78.509,46.073],[-78.328,46.121],[-78.412,46.273],[-78.403,46.293],[-78.514,46.297],[-78.597,46.319],[-78.676,46.318],[-78.728,46.342],[-78.727,46.383],[-78.893,46.462],[-78.99,46.549],[-79.015,46.627],[-79.094,46.688],[-79.171,46.825],[-79.214,46.833],[-79.33,46.957],[-79.347,47.008],[-79.443,47.101],[-79.427,47.25],[-79.581,47.415],[-79.584,47.451]]]}},{"type":"Feature","properties":{"name":"Edmonton Strathcona"},"geometry":{"type":"Polygon","coordinates":[[[-113.485,53.541],[-113.542,53.537],[-113.561,53.506],[-113.496,53.481],[-113.344,53.483],[-113.394,53.517],[-113.402,53.557],[-113.485,53.541]]]}},{"type":"Feature","properties":{"name":"Halifax West"},"geometry":{"type":"Polygon","coordinates":[[[-63.622,44.726],[-63.683,44.752],[-63.802,44.84],[-63.866,44.796],[-63.877,44.778],[-63.851,44.701],[-63.7,44.629],[-63.665,44.635],[-63.631,44.664],[-63.652,44.714],[-63.622,44.726]]]}},{"type":"Feature","properties":{"name":"Lanark--Frontenac--Kingston"},"geometry":{"type":"Polygon","coordinates":[[[-76.05,45.171],[-76.211,45.303],[-76.354,45.411],[-76.483,45.323],[-76.584,45.264],[-76.77,45.142],[-76.815,45.221],[-76.895,45.194],[-76.929,45.211],[-76.981,45.183],[-76.971,45.145],[-77.137,45.099],[-77.066,44.963],[-77.221,44.92],[-77.168,44.764],[-77.118,44.777],[-77.032,44.612],[-76.925,44.638],[-76.825,44.507],[-76.667,44.285],[-76.579,44.29],[-76.494,44.269],[-76.385,44.315],[-76.235,44.331],[-76.255,44.498],[-76.278,44.501],[-76.364,44.573],[-76.526,44.721],[-76.402,44.795],[-76.291,44.704],[-76.22,44.754],[-76.177,44.832],[-76.073,44.893],[-75.997,44.889],[-75.951,44.868],[-75.885,44.871],[-75.82,44.962],[-75.953,45.072],[-75.941,45.08],[-76.05,45.171]]]}},{"type":"Feature","properties":{"name":"Acadie--Bathurst"},"geometry":{"type":"MultiPolygon","coordinates":[[[[-64.518,48.02],[-64.599,47.923],[-64.526,47.919],[-64.487,47.948],[-64.518,48.02]]],[[[-64.503,47.883],[-64.536,47.862],[-64.634,47.886],[-64.705,47.835],[-64.654,47.791],[-64.651,47.729],[-64.579,47.768],[-64.506,47.851],[-64.503,47.883]]],[[[-64.881,47.449],[-64.871,47.475],[-64.906,47.514],[-64.906,47.55],[-64.844,47.579],[-64.799,47.632],[-64.816,47.669],[-64.675,47.714],[-64.794,47.794],[-64.856,47.808],[-64.965,47.793],[-65.003,47.838],[-65.181,47.819],[-65.324,47.758],[-65.359,47.755],[-65.435,47.7],[-65.498,47.671],[-65.633,47.663],[-65.706,47.726],[-65.733,47.83],[-65.827,47.901],[-65.899,47.921],[-66.047,47.928],[-66.102,47.836],[-66.111,47.786],[-66.153,47.772],[-66.158,47.7],[-66.111,47.686],[-66.004,47.711],[-66.108,47.577],[-66.217,47.551],[-65.816,47.233],[-65.467,47.313],[-64.881,47.449]]]]}},{"type":"Feature","properties":{"name":"Peace River--Westlock"},"geometry":{"type":"Polygon","coordinates":[[[-114,58.765],[-115.862,58.767],[-116.983,58.754],[-116.972,58.515],[-116.961,58.471],[-116.847,58.472],[-116.846,58.43],[-117.075,58.428],[-117.05,58.08],[-116.975,58.054],[-117.092,58.035],[-117.144,57.935],[-117.02,57.852],[-117.097,57.786],[-117.018,57.78],[-117.055,57.702],[-117.044,57.676],[-117.096,57.624],[-117.027,57.592],[-116.951,57.592],[-116.914,57.563],[-116.95,57.532],[-117.11,57.52],[-117.114,57.498],[-117.03,57.475],[-117.026,57.441],[-117.073,57.415],[-117.13,57.346],[-117.151,57.294],[-117.075,57.283],[-117.092,57.163],[-117.14,57.134],[-117.257,57.12],[-117.211,57.058],[-117.224,56.948],[-117.242,56.899],[-117.305,56.855],[-117.274,56.809],[-117.234,56.697],[-117.123,56.648],[-117.148,56.598],[-117.08,56.577],[-117.096,56.481],[-117.16,56.408],[-117.165,56.372],[-117.247,56.338],[-117.278,56.269],[-117.321,56.248],[-118,56.247],[-118,56.16],[-118.784,56.16],[-118.784,56.131],[-118.903,56.13],[-118.888,56.095],[-118.911,56.042],[-118.829,56.021],[-118.787,55.946],[-118.628,55.923],[-118.627,55.898],[-118.471,55.898],[-118.466,55.723],[-118.621,55.723],[-118.621,55.461],[-118.361,55.461],[-118.363,55.527],[-118.31,55.528],[-118.259,55.563],[-118.146,55.545],[-118.071,55.549],[-117.985,55.582],[-117.949,55.557],[-117.827,55.549],[-117.702,55.563],[-117.719,55.599],[-117.649,55.609],[-117.569,55.67],[-117.571,55.462],[-117.539,55.462],[-117.539,55.375],[-117.36,55.375],[-117.363,55.031],[-117.51,55.031],[-117.51,54.589],[-117.512,54.044],[-117.335,54.024],[-117.289,54.006],[-117.097,53.974],[-117.031,54.004],[-116.954,54.017],[-116.882,54],[-116.78,54.039],[-116.75,54.1],[-116.702,54.066],[-116.528,54.065],[-116.527,53.978],[-115.869,53.978],[-115.847,53.95],[-115.872,53.891],[-115.785,53.89],[-115.785,53.819],[-115.487,53.819],[-115.487,53.803],[-115.337,53.803],[-115.337,54.064],[-115.2,54.065],[-115.202,54.152],[-115.002,54.152],[-115.002,54.123],[-114.827,54.123],[-114.821,54.035],[-114.795,53.976],[-114.733,53.977],[-114.728,53.925],[-114.67,53.929],[-114.488,53.949],[-114.429,53.977],[-114.349,53.978],[-114.35,53.934],[-114.299,53.934],[-114.287,53.89],[-114.151,53.89],[-114.15,53.854],[-114.051,53.854],[-114.051,53.927],[-113.98,53.905],[-113.868,53.905],[-113.806,53.92],[-113.781,53.993],[-113.571,54.022],[-113.347,54.023],[-113.375,54.094],[-113.375,54.268],[-113.3,54.269],[-113.301,54.327],[-113.6,54.327],[-113.613,54.363],[-113.675,54.363],[-113.686,54.413],[-113.692,54.762],[-113.664,54.762],[-113.666,54.937],[-113.361,54.937],[-113.361,55.024],[-113.514,55.024],[-113.52,55.11],[-113.546,55.11],[-113.544,55.461],[-113.573,55.461],[-113.574,55.636],[-114.312,55.636],[-114.31,55.81],[-114.938,55.809],[-114.939,56.161],[-114.95,56.16],[-114.95,56.459],[-114.082,56.457],[-114.079,56.804],[-114.958,56.808],[-114.965,56.856],[-114.975,57.381],[-114,57.381],[-114,58.081],[-114,58.664],[-113.925,58.689],[-113.727,58.689],[-113.724,58.765],[-114,58.765]]]}},{"type":"Feature","properties":{"name":"Regina--Qu'Appelle"},"geometry":{"type":"Polygon","coordinates":[[[-103.244,50.529],[-103.261,50.592],[-103.261,50.844],[-102.913,50.915],[-102.943,50.973],[-103.27,51.09],[-103.269,51.297],[-103.28,51.387],[-103.704,51.387],[-103.707,51.882],[-104.557,51.882],[-104.557,51.62],[-104.538,51.62],[-104.538,51.287],[-104.519,51.252],[-104.519,50.921],[-104.501,50.867],[-104.616,50.776],[-104.618,50.543],[-104.641,50.506],[-104.618,50.447],[-104.526,50.468],[-104.481,50.448],[-104.48,50.397],[-103.552,50.396],[-103.244,50.397],[-103.244,50.529]]]}},{"type":"Feature","properties":{"name":"Flamborough--Glanbrook"},"geometry":{"type":"Polygon","coordinates":[[[-79.892,43.293],[-79.913,43.308],[-79.868,43.353],[-80.034,43.471],[-80.079,43.418],[-80.205,43.398],[-80.188,43.343],[-80.248,43.334],[-80.222,43.264],[-80.201,43.211],[-79.984,43.132],[-79.754,43.051],[-79.71,43.156],[-79.659,43.144],[-79.636,43.195],[-79.757,43.212],[-79.82,43.2],[-79.912,43.207],[-80.039,43.183],[-80.057,43.245],[-79.892,43.293]]]}},{"type":"Feature","properties":{"name":"Churchill--Keewatinook Aski"},"geometry":{"type":"Polygon","coordinates":[[[-94.828,60],[-95.325,60],[-96,60],[-96.75,60],[-97.5,60],[-98,60],[-99,60],[-99.5,60],[-100.5,60],[-101.5,60],[-102,60],[-102.007,59.752],[-102.007,59.001],[-102.006,58.314],[-102.005,57.178],[-102.007,57.083],[-102.008,56.5],[-102.004,55.809],[-101.964,55.809],[-101.964,55.46],[-101.924,55.46],[-101.924,55.112],[-101.885,55.112],[-101.885,54.763],[-101.847,54.763],[-101.847,54.414],[-101.81,54.414],[-101.81,54.064],[-101.771,54.064],[-101.771,53.711],[-101.735,53.711],[-101.736,53.366],[-101.701,53.366],[-101.701,53.016],[-101.672,53.001],[-101,53],[-100.075,53.001],[-100.075,52.842],[-99.715,52.842],[-99.74,52.798],[-99.722,52.746],[-99.674,52.689],[-99.684,52.587],[-99.649,52.533],[-99.707,52.446],[-99.774,52.288],[-99.863,52.274],[-99.824,52.188],[-99.844,52.078],[-99.826,52.057],[-99.462,52.057],[-99.443,51.971],[-99.443,51.633],[-99.31,51.626],[-99.295,51.551],[-99.202,51.552],[-99.124,51.523],[-99.122,51.448],[-99.103,51.381],[-99.117,51.36],[-99.073,51.274],[-99.028,51.262],[-98.977,51.194],[-98.902,51.255],[-98.872,51.257],[-98.849,51.194],[-98.879,51.159],[-98.869,51.097],[-98.785,51.085],[-98.732,51.123],[-98.709,51.081],[-98.642,51.093],[-98.678,51.129],[-98.646,51.162],[-98.548,51.215],[-98.588,51.246],[-98.564,51.28],[-98.692,51.286],[-98.754,51.315],[-98.804,51.448],[-98.764,51.464],[-98.787,51.53],[-98.705,51.577],[-98.639,51.544],[-98.541,51.524],[-98.51,51.487],[-98.444,51.568],[-98.444,51.449],[-98.304,51.449],[-98.304,51.362],[-98.159,51.362],[-98.14,51.303],[-98.139,51.215],[-97.884,51.215],[-97.884,51.304],[-97.744,51.304],[-97.743,51.215],[-97.462,51.215],[-97.462,51.304],[-96.963,51.304],[-96.943,51.283],[-97.009,51.214],[-96.978,51.186],[-96.92,51.197],[-96.763,51.326],[-96.721,51.377],[-96.532,51.443],[-96.467,51.354],[-96.38,51.324],[-96.262,51.2],[-96.358,51.187],[-96.399,51.155],[-96.339,51.116],[-96.436,51.092],[-96.412,51.06],[-96.378,50.965],[-96.372,50.864],[-96.347,50.848],[-96.345,50.763],[-96.376,50.705],[-96.343,50.659],[-96.375,50.62],[-96.33,50.597],[-96.329,50.553],[-96.233,50.561],[-96.215,50.592],[-96.075,50.592],[-96.075,50.572],[-95.946,50.57],[-95.946,50.483],[-95.534,50.483],[-95.535,50.396],[-95.153,50.396],[-95.153,51.058],[-95.153,51.542],[-95.153,51.863],[-95.153,52.333],[-95.153,52.841],[-94.868,53.016],[-94.263,53.381],[-93.958,53.554],[-93.63,53.75],[-93.329,53.97],[-93.19,54.075],[-92.659,54.453],[-92.189,54.775],[-92,54.906],[-91.648,55.158],[-90.802,55.72],[-90.153,56.134],[-89.485,56.547],[-88.98,56.851],[-89.051,56.854],[-89.212,56.88],[-89.364,56.924],[-89.499,56.924],[-89.682,56.961],[-89.937,56.999],[-90.069,57.052],[-90.354,57.153],[-90.389,57.177],[-90.509,57.198],[-90.636,57.238],[-90.714,57.232],[-90.861,57.265],[-91.004,57.264],[-91.147,57.248],[-91.376,57.201],[-91.579,57.148],[-91.683,57.129],[-91.87,57.077],[-92.017,57.051],[-92.123,57.049],[-92.257,57.012],[-92.21,57.072],[-92.369,57.059],[-92.482,57.035],[-92.616,56.979],[-92.686,56.988],[-92.596,57.05],[-92.545,57.101],[-92.439,57.264],[-92.425,57.358],[-92.459,57.46],[-92.503,57.531],[-92.542,57.543],[-92.561,57.592],[-92.627,57.66],[-92.711,57.774],[-92.762,57.876],[-92.815,58.019],[-92.8,58.043],[-93.035,58.345],[-93.061,58.408],[-93.116,58.478],[-93.142,58.572],[-93.144,58.676],[-93.21,58.763],[-93.348,58.765],[-93.415,58.723],[-93.466,58.763],[-93.641,58.788],[-93.87,58.767],[-94.034,58.762],[-94.264,58.789],[-94.323,58.72],[-94.427,58.703],[-94.476,58.738],[-94.484,58.785],[-94.529,58.827],[-94.602,58.857],[-94.605,58.916],[-94.676,58.935],[-94.732,59.003],[-94.785,59.017],[-94.811,59.086],[-94.782,59.164],[-94.809,59.214],[-94.771,59.285],[-94.808,59.342],[-94.753,59.343],[-94.716,59.38],[-94.834,59.649],[-94.817,59.728],[-94.773,59.79],[-94.811,59.819],[-94.801,59.856],[-94.853,59.971],[-94.828,60]],[[-98.735,51.769],[-98.736,51.886],[-98.594,51.886],[-98.594,51.828],[-98.375,51.83],[-98.351,51.766],[-98.498,51.762],[-98.499,51.726],[-98.575,51.708],[-98.606,51.654],[-98.752,51.583],[-98.785,51.596],[-98.878,51.755],[-98.735,51.769]]]}},{"type":"Feature","properties":{"name":"Terrebonne"},"geometry":{"type":"Polygon","coordinates":[[[-73.529,45.754],[-73.589,45.717],[-73.669,45.727],[-73.699,45.747],[-73.687,45.795],[-73.807,45.821],[-73.824,45.817],[-73.731,45.754],[-73.765,45.713],[-73.846,45.722],[-73.746,45.67],[-73.728,45.682],[-73.712,45.681],[-73.687,45.695],[-73.596,45.691],[-73.555,45.702],[-73.528,45.701],[-73.488,45.714],[-73.529,45.754]]]}},{"type":"Feature","properties":{"name":"London West"},"geometry":{"type":"Polygon","coordinates":[[[-81.23,42.975],[-81.288,42.976],[-81.32,43.036],[-81.369,43.022],[-81.353,42.99],[-81.391,42.963],[-81.378,42.934],[-81.258,42.941],[-81.23,42.975]]]}},{"type":"Feature","properties":{"name":"Mirabel"},"geometry":{"type":"Polygon","coordinates":[[[-73.846,45.722],[-73.765,45.713],[-73.731,45.754],[-73.824,45.817],[-73.912,45.766],[-74.039,45.764],[-74.12,45.781],[-74.182,45.795],[-74.212,45.701],[-74.266,45.682],[-74.268,45.632],[-74.223,45.626],[-74.241,45.552],[-74.279,45.527],[-74.179,45.528],[-74.116,45.466],[-74.054,45.458],[-73.958,45.499],[-73.909,45.531],[-73.973,45.534],[-74.019,45.567],[-73.92,45.634],[-73.864,45.644],[-73.926,45.685],[-73.846,45.722]]]}},{"type":"Feature","properties":{"name":"Laurier--Sainte-Marie"},"geometry":{"type":"Polygon","coordinates":[[[-73.541,45.533],[-73.559,45.54],[-73.596,45.53],[-73.582,45.514],[-73.544,45.522],[-73.541,45.533]]]}},{"type":"Feature","properties":{"name":"Willowdale"},"geometry":{"type":"Polygon","coordinates":[[[-79.408,43.754],[-79.387,43.763],[-79.396,43.803],[-79.446,43.792],[-79.411,43.752],[-79.408,43.754]]]}},{"type":"Feature","properties":{"name":"Bonavista--Burin--Trinity"},"geometry":{"type":"MultiPolygon","coordinates":[[[[-53.637,48.872],[-53.679,48.871],[-53.755,48.834],[-53.721,48.814],[-53.637,48.872]]],[[[-54.146,47.411],[-54.185,47.416],[-54.215,47.365],[-54.149,47.373],[-54.146,47.411]]],[[[-54.079,47.695],[-54.104,47.521],[-54.062,47.546],[-54.091,47.58],[-54.063,47.663],[-54.079,47.695]]],[[[-54.124,47.679],[-54.154,47.637],[-54.166,47.581],[-54.196,47.571],[-54.27,47.466],[-54.32,47.442],[-54.347,47.4],[-54.26,47.392],[-54.185,47.496],[-54.125,47.633],[-54.124,47.679]]],[[[-53.527,48.197],[-53.694,48.146],[-53.783,48.179],[-53.92,48.16],[-53.895,48.11],[-53.858,48.09],[-53.692,48.099],[-53.618,48.077],[-53.549,48.092],[-53.551,48.176],[-53.527,48.197]]],[[[-53.148,47.781],[-53.058,47.88],[-53.058,47.942],[-52.992,47.983],[-52.983,48.04],[-52.927,48.09],[-52.86,48.093],[-52.919,48.168],[-52.967,48.161],[-53.007,48.083],[-53.111,48.036],[-53.177,48.061],[-53.258,48.015],[-53.309,48.001],[-53.386,47.882],[-53.433,47.856],[-53.479,47.763],[-53.506,47.749],[-53.48,47.696],[-53.541,47.586],[-53.552,47.527],[-53.613,47.538],[-53.626,47.563],[-53.712,47.572],[-53.838,47.702],[-53.842,47.747],[-53.801,47.771],[-53.731,47.851],[-53.727,47.888],[-53.685,47.927],[-53.634,48.008],[-53.673,48.03],[-53.813,47.996],[-53.814,48.015],[-53.7,48.045],[-53.696,48.078],[-53.939,48.081],[-53.93,48.13],[-53.958,48.157],[-53.963,48.227],[-53.881,48.213],[-53.845,48.186],[-53.747,48.193],[-53.711,48.165],[-53.644,48.175],[-53.56,48.229],[-53.513,48.24],[-53.399,48.299],[-53.371,48.364],[-53.311,48.379],[-53.212,48.35],[-53.195,48.38],[-53.103,48.41],[-53.061,48.46],[-53.075,48.507],[-53.003,48.547],[-53.001,48.609],[-53.029,48.65],[-53.093,48.681],[-53.18,48.595],[-53.293,48.528],[-53.329,48.593],[-53.362,48.612],[-53.463,48.606],[-53.495,48.57],[-53.479,48.546],[-53.531,48.486],[-53.59,48.453],[-53.648,48.488],[-53.663,48.541],[-53.716,48.523],[-53.792,48.473],[-53.853,48.476],[-54.018,48.396],[-54.087,48.406],[-54.157,48.348],[-54.17,48.389],[-54.113,48.428],[-54.066,48.411],[-53.947,48.455],[-53.906,48.485],[-53.774,48.514],[-53.76,48.565],[-53.856,48.589],[-53.729,48.641],[-53.714,48.661],[-53.795,48.72],[-53.837,48.702],[-53.936,48.734],[-53.908,48.781],[-53.82,48.817],[-53.938,48.842],[-53.996,48.81],[-54.218,48.768],[-54.155,48.824],[-54.011,48.838],[-53.966,48.864],[-53.952,48.914],[-53.863,48.917],[-53.852,48.975],[-53.777,48.99],[-53.764,49.015],[-53.599,49.05],[-53.612,49.115],[-53.548,49.149],[-53.555,49.189],[-53.485,49.229],[-53.509,49.275],[-53.568,49.282],[-53.623,49.314],[-53.694,49.324],[-53.676,49.357],[-53.787,49.397],[-53.865,49.41],[-53.895,49.433],[-54.02,49.469],[-54.078,49.476],[-54.151,49.455],[-54.251,49.4],[-54.38,49.423],[-54.425,49.39],[-54.419,49.329],[-54.316,49.327],[-54.369,49.147],[-54.235,48.952],[-54.3,48.814],[-54.663,48.25],[-54.939,47.795],[-54.959,47.754],[-55.015,47.711],[-55.037,47.666],[-55.093,47.614],[-55.09,47.591],[-54.98,47.595],[-54.865,47.64],[-54.844,47.556],[-54.953,47.51],[-55.103,47.491],[-55.171,47.472],[-55.272,47.409],[-55.312,47.27],[-55.386,47.219],[-55.463,47.188],[-55.522,47.142],[-55.591,47.117],[-55.718,47.102],[-55.778,47.107],[-55.857,47.076],[-55.978,46.988],[-55.989,46.954],[-55.969,46.909],[-55.826,46.861],[-55.701,46.861],[-55.641,46.881],[-55.575,46.921],[-55.524,46.915],[-55.477,46.877],[-55.377,46.877],[-55.235,46.937],[-55.187,47.033],[-55.109,47.055],[-55.071,47.098],[-55.078,47.152],[-55.017,47.187],[-55.063,47.213],[-54.993,47.285],[-54.945,47.299],[-54.923,47.333],[-54.828,47.411],[-54.734,47.356],[-54.631,47.389],[-54.613,47.363],[-54.558,47.366],[-54.493,47.416],[-54.455,47.413],[-54.404,47.451],[-54.456,47.495],[-54.409,47.526],[-54.36,47.601],[-54.206,47.795],[-54.192,47.855],[-54.126,47.835],[-53.972,47.757],[-53.955,47.662],[-53.911,47.611],[-53.908,47.508],[-53.937,47.455],[-53.863,47.437],[-53.765,47.454],[-53.732,47.412],[-53.505,47.404],[-53.511,47.453],[-53.394,47.566],[-53.373,47.777],[-53.214,47.83],[-53.195,47.773],[-53.148,47.781]]]]}},{"type":"Feature","properties":{"name":"Edmonton Mill Woods"},"geometry":{"type":"Polygon","coordinates":[[[-113.344,53.483],[-113.496,53.481],[-113.491,53.437],[-113.376,53.437],[-113.345,53.454],[-113.344,53.483]]]}},{"type":"Feature","properties":{"name":"Yukon"},"geometry":{"type":"MultiPolygon","coordinates":[[[[-139.134,69.637],[-139.248,69.589],[-139.212,69.55],[-139.092,69.521],[-138.969,69.577],[-138.959,69.621],[-139.134,69.637]]],[[[-136.469,68.87],[-136.569,68.89],[-136.771,68.857],[-137.098,68.942],[-137.208,68.929],[-137.486,69.003],[-137.621,69.018],[-137.95,69.093],[-138.2,69.167],[-138.274,69.205],[-138.351,69.284],[-138.459,69.221],[-138.584,69.246],[-138.609,69.281],[-138.92,69.396],[-139.162,69.502],[-139.258,69.5],[-139.353,69.535],[-139.58,69.536],[-139.608,69.562],[-139.767,69.598],[-139.981,69.613],[-140.369,69.589],[-140.697,69.61],[-141.011,69.647],[-141.018,69.503],[-141.014,69.037],[-141.014,68.691],[-141.014,68.213],[-141.014,67.863],[-141.009,67.266],[-141.003,66.858],[-141.005,66.515],[-141.006,66.147],[-141.008,65.752],[-141.008,65.091],[-140.999,64.672],[-141.004,64.481],[-141.003,64.203],[-141.004,63.755],[-141.004,63.321],[-141,63],[-140.999,62.57],[-141.001,62.082],[-140.999,61.711],[-140.998,61.219],[-140.997,60.774],[-140.998,60.308],[-140.517,60.22],[-140.448,60.308],[-139.972,60.184],[-139.68,60.336],[-139.052,60.354],[-139.049,60.326],[-139.177,60.083],[-139.052,60],[-138.5,60],[-137.5,60],[-136.5,60],[-135.5,60],[-134.75,60],[-134,60],[-133.5,60],[-132.5,60],[-131.5,60],[-130.5,60],[-129.75,60],[-129,60],[-128.5,60],[-127.725,60],[-127,60],[-126.5,60],[-125.5,60],[-124.5,60],[-123.789,60],[-124.001,60.109],[-124.03,60.148],[-124.124,60.206],[-124.214,60.365],[-124.198,60.446],[-124.389,60.458],[-124.394,60.519],[-124.447,60.573],[-124.571,60.641],[-124.599,60.688],[-124.492,60.728],[-124.449,60.765],[-124.496,60.803],[-124.539,60.939],[-124.633,60.927],[-124.766,60.958],[-124.837,60.899],[-124.826,60.837],[-124.967,60.849],[-125.148,60.833],[-125.264,60.768],[-125.375,60.766],[-125.534,60.812],[-125.67,60.803],[-125.832,60.881],[-125.921,60.849],[-125.967,60.789],[-126.057,60.795],[-126.063,60.851],[-126.211,60.834],[-126.198,60.782],[-126.283,60.759],[-126.387,60.766],[-126.486,60.8],[-126.639,60.731],[-126.693,60.769],[-126.813,60.759],[-126.845,60.775],[-126.825,60.831],[-126.856,60.87],[-126.854,60.932],[-126.907,61.007],[-126.897,61.041],[-126.966,61.05],[-127.042,61.031],[-127.072,61.067],[-127.012,61.138],[-126.961,61.168],[-126.996,61.222],[-127.033,61.322],[-127.029,61.361],[-127.091,61.368],[-127.103,61.458],[-127.192,61.461],[-127.238,61.5],[-127.469,61.485],[-127.623,61.532],[-127.669,61.583],[-127.767,61.594],[-127.882,61.668],[-128.047,61.729],[-127.986,61.792],[-128.021,61.824],[-128.15,61.838],[-128.249,61.937],[-128.35,61.974],[-128.348,62.015],[-128.55,62.116],[-128.669,62.109],[-128.73,62.043],[-128.809,62.048],[-128.82,62.087],[-128.921,62.095],[-128.945,62.119],[-129.129,62.099],[-129.2,62.139],[-129.163,62.204],[-129.27,62.258],[-129.256,62.328],[-129.189,62.362],[-129.285,62.4],[-129.174,62.445],[-129.212,62.505],[-129.324,62.525],[-129.387,62.571],[-129.439,62.578],[-129.567,62.681],[-129.665,62.814],[-129.743,62.838],[-129.75,62.881],[-129.675,62.926],[-129.589,63.042],[-129.613,63.073],[-129.741,63.061],[-129.813,63.104],[-129.91,63.192],[-129.988,63.199],[-130.014,63.236],[-130.13,63.267],[-130.058,63.304],[-129.866,63.367],[-129.909,63.418],[-129.874,63.457],[-129.785,63.446],[-129.897,63.553],[-129.96,63.566],[-129.962,63.61],[-130.081,63.608],[-130.106,63.688],[-130.269,63.645],[-130.34,63.691],[-130.318,63.714],[-130.216,63.718],[-130.101,63.754],[-130.138,63.799],[-130.144,63.861],[-130.339,63.813],[-130.443,63.891],[-130.631,63.948],[-130.776,63.976],[-130.809,64.04],[-130.955,64.113],[-130.859,64.172],[-130.944,64.186],[-130.983,64.251],[-131.074,64.273],[-131.027,64.305],[-131.068,64.361],[-131.147,64.404],[-131.296,64.447],[-131.38,64.436],[-131.451,64.392],[-131.559,64.383],[-131.624,64.354],[-131.676,64.377],[-131.858,64.381],[-131.825,64.425],[-131.676,64.486],[-131.685,64.521],[-131.855,64.538],[-131.938,64.59],[-132.038,64.696],[-132.124,64.704],[-132.216,64.743],[-132.357,64.783],[-132.464,64.789],[-132.546,64.77],[-132.587,64.835],[-132.462,64.902],[-132.49,64.962],[-132.414,64.984],[-132.336,65.061],[-132.543,65.09],[-132.509,65.174],[-132.657,65.141],[-132.773,65.183],[-132.748,65.227],[-132.657,65.278],[-132.566,65.284],[-132.537,65.35],[-132.376,65.402],[-132.275,65.458],[-132.283,65.501],[-132.168,65.602],[-132.313,65.74],[-132.414,65.789],[-132.564,65.83],[-132.596,65.857],[-132.531,65.906],[-132.35,65.952],[-132.378,65.989],[-132.495,65.972],[-132.54,66.015],[-132.657,66.016],[-132.799,65.951],[-132.837,65.9],[-132.909,65.884],[-133.021,65.919],[-132.912,66.002],[-132.921,66.02],[-133.128,66.031],[-133.269,65.996],[-133.405,65.939],[-133.526,65.954],[-133.595,65.936],[-133.658,65.96],[-133.599,66.057],[-133.691,66.071],[-133.658,66.122],[-133.549,66.17],[-133.554,66.257],[-133.626,66.299],[-133.786,66.295],[-133.835,66.317],[-133.768,66.366],[-133.734,66.44],[-133.61,66.436],[-133.693,66.503],[-133.69,66.528],[-133.588,66.55],[-133.677,66.583],[-133.718,66.625],[-133.793,66.649],[-133.748,66.679],[-133.846,66.723],[-133.76,66.801],[-133.943,66.905],[-134.001,66.909],[-134.118,66.957],[-134.014,66.986],[-133.847,66.984],[-133.83,67],[-134.575,67],[-135.513,67],[-136.164,67],[-136.232,67.107],[-136.192,67.144],[-136.235,67.173],[-136.137,67.233],[-136.087,67.301],[-136.14,67.366],[-136.222,67.405],[-136.179,67.458],[-136.219,67.513],[-136.2,67.562],[-136.29,67.634],[-136.449,67.649],[-136.458,67.813],[-136.465,68.303],[-136.469,68.87]]]]}},{"type":"Feature","properties":{"name":"Charleswood--St. James--Assiniboia--Headingley"},"geometry":{"type":"Polygon","coordinates":[[[-97.23,49.917],[-97.263,49.931],[-97.444,49.923],[-97.454,49.806],[-97.234,49.814],[-97.219,49.873],[-97.23,49.917]]]}},{"type":"Feature","properties":{"name":"Lévis--Lotbinière"},"geometry":{"type":"Polygon","coordinates":[[[-71.119,46.63],[-71.124,46.719],[-71.153,46.742],[-71.278,46.743],[-71.398,46.704],[-71.448,46.702],[-71.643,46.637],[-71.778,46.63],[-71.864,46.666],[-72.038,46.558],[-71.881,46.451],[-71.761,46.364],[-71.618,46.453],[-71.565,46.413],[-71.531,46.434],[-71.478,46.396],[-71.508,46.338],[-71.413,46.29],[-71.322,46.349],[-71.255,46.301],[-71.105,46.309],[-71.103,46.358],[-71.229,46.482],[-71.164,46.553],[-71.189,46.581],[-71.119,46.63]]]}},{"type":"Feature","properties":{"name":"Scarborough Centre"},"geometry":{"type":"Polygon","coordinates":[[[-79.229,43.741],[-79.255,43.781],[-79.275,43.777],[-79.32,43.768],[-79.303,43.725],[-79.229,43.741]]]}},{"type":"Feature","properties":{"name":"Simcoe--Grey"},"geometry":{"type":"Polygon","coordinates":[[[-79.746,44.362],[-79.852,44.339],[-79.983,44.488],[-79.984,44.57],[-79.996,44.565],[-80.009,44.536],[-80.081,44.478],[-80.12,44.47],[-80.199,44.507],[-80.293,44.532],[-80.406,44.54],[-80.515,44.594],[-80.464,44.373],[-80.266,44.416],[-80.229,44.253],[-80.034,44.295],[-79.951,43.951],[-79.776,43.99],[-79.67,44.013],[-79.712,44.166],[-79.705,44.202],[-79.746,44.362]]]}},{"type":"Feature","properties":{"name":"Oshawa"},"geometry":{"type":"Polygon","coordinates":[[[-78.796,43.867],[-78.83,43.944],[-78.914,43.925],[-78.882,43.853],[-78.796,43.867]]]}},{"type":"Feature","properties":{"name":"Manicouagan"},"geometry":{"type":"MultiPolygon","coordinates":[[[[-58.676,51.114],[-58.806,51.061],[-58.799,51.025],[-58.676,51.097],[-58.676,51.114]]],[[[-59.332,50.645],[-59.381,50.641],[-59.365,50.544],[-59.297,50.554],[-59.332,50.645]]],[[[-58.42,51.277],[-58.527,51.265],[-58.53,51.224],[-58.448,51.221],[-58.403,51.235],[-58.42,51.277]]],[[[-67.219,55],[-67.057,54.895],[-67.04,54.868],[-66.948,54.822],[-66.876,54.816],[-66.813,54.779],[-66.718,54.761],[-66.659,54.77],[-66.603,54.814],[-66.664,54.882],[-66.681,54.924],[-66.766,55],[-67.219,55]]],[[[-66.259,55],[-66.21,54.979],[-66.144,54.982],[-66.064,54.929],[-66.023,54.942],[-65.85,54.927],[-65.838,54.837],[-65.777,54.803],[-65.69,54.712],[-65.593,54.743],[-65.456,54.729],[-65.435,54.784],[-65.487,54.82],[-65.456,54.849],[-65.356,54.819],[-65.326,54.849],[-65.21,54.848],[-65.173,54.934],[-65.126,54.961],[-65.01,54.931],[-64.972,54.937],[-64.748,54.814],[-64.776,54.788],[-64.778,54.733],[-64.68,54.736],[-64.557,54.714],[-64.486,54.793],[-64.397,54.79],[-64.295,54.753],[-64.142,54.667],[-64.054,54.601],[-63.974,54.62],[-63.911,54.604],[-63.813,54.651],[-63.743,54.626],[-63.803,54.726],[-63.89,54.768],[-63.904,54.801],[-63.817,54.817],[-63.849,54.863],[-63.821,54.948],[-63.752,54.942],[-63.661,54.9],[-63.605,54.926],[-63.559,55],[-64,55],[-64.75,55],[-65.25,55],[-66.259,55]]],[[[-62.687,49.643],[-62.76,49.658],[-62.854,49.702],[-62.923,49.707],[-62.947,49.733],[-63.006,49.736],[-63.085,49.768],[-63.381,49.827],[-63.679,49.856],[-63.743,49.872],[-63.871,49.877],[-63.968,49.914],[-64.075,49.926],[-64.149,49.952],[-64.306,49.939],[-64.488,49.903],[-64.515,49.857],[-64.452,49.837],[-64.416,49.8],[-64.087,49.714],[-63.978,49.696],[-63.826,49.637],[-63.77,49.59],[-63.66,49.536],[-63.611,49.475],[-63.613,49.448],[-63.569,49.39],[-63.427,49.357],[-63.33,49.321],[-63.289,49.321],[-63.182,49.258],[-62.919,49.189],[-62.794,49.165],[-62.501,49.13],[-62.282,49.075],[-62.211,49.07],[-62.079,49.076],[-61.959,49.067],[-61.914,49.079],[-61.828,49.064],[-61.709,49.102],[-61.67,49.133],[-61.719,49.197],[-61.829,49.28],[-61.833,49.313],[-61.896,49.352],[-62.135,49.402],[-62.18,49.396],[-62.25,49.425],[-62.253,49.455],[-62.349,49.491],[-62.395,49.484],[-62.513,49.588],[-62.643,49.62],[-62.687,49.643]]],[[[-69.711,48.129],[-69.625,48.176],[-69.566,48.227],[-69.425,48.3],[-69.404,48.353],[-69.322,48.414],[-69.29,48.458],[-69.283,48.511],[-69.231,48.573],[-69.15,48.563],[-69.085,48.637],[-69.085,48.692],[-69.051,48.773],[-68.979,48.771],[-68.938,48.818],[-68.85,48.839],[-68.785,48.892],[-68.699,48.904],[-68.634,48.943],[-68.636,49.005],[-68.606,49.042],[-68.525,49.074],[-68.46,49.043],[-68.397,49.046],[-68.303,49.094],[-68.193,49.099],[-68.181,49.151],[-68.252,49.163],[-68.253,49.187],[-68.144,49.203],[-68.127,49.271],[-68.085,49.253],[-68.046,49.281],[-67.954,49.279],[-67.899,49.292],[-67.822,49.27],[-67.772,49.298],[-67.672,49.3],[-67.595,49.322],[-67.407,49.318],[-67.366,49.327],[-67.309,49.388],[-67.303,49.419],[-67.239,49.459],[-67.235,49.595],[-67.166,49.67],[-67.165,49.776],[-67.089,49.848],[-67.021,49.842],[-66.973,49.953],[-66.933,49.999],[-66.835,50.026],[-66.74,50.038],[-66.7,50.109],[-66.515,50.16],[-66.529,50.23],[-66.454,50.27],[-66.414,50.266],[-66.368,50.188],[-66.261,50.212],[-66.151,50.19],[-66.114,50.213],[-66.052,50.209],[-65.993,50.272],[-65.915,50.284],[-65.819,50.25],[-65.566,50.272],[-65.35,50.304],[-65.243,50.302],[-65.186,50.286],[-65.023,50.281],[-64.959,50.263],[-64.696,50.28],[-64.542,50.284],[-64.485,50.316],[-64.422,50.317],[-64.341,50.283],[-64.166,50.256],[-64.086,50.291],[-63.817,50.302],[-63.787,50.284],[-63.702,50.284],[-63.688,50.252],[-63.607,50.237],[-63.526,50.257],[-63.401,50.202],[-63.364,50.234],[-63.292,50.224],[-63.173,50.241],[-63.163,50.287],[-63.069,50.276],[-63.012,50.309],[-62.946,50.275],[-62.741,50.277],[-62.525,50.263],[-62.461,50.253],[-62.399,50.285],[-62.224,50.234],[-62.153,50.236],[-61.999,50.212],[-61.966,50.231],[-61.871,50.223],[-61.805,50.158],[-61.81,50.13],[-61.734,50.085],[-61.665,50.099],[-61.417,50.174],[-61.257,50.197],[-61.133,50.181],[-61.087,50.242],[-61.004,50.206],[-60.886,50.211],[-60.849,50.231],[-60.792,50.203],[-60.762,50.236],[-60.68,50.212],[-60.555,50.208],[-60.48,50.241],[-60.44,50.229],[-60.307,50.242],[-60.249,50.225],[-60.213,50.271],[-60.151,50.216],[-60.015,50.262],[-59.926,50.275],[-59.853,50.314],[-59.883,50.373],[-59.737,50.451],[-59.58,50.475],[-59.56,50.522],[-59.476,50.576],[-59.452,50.623],[-59.333,50.662],[-59.311,50.698],[-59.256,50.71],[-59.128,50.792],[-59.037,50.746],[-58.96,50.819],[-58.985,50.855],[-58.951,50.879],[-58.97,50.953],[-58.941,51.041],[-58.903,51.045],[-58.896,50.985],[-58.823,51.037],[-58.846,51.067],[-58.739,51.092],[-58.631,51.142],[-58.592,51.232],[-58.488,51.3],[-58.334,51.276],[-58.261,51.292],[-58.232,51.264],[-58.034,51.304],[-57.891,51.369],[-57.862,51.397],[-57.778,51.409],[-57.746,51.462],[-57.647,51.428],[-57.523,51.444],[-57.496,51.464],[-57.259,51.499],[-57.208,51.411],[-57.109,51.416],[-57.105,51.656],[-57.108,51.998],[-57.965,51.996],[-59.034,51.997],[-60.202,51.997],[-61.13,51.996],[-61.807,51.996],[-62.844,51.997],[-63.801,51.998],[-63.841,52.056],[-63.708,52.093],[-63.691,52.123],[-63.772,52.283],[-63.768,52.328],[-63.861,52.319],[-64.015,52.364],[-64.026,52.406],[-64.09,52.446],[-64.088,52.507],[-64.016,52.577],[-63.85,52.626],[-63.716,52.631],[-63.597,52.648],[-63.444,52.645],[-63.381,52.665],[-63.459,52.718],[-63.526,52.725],[-63.576,52.761],[-63.6,52.824],[-63.72,52.799],[-63.819,52.759],[-63.873,52.774],[-63.937,52.731],[-64.037,52.738],[-64.137,52.729],[-64.155,52.603],[-64.211,52.574],[-64.152,52.52],[-64.109,52.394],[-64.167,52.362],[-64.18,52.306],[-64.226,52.303],[-64.201,52.177],[-64.161,52.146],[-64.254,52.121],[-64.252,52.08],[-64.279,52.038],[-64.234,51.991],[-64.28,51.975],[-64.342,51.986],[-64.353,51.849],[-64.302,51.804],[-64.278,51.746],[-64.337,51.665],[-64.417,51.675],[-64.457,51.627],[-64.554,51.576],[-64.654,51.702],[-64.773,51.753],[-64.925,51.778],[-64.931,51.714],[-65.049,51.77],[-65.083,51.746],[-65.186,51.776],[-65.21,51.813],[-65.318,51.851],[-65.398,51.891],[-65.355,51.943],[-65.412,51.971],[-65.531,52.071],[-65.548,52.039],[-65.68,52.042],[-65.649,52.081],[-65.687,52.104],[-65.877,52.11],[-65.955,52.1],[-65.97,52.057],[-66.096,52.108],[-66.077,52.162],[-66.098,52.195],[-66.16,52.232],[-66.208,52.234],[-66.25,52.274],[-66.313,52.286],[-66.264,52.165],[-66.33,52.136],[-66.491,52.342],[-66.437,52.359],[-66.37,52.354],[-66.342,52.397],[-66.391,52.466],[-66.356,52.473],[-66.375,52.573],[-66.44,52.636],[-66.389,52.682],[-66.309,52.605],[-66.277,52.634],[-66.339,52.685],[-66.308,52.729],[-66.354,52.803],[-66.414,52.849],[-66.379,52.877],[-66.295,52.86],[-66.261,52.874],[-66.322,52.939],[-66.361,53.014],[-66.432,53.048],[-66.507,52.95],[-66.577,52.937],[-66.626,52.954],[-66.664,52.885],[-66.646,52.789],[-66.754,52.751],[-66.772,52.696],[-66.854,52.721],[-66.894,52.677],[-66.949,52.76],[-67.034,52.747],[-67.067,52.775],[-67.048,52.837],[-67.074,52.875],[-67.227,52.842],[-67.269,52.878],[-67.317,52.875],[-67.356,52.929],[-67.333,52.96],[-67.381,53.046],[-67.392,53.121],[-67.287,53.144],[-67.154,53.147],[-67.042,53.076],[-66.984,53.088],[-67.006,53.168],[-66.978,53.213],[-66.958,53.306],[-67.027,53.335],[-66.966,53.365],[-66.924,53.419],[-66.945,53.476],[-66.996,53.485],[-67.03,53.527],[-67.158,53.538],[-67.219,53.53],[-67.257,53.557],[-67.395,53.615],[-67.397,53.683],[-67.506,53.719],[-67.5,53.757],[-67.592,53.757],[-67.5,53.827],[-67.571,53.846],[-67.614,53.885],[-67.596,53.922],[-67.663,53.928],[-67.7,53.977],[-67.787,54],[-67.822,54.026],[-67.762,54.086],[-67.81,54.128],[-67.765,54.157],[-67.675,54.159],[-67.628,54.213],[-67.677,54.242],[-67.676,54.319],[-67.748,54.35],[-67.725,54.387],[-67.776,54.435],[-67.668,54.454],[-67.582,54.494],[-67.5,54.482],[-67.473,54.52],[-67.527,54.571],[-67.429,54.569],[-67.349,54.517],[-67.245,54.5],[-67.278,54.549],[-67.231,54.588],[-67.139,54.625],[-67.129,54.658],[-67.063,54.693],[-67.213,54.793],[-67.4,54.958],[-67.422,55],[-68,55],[-69,55],[-70,55],[-70,52.918],[-70.025,52.919],[-70.024,52.696],[-70.026,52.169],[-70.023,51.663],[-70.025,51.526],[-70.026,50],[-70.034,49.797],[-70.02,49.797],[-70.019,49],[-70.01,49],[-70.008,48.358],[-70.079,48.256],[-69.994,48.252],[-69.894,48.226],[-69.871,48.182],[-69.842,48.154],[-69.711,48.129]]]]}},{"type":"Feature","properties":{"name":"Dorval--Lachine--LaSalle"},"geometry":{"type":"MultiPolygon","coordinates":[[[[-73.614,45.457],[-73.63,45.447],[-73.669,45.43],[-73.632,45.415],[-73.631,45.416],[-73.622,45.423],[-73.605,45.448],[-73.614,45.457]]],[[[-73.683,45.465],[-73.768,45.495],[-73.795,45.482],[-73.779,45.445],[-73.669,45.431],[-73.629,45.448],[-73.633,45.45],[-73.668,45.457],[-73.683,45.465]]]]}},{"type":"Feature","properties":{"name":"Yorkton--Melville"},"geometry":{"type":"Polygon","coordinates":[[[-101.672,53.001],[-101.701,53.016],[-101.701,53.366],[-101.736,53.366],[-101.735,53.711],[-101.771,53.711],[-101.838,53.71],[-101.988,53.629],[-102.102,53.621],[-102.125,53.586],[-102.087,53.522],[-102.074,53.434],[-102.098,53.298],[-102.143,53.205],[-102.256,53.075],[-102.306,53.052],[-102.396,52.929],[-103.023,52.93],[-103.745,52.929],[-103.745,52.667],[-104.308,52.667],[-105.028,52.667],[-105.028,52.55],[-104.97,52.541],[-104.953,52.454],[-105.003,52.406],[-104.597,52.405],[-104.578,52.318],[-104.578,52.144],[-104.578,51.969],[-104.557,51.964],[-104.557,51.882],[-103.707,51.882],[-103.704,51.387],[-103.28,51.387],[-103.269,51.297],[-103.27,51.09],[-102.943,50.973],[-102.913,50.915],[-103.261,50.844],[-103.261,50.592],[-103.244,50.529],[-103.118,50.531],[-103.034,50.585],[-102.917,50.641],[-102.796,50.651],[-102.727,50.636],[-102.619,50.567],[-102.506,50.532],[-102.363,50.539],[-102.245,50.5],[-102.069,50.555],[-102.018,50.553],[-101.935,50.518],[-101.826,50.53],[-101.787,50.477],[-101.706,50.515],[-101.633,50.52],[-101.565,50.491],[-101.477,50.485],[-101.477,50.594],[-101.509,50.594],[-101.509,50.948],[-101.539,50.948],[-101.539,51.302],[-101.571,51.302],[-101.571,51.655],[-101.577,51.655],[-101.578,51.969],[-101.609,51.969],[-101.609,52.318],[-101.638,52.318],[-101.638,52.667],[-101.672,52.667],[-101.672,53.001]]]}},{"type":"Feature","properties":{"name":"Honoré-Mercier"},"geometry":{"type":"Polygon","coordinates":[[[-73.547,45.592],[-73.509,45.699],[-73.621,45.63],[-73.603,45.611],[-73.568,45.59],[-73.547,45.592]]]}},{"type":"Feature","properties":{"name":"Edmonton Centre"},"geometry":{"type":"Polygon","coordinates":[[[-113.485,53.541],[-113.492,53.581],[-113.559,53.584],[-113.591,53.581],[-113.587,53.501],[-113.561,53.506],[-113.542,53.537],[-113.485,53.541]]]}},{"type":"Feature","properties":{"name":"Ajax"},"geometry":{"type":"Polygon","coordinates":[[[-78.971,43.834],[-79.009,43.923],[-79.089,43.904],[-79.039,43.816],[-78.971,43.834]]]}},{"type":"Feature","properties":{"name":"Etobicoke North"},"geometry":{"type":"Polygon","coordinates":[[[-79.538,43.713],[-79.581,43.763],[-79.639,43.75],[-79.63,43.736],[-79.591,43.669],[-79.526,43.702],[-79.538,43.713]]]}},{"type":"Feature","properties":{"name":"Leeds--Grenville--Thousand Islands and Rideau Lakes"},"geometry":{"type":"Polygon","coordinates":[[[-75.595,45.084],[-75.81,44.977],[-75.82,44.962],[-75.885,44.871],[-75.951,44.868],[-75.997,44.889],[-76.073,44.893],[-76.177,44.832],[-76.22,44.754],[-76.291,44.704],[-76.402,44.795],[-76.526,44.721],[-76.364,44.573],[-76.278,44.501],[-76.255,44.498],[-76.235,44.331],[-76.234,44.31],[-76.098,44.347],[-76.027,44.354],[-75.929,44.382],[-75.889,44.426],[-75.744,44.547],[-75.578,44.658],[-75.537,44.698],[-75.483,44.722],[-75.424,44.778],[-75.361,44.801],[-75.496,44.97],[-75.595,45.084]]]}},{"type":"Feature","properties":{"name":"Vancouver South"},"geometry":{"type":"Polygon","coordinates":[[[-123.023,49.232],[-123.102,49.233],[-123.117,49.204],[-123.076,49.209],[-123.023,49.201],[-123.023,49.232]]]}},{"type":"Feature","properties":{"name":"Ahuntsic-Cartierville"},"geometry":{"type":"Polygon","coordinates":[[[-73.645,45.565],[-73.665,45.575],[-73.757,45.508],[-73.756,45.506],[-73.651,45.527],[-73.649,45.53],[-73.622,45.555],[-73.645,45.565]]]}},{"type":"Feature","properties":{"name":"Vaudreuil--Soulanges"},"geometry":{"type":"MultiPolygon","coordinates":[[[[-73.9,45.395],[-73.979,45.399],[-73.992,45.359],[-73.888,45.354],[-73.9,45.395]]],[[[-73.975,45.319],[-74.005,45.363],[-74.014,45.415],[-74.073,45.442],[-74.293,45.503],[-74.336,45.497],[-74.382,45.564],[-74.421,45.44],[-74.33,45.444],[-74.23,45.43],[-74.243,45.389],[-74.195,45.384],[-74.132,45.307],[-74.065,45.297],[-74.034,45.301],[-73.975,45.319],[-73.975,45.319]]]]}},{"type":"Feature","properties":{"name":"Toronto--St. Paul's"},"geometry":{"type":"Polygon","coordinates":[[[-79.429,43.671],[-79.385,43.694],[-79.399,43.71],[-79.45,43.696],[-79.429,43.671]]]}},{"type":"Feature","properties":{"name":"Milton"},"geometry":{"type":"Polygon","coordinates":[[[-79.81,43.589],[-79.859,43.545],[-79.895,43.564],[-79.939,43.525],[-80.086,43.629],[-80.16,43.561],[-80.034,43.471],[-79.868,43.353],[-79.833,43.384],[-79.773,43.485],[-79.727,43.527],[-79.763,43.552],[-79.81,43.589]]]}},{"type":"Feature","properties":{"name":"Lethbridge"},"geometry":{"type":"Polygon","coordinates":[[[-112.218,49.611],[-112.275,49.662],[-112.421,49.698],[-112.443,49.72],[-112.443,49.865],[-112.461,49.877],[-112.461,50.077],[-112.507,50.077],[-112.507,50.135],[-112.812,50.135],[-112.814,50.077],[-112.916,50.062],[-113.188,50.063],[-113.277,50.048],[-113.277,49.908],[-113.233,49.91],[-113.231,49.85],[-113.169,49.789],[-113.144,49.797],[-113.038,49.768],[-112.969,49.729],[-112.99,49.712],[-112.912,49.604],[-112.805,49.552],[-112.735,49.538],[-112.578,49.538],[-112.556,49.567],[-112.308,49.567],[-112.308,49.611],[-112.218,49.611]]]}},{"type":"Feature","properties":{"name":"Outremont"},"geometry":{"type":"Polygon","coordinates":[[[-73.582,45.514],[-73.596,45.53],[-73.617,45.528],[-73.621,45.524],[-73.625,45.489],[-73.595,45.504],[-73.582,45.514]]]}},{"type":"Feature","properties":{"name":"Newmarket--Aurora"},"geometry":{"type":"Polygon","coordinates":[[[-79.42,44.068],[-79.506,44.049],[-79.494,43.994],[-79.406,44.014],[-79.42,44.068]]]}},{"type":"Feature","properties":{"name":"South Surrey--White Rock"},"geometry":{"type":"Polygon","coordinates":[[[-122.823,49.105],[-122.89,49.108],[-122.89,49.091],[-122.867,49.024],[-122.758,49.002],[-122.682,49.002],[-122.68,49.084],[-122.68,49.104],[-122.823,49.105]]]}},{"type":"Feature","properties":{"name":"Windsor West"},"geometry":{"type":"Polygon","coordinates":[[[-82.997,42.236],[-82.974,42.276],[-83.026,42.324],[-83.09,42.293],[-83.106,42.254],[-83.036,42.253],[-82.997,42.236]]]}},{"type":"Feature","properties":{"name":"Ville-Marie--Le Sud-Ouest--Île-des-Soeurs"},"geometry":{"type":"Polygon","coordinates":[[[-73.596,45.465],[-73.553,45.493],[-73.544,45.522],[-73.582,45.514],[-73.595,45.504],[-73.596,45.473],[-73.596,45.465]]]}},{"type":"Feature","properties":{"name":"Scarborough--Agincourt"},"geometry":{"type":"Polygon","coordinates":[[[-79.32,43.768],[-79.275,43.777],[-79.297,43.826],[-79.341,43.816],[-79.32,43.768]]]}},{"type":"Feature","properties":{"name":"Don Valley West"},"geometry":{"type":"Polygon","coordinates":[[[-79.335,43.703],[-79.363,43.766],[-79.387,43.763],[-79.408,43.754],[-79.399,43.71],[-79.385,43.694],[-79.362,43.689],[-79.335,43.703]]]}},{"type":"Feature","properties":{"name":"Edmonton Griesbach"},"geometry":{"type":"Polygon","coordinates":[[[-113.372,53.57],[-113.443,53.584],[-113.443,53.616],[-113.517,53.614],[-113.559,53.584],[-113.492,53.581],[-113.485,53.541],[-113.402,53.557],[-113.372,53.57]]]}},{"type":"Feature","properties":{"name":"Québec"},"geometry":{"type":"Polygon","coordinates":[[[-71.226,46.791],[-71.195,46.828],[-71.262,46.835],[-71.265,46.837],[-71.335,46.796],[-71.226,46.791]]]}},{"type":"Feature","properties":{"name":"Central Nova"},"geometry":{"type":"Polygon","coordinates":[[[-61.918,45.604],[-61.928,45.647],[-61.889,45.736],[-61.935,45.888],[-61.979,45.874],[-62.086,45.787],[-62.172,45.762],[-62.286,45.697],[-62.364,45.677],[-62.512,45.604],[-62.502,45.651],[-62.621,45.685],[-62.68,45.736],[-62.738,45.732],[-62.767,45.766],[-62.879,45.77],[-62.991,45.793],[-63.154,45.751],[-63.008,45.486],[-62.714,45.276],[-62.815,45.244],[-62.899,45.195],[-63.336,45.037],[-63.391,45.055],[-63.423,45.055],[-63.454,44.999],[-63.541,44.937],[-63.527,44.893],[-63.57,44.846],[-63.571,44.805],[-63.381,44.808],[-63.324,44.763],[-63.249,44.778],[-63.223,44.759],[-63.189,44.684],[-63.144,44.69],[-63.1,44.724],[-63.048,44.673],[-63.008,44.719],[-62.894,44.727],[-62.855,44.708],[-62.799,44.766],[-62.674,44.794],[-62.611,44.834],[-62.527,44.848],[-62.498,44.872],[-62.426,44.86],[-62.417,44.9],[-62.267,44.929],[-62.238,44.957],[-62.182,44.954],[-62.057,44.968],[-62.026,45.024],[-61.959,45.043],[-61.9,45.023],[-61.854,45.036],[-61.822,45.097],[-61.664,45.091],[-61.646,45.122],[-61.721,45.144],[-61.823,45.19],[-61.938,45.223],[-62.013,45.264],[-61.906,45.302],[-61.906,45.359],[-61.946,45.411],[-61.94,45.497],[-61.906,45.545],[-61.918,45.604]]]}},{"type":"Feature","properties":{"name":"Salaberry--Suroît"},"geometry":{"type":"MultiPolygon","coordinates":[[[[-74.132,45.307],[-74.195,45.384],[-74.243,45.389],[-74.23,45.43],[-74.33,45.444],[-74.421,45.44],[-74.452,45.356],[-74.472,45.303],[-74.343,45.205],[-74.192,45.265],[-74.163,45.236],[-74.08,45.223],[-73.995,45.239],[-73.918,45.319],[-73.975,45.319],[-73.975,45.319],[-74.034,45.301],[-74.065,45.297],[-74.132,45.307]]],[[[-73.538,45.006],[-73.511,45.087],[-73.572,45.133],[-73.671,45.099],[-73.699,45.131],[-73.851,45.229],[-73.811,45.314],[-73.833,45.33],[-73.892,45.317],[-73.963,45.247],[-74.049,45.215],[-74.158,45.224],[-74.223,45.176],[-74.295,45.173],[-74.406,45.127],[-74.407,45.099],[-74.484,45.037],[-74.513,45.039],[-74.625,44.999],[-74.331,44.992],[-74.15,44.991],[-73.858,45.002],[-73.538,45.006]]]]}},{"type":"Feature","properties":{"name":"King--Vaughan"},"geometry":{"type":"Polygon","coordinates":[[[-79.494,43.994],[-79.506,44.049],[-79.67,44.013],[-79.776,43.99],[-79.695,43.848],[-79.679,43.819],[-79.549,43.847],[-79.546,43.828],[-79.459,43.848],[-79.467,43.884],[-79.494,43.994]]]}},{"type":"Feature","properties":{"name":"North Okanagan--Shuswap"},"geometry":{"type":"Polygon","coordinates":[[[-118.924,51.69],[-118.971,51.652],[-118.961,51.61],[-118.984,51.542],[-118.95,51.507],[-118.953,51.461],[-119.059,51.395],[-119.187,51.354],[-119.237,51.268],[-119.294,51.246],[-119.371,51.255],[-119.441,51.222],[-119.44,51.182],[-119.484,51.174],[-119.526,51.107],[-119.507,51.067],[-119.548,51.011],[-119.537,50.984],[-119.804,50.984],[-119.801,50.757],[-119.744,50.73],[-119.652,50.569],[-119.651,50.402],[-119.633,50.376],[-119.698,50.285],[-119.762,50.233],[-119.472,50.235],[-119.474,50.15],[-119.146,50.151],[-119.141,50.119],[-119.173,50.05],[-119.064,50.037],[-118.947,50.057],[-118.869,50.053],[-118.81,50.022],[-118.808,49.956],[-118.852,49.958],[-118.977,49.893],[-119.056,49.812],[-118.305,49.812],[-118.265,49.804],[-118.231,49.718],[-118.133,49.718],[-118.102,49.792],[-118.094,49.867],[-118.002,49.957],[-117.9,49.986],[-117.932,50.075],[-117.914,50.105],[-117.852,50.11],[-117.807,50.139],[-117.814,50.219],[-117.907,50.336],[-117.934,50.444],[-117.927,50.531],[-117.994,50.548],[-118.014,50.653],[-118.123,50.681],[-118.207,50.69],[-118.206,50.739],[-118.242,50.755],[-118.31,50.887],[-118.361,51.009],[-118.426,51.016],[-118.432,51.072],[-118.481,51.102],[-118.492,51.147],[-118.535,51.178],[-118.577,51.252],[-118.55,51.279],[-118.6,51.31],[-118.633,51.464],[-118.675,51.461],[-118.742,51.529],[-118.832,51.531],[-118.818,51.627],[-118.904,51.657],[-118.924,51.69]]]}},{"type":"Feature","properties":{"name":"Calgary Nose Hill"},"geometry":{"type":"Polygon","coordinates":[[[-114.041,51.096],[-114.071,51.134],[-114.071,51.212],[-114.095,51.212],[-114.095,51.174],[-114.165,51.152],[-114.166,51.121],[-114.096,51.09],[-114.041,51.096]]]}},{"type":"Feature","properties":{"name":"Brossard--Saint-Lambert"},"geometry":{"type":"Polygon","coordinates":[[[-73.38,45.433],[-73.524,45.518],[-73.491,45.432],[-73.387,45.413],[-73.38,45.433]]]}},{"type":"Feature","properties":{"name":"Vimy"},"geometry":{"type":"Polygon","coordinates":[[[-73.668,45.578],[-73.717,45.593],[-73.809,45.555],[-73.739,45.532],[-73.668,45.578]]]}},{"type":"Feature","properties":{"name":"Peterborough--Kawartha"},"geometry":{"type":"Polygon","coordinates":[[[-77.727,44.436],[-77.829,44.631],[-77.884,44.77],[-77.961,44.911],[-78.119,44.876],[-78.141,44.917],[-78.187,44.903],[-78.655,44.794],[-78.544,44.55],[-78.488,44.466],[-78.49,44.431],[-78.425,44.29],[-78.335,44.259],[-78.282,44.279],[-78.293,44.322],[-77.926,44.416],[-77.913,44.389],[-77.727,44.436]]]}},{"type":"Feature","properties":{"name":"Mississauga--Lakeshore"},"geometry":{"type":"Polygon","coordinates":[[[-79.543,43.581],[-79.567,43.61],[-79.633,43.566],[-79.658,43.543],[-79.682,43.523],[-79.625,43.481],[-79.598,43.536],[-79.543,43.581]]]}},{"type":"Feature","properties":{"name":"Orléans"},"geometry":{"type":"Polygon","coordinates":[[[-75.434,45.328],[-75.418,45.333],[-75.473,45.435],[-75.424,45.452],[-75.465,45.517],[-75.526,45.497],[-75.57,45.477],[-75.601,45.412],[-75.579,45.382],[-75.527,45.298],[-75.434,45.328]]]}},{"type":"Feature","properties":{"name":"Essex"},"geometry":{"type":"Polygon","coordinates":[[[-82.645,42.036],[-82.636,42.172],[-82.601,42.17],[-82.592,42.308],[-82.725,42.297],[-82.843,42.32],[-82.869,42.311],[-82.877,42.18],[-83.001,42.184],[-82.997,42.236],[-83.036,42.253],[-83.106,42.254],[-83.102,42.183],[-83.116,42.138],[-83.109,42.048],[-83.004,42.02],[-82.925,41.981],[-82.816,41.998],[-82.742,42.026],[-82.645,42.036]]]}},{"type":"Feature","properties":{"name":"Richmond Hill"},"geometry":{"type":"Polygon","coordinates":[[[-79.38,43.883],[-79.467,43.884],[-79.459,43.848],[-79.406,43.838],[-79.368,43.839],[-79.38,43.883]]]}},{"type":"Feature","properties":{"name":"Regina--Lewvan"},"geometry":{"type":"Polygon","coordinates":[[[-104.618,50.447],[-104.641,50.506],[-104.71,50.513],[-104.71,50.441],[-104.618,50.397],[-104.618,50.447]]]}},{"type":"Feature","properties":{"name":"Central Okanagan--Similkameen--Nicola"},"geometry":{"type":"Polygon","coordinates":[[[-121.017,50.549],[-121.096,50.579],[-121.209,50.578],[-121.235,50.534],[-121.138,50.535],[-121.141,50.433],[-121.071,50.432],[-121.073,50.389],[-120.958,50.388],[-120.89,50.363],[-120.914,50.314],[-120.966,50.273],[-120.97,50.228],[-121.14,50.227],[-121.146,50.2],[-121.22,50.189],[-121.321,50.127],[-121.309,50.067],[-121.328,50.038],[-121.291,50.011],[-121.269,49.962],[-121.324,49.899],[-121.286,49.872],[-121.22,49.894],[-121.164,49.881],[-121.124,49.826],[-121.18,49.822],[-121.212,49.779],[-121.186,49.727],[-121.126,49.68],[-121.171,49.648],[-121.156,49.617],[-121.019,49.637],[-121.007,49.656],[-120.971,49.628],[-121.038,49.587],[-121.048,49.532],[-121.082,49.514],[-121.054,49.471],[-121.099,49.441],[-121.098,49.354],[-121.045,49.331],[-121.001,49.278],[-120.936,49.276],[-120.906,49.306],[-120.824,49.295],[-120.821,49.247],[-120.891,49.206],[-120.903,49.175],[-120.858,49.134],[-120.963,49.095],[-120.895,49.078],[-120.826,49.025],[-120.848,49],[-120.37,49],[-119.626,49],[-119.627,49.073],[-119.671,49.099],[-119.676,49.182],[-119.67,49.299],[-119.797,49.301],[-119.891,49.314],[-119.9,49.472],[-119.739,49.471],[-119.777,49.515],[-119.753,49.584],[-119.683,49.561],[-119.603,49.556],[-119.643,49.633],[-119.738,49.72],[-119.697,49.775],[-119.574,49.806],[-119.518,49.845],[-119.518,49.904],[-119.485,49.941],[-119.464,49.998],[-119.474,50.15],[-119.472,50.235],[-119.762,50.233],[-119.698,50.285],[-119.633,50.376],[-119.651,50.402],[-119.789,50.358],[-120.092,50.358],[-120.225,50.371],[-120.226,50.386],[-120.432,50.386],[-120.432,50.4],[-120.566,50.401],[-120.634,50.43],[-120.728,50.431],[-120.797,50.459],[-120.784,50.504],[-120.913,50.503],[-120.96,50.548],[-121.017,50.549]]]}},{"type":"Feature","properties":{"name":"Cumberland--Colchester"},"geometry":{"type":"Polygon","coordinates":[[[-63.154,45.751],[-63.185,45.763],[-63.266,45.733],[-63.366,45.741],[-63.256,45.793],[-63.375,45.8],[-63.431,45.822],[-63.414,45.86],[-63.467,45.878],[-63.617,45.878],[-63.696,45.856],[-63.808,45.891],[-63.863,45.934],[-63.863,45.961],[-63.972,45.997],[-64.042,45.995],[-64.047,45.977],[-64.149,45.98],[-64.275,45.839],[-64.379,45.787],[-64.45,45.734],[-64.454,45.684],[-64.504,45.663],[-64.566,45.616],[-64.65,45.582],[-64.654,45.563],[-64.827,45.486],[-64.827,45.468],[-64.914,45.43],[-64.943,45.328],[-64.85,45.354],[-64.772,45.324],[-64.709,45.314],[-64.703,45.365],[-64.578,45.405],[-64.456,45.395],[-64.391,45.369],[-64.318,45.391],[-64.247,45.39],[-64.068,45.408],[-64.04,45.384],[-63.947,45.394],[-63.892,45.352],[-63.868,45.38],[-63.804,45.399],[-63.717,45.389],[-63.602,45.392],[-63.516,45.37],[-63.388,45.361],[-63.484,45.316],[-63.455,45.249],[-63.395,45.197],[-63.406,45.101],[-63.391,45.055],[-63.336,45.037],[-62.899,45.195],[-62.815,45.244],[-62.714,45.276],[-63.008,45.486],[-63.154,45.751]]]}},{"type":"Feature","properties":{"name":"Long Range Mountains"},"geometry":{"type":"MultiPolygon","coordinates":[[[[-55.551,50.987],[-55.638,50.963],[-55.633,50.918],[-55.536,50.961],[-55.551,50.987]]],[[[-55.474,50.8],[-55.611,50.764],[-55.662,50.72],[-55.576,50.692],[-55.525,50.714],[-55.474,50.8]]],[[[-57.268,47.778],[-57.34,47.625],[-57.343,47.589],[-57.209,47.598],[-57.158,47.639],[-57.14,47.576],[-57.079,47.575],[-57.015,47.594],[-56.935,47.565],[-56.804,47.535],[-56.733,47.559],[-56.774,47.652],[-57.268,47.778]]],[[[-56.85,49.549],[-56.785,49.699],[-56.831,49.75],[-56.834,49.785],[-56.773,49.83],[-56.746,49.873],[-56.729,49.952],[-56.773,49.974],[-56.754,50.023],[-56.614,50.126],[-56.522,50.214],[-56.398,50.406],[-56.33,50.448],[-56.313,50.482],[-56.24,50.543],[-56.223,50.614],[-56.131,50.637],[-56.11,50.675],[-56.174,50.691],[-56.183,50.737],[-56.155,50.801],[-56.171,50.861],[-56.12,50.879],[-56.151,50.777],[-56.089,50.724],[-56.036,50.784],[-55.996,50.803],[-55.965,50.853],[-55.89,50.902],[-55.83,50.922],[-55.821,51.015],[-55.734,51.087],[-55.739,51.199],[-55.786,51.214],[-55.893,51.22],[-55.962,51.163],[-56.014,51.176],[-56.026,51.295],[-56.101,51.319],[-56.071,51.366],[-56.004,51.348],[-55.877,51.339],[-55.812,51.349],[-55.75,51.326],[-55.614,51.309],[-55.586,51.336],[-55.496,51.381],[-55.471,51.47],[-55.444,51.509],[-55.429,51.576],[-55.472,51.597],[-55.572,51.589],[-55.661,51.595],[-55.706,51.582],[-55.708,51.527],[-55.736,51.499],[-55.856,51.502],[-55.9,51.549],[-55.867,51.601],[-55.909,51.629],[-56.111,51.532],[-56.202,51.514],[-56.347,51.457],[-56.44,51.412],[-56.472,51.419],[-56.662,51.356],[-56.724,51.325],[-56.751,51.271],[-56.802,51.244],[-56.812,51.191],[-56.791,51.147],[-56.853,51.123],[-56.93,51.004],[-56.99,50.988],[-56.999,50.866],[-57.113,50.776],[-57.172,50.75],[-57.311,50.72],[-57.401,50.711],[-57.314,50.671],[-57.305,50.609],[-57.375,50.6],[-57.387,50.534],[-57.473,50.477],[-57.538,50.363],[-57.531,50.348],[-57.59,50.23],[-57.607,50.172],[-57.647,50.147],[-57.734,50.011],[-57.772,49.967],[-57.786,49.916],[-57.827,49.896],[-57.71,49.821],[-57.787,49.814],[-57.797,49.847],[-57.867,49.838],[-57.872,49.791],[-57.944,49.727],[-57.966,49.664],[-57.953,49.601],[-57.879,49.516],[-57.98,49.559],[-58.02,49.555],[-58.17,49.463],[-58.219,49.42],[-58.254,49.285],[-58.205,49.232],[-58.166,49.236],[-58.063,49.21],[-58.112,49.18],[-58.151,49.117],[-58.162,49.061],[-58.262,49.072],[-58.338,49.056],[-58.352,49.142],[-58.409,49.126],[-58.47,49.017],[-58.501,49.006],[-58.505,48.942],[-58.539,48.876],[-58.608,48.811],[-58.687,48.686],[-58.654,48.65],[-58.714,48.561],[-58.864,48.572],[-58.952,48.605],[-58.964,48.645],[-59.1,48.62],[-59.168,48.583],[-59.236,48.522],[-59.251,48.464],[-59.084,48.514],[-59.018,48.525],[-58.942,48.508],[-58.776,48.531],[-58.721,48.555],[-58.584,48.543],[-58.467,48.518],[-58.432,48.489],[-58.44,48.45],[-58.624,48.396],[-58.689,48.361],[-58.691,48.33],[-58.81,48.261],[-58.888,48.196],[-58.929,48.18],[-58.979,48.129],[-59.086,48.098],[-59.263,48.005],[-59.314,47.946],[-59.396,47.922],[-59.413,47.898],[-59.33,47.827],[-59.333,47.782],[-59.299,47.733],[-59.315,47.697],[-59.301,47.618],[-59.27,47.626],[-59.209,47.59],[-59.046,47.573],[-58.893,47.603],[-58.801,47.598],[-58.668,47.627],[-58.629,47.616],[-58.539,47.652],[-58.412,47.649],[-58.372,47.691],[-58.239,47.662],[-58.108,47.699],[-57.936,47.672],[-57.8,47.63],[-57.708,47.639],[-57.596,47.621],[-57.577,47.64],[-57.467,47.629],[-57.339,47.651],[-57.273,47.779],[-57.521,47.84],[-57.407,48.131],[-57.213,48.564],[-56.993,48.964],[-56.848,49.505],[-56.85,49.549]]]]}},{"type":"Feature","properties":{"name":"Laurentides--Labelle"},"geometry":{"type":"Polygon","coordinates":[[[-74.451,47.464],[-74.427,47.507],[-74.506,47.499],[-74.583,47.544],[-74.656,47.618],[-74.713,47.642],[-74.889,47.761],[-75.392,47.762],[-75.522,47.764],[-75.523,47.71],[-75.456,47.673],[-75.419,47.63],[-75.37,47.627],[-75.365,47.577],[-75.309,47.547],[-75.368,47.485],[-75.389,47.428],[-75.46,47.369],[-75.468,47.292],[-75.559,47.208],[-75.626,47.181],[-75.622,47.228],[-75.649,47.283],[-75.712,47.269],[-75.797,47.317],[-75.839,47.31],[-75.968,47.213],[-76.023,47.194],[-76.092,47.191],[-76.108,47.026],[-76.138,46.937],[-76.036,46.889],[-75.953,46.869],[-75.877,46.814],[-75.814,46.839],[-75.75,46.839],[-75.745,46.438],[-75.706,46.438],[-75.706,46.309],[-75.785,46.285],[-75.813,46.228],[-75.806,46.185],[-75.769,46.175],[-75.765,46.023],[-75.78,45.964],[-75.669,45.97],[-75.407,45.972],[-75.408,46.097],[-75.211,46.098],[-75.117,46.216],[-75.076,46.216],[-75.09,46.103],[-74.94,46.106],[-74.941,46.062],[-74.859,46.063],[-74.858,46.017],[-74.802,45.944],[-74.763,45.973],[-74.698,45.972],[-74.709,45.932],[-74.442,45.906],[-74.413,46.019],[-74.264,46],[-74.273,45.966],[-74.192,45.911],[-74.263,45.86],[-74.142,45.819],[-74.093,45.831],[-74.093,45.937],[-74.002,45.998],[-74.004,46.033],[-73.961,46.065],[-74.027,46.079],[-74.076,46.118],[-74.033,46.151],[-74.184,46.25],[-74.267,46.198],[-74.412,46.298],[-74.334,46.352],[-74.478,46.454],[-74.345,46.548],[-74.438,46.615],[-74.492,46.606],[-74.512,46.68],[-74.469,46.793],[-74.475,46.85],[-74.431,46.897],[-74.576,46.998],[-74.412,47.104],[-74.459,47.136],[-74.43,47.157],[-74.486,47.222],[-74.618,47.251],[-74.605,47.287],[-74.555,47.323],[-74.514,47.406],[-74.451,47.464]]]}},{"type":"Feature","properties":{"name":"Red Deer--Mountain View"},"geometry":{"type":"Polygon","coordinates":[[[-113.093,52.318],[-113.216,52.315],[-113.254,52.297],[-113.278,52.25],[-113.456,52.235],[-113.612,52.274],[-113.824,52.27],[-113.894,52.282],[-114.112,52.282],[-114.266,52.319],[-114.326,52.314],[-114.335,52.276],[-114.43,52.275],[-114.43,52.13],[-114.572,52.13],[-114.573,52.072],[-114.502,52.072],[-114.498,51.935],[-114.518,51.916],[-114.758,51.926],[-114.793,51.897],[-114.994,51.889],[-114.97,51.868],[-114.97,51.809],[-114.923,51.764],[-114.852,51.764],[-114.843,51.707],[-114.781,51.708],[-114.782,51.649],[-114.71,51.649],[-114.704,51.446],[-114.189,51.446],[-114.189,51.475],[-114.072,51.489],[-113.896,51.489],[-113.896,51.46],[-113.826,51.459],[-113.802,51.445],[-113.662,51.445],[-113.662,51.62],[-113.643,51.678],[-113.69,51.678],[-113.69,51.721],[-113.736,51.751],[-113.713,51.781],[-113.713,51.896],[-113.643,51.896],[-113.643,51.955],[-113.477,51.955],[-113.481,51.983],[-113.291,51.983],[-113.291,51.969],[-112.912,51.97],[-112.915,52.003],[-112.968,52.041],[-113.03,52.128],[-113.025,52.18],[-113.063,52.208],[-113.071,52.3],[-113.093,52.318]]]}},{"type":"Feature","properties":{"name":"Brampton East"},"geometry":{"type":"Polygon","coordinates":[[[-79.639,43.75],[-79.679,43.819],[-79.695,43.848],[-79.782,43.772],[-79.72,43.744],[-79.672,43.708],[-79.63,43.736],[-79.639,43.75]]]}},{"type":"Feature","properties":{"name":"Kootenay--Columbia"},"geometry":{"type":"Polygon","coordinates":[[[-117.317,52.194],[-117.334,52.149],[-117.381,52.138],[-117.5,52.144],[-117.523,52.158],[-117.611,52.144],[-117.664,52.198],[-117.741,52.203],[-117.818,52.226],[-117.84,52.274],[-117.753,52.316],[-117.706,52.365],[-117.766,52.418],[-117.887,52.426],[-117.967,52.47],[-118.053,52.45],[-118.044,52.398],[-118.138,52.407],[-118.226,52.38],[-118.29,52.339],[-118.354,52.366],[-118.395,52.335],[-118.493,52.312],[-118.502,52.282],[-118.564,52.258],[-118.582,52.193],[-118.64,52.17],[-118.716,52.161],[-118.803,52.177],[-118.834,52.164],[-118.873,52.076],[-118.856,52.046],[-118.944,52.026],[-118.972,51.977],[-118.891,51.954],[-118.909,51.928],[-118.988,51.931],[-118.95,51.849],[-118.961,51.811],[-118.887,51.775],[-118.886,51.733],[-118.924,51.69],[-118.904,51.657],[-118.818,51.627],[-118.832,51.531],[-118.742,51.529],[-118.675,51.461],[-118.633,51.464],[-118.6,51.31],[-118.55,51.279],[-118.577,51.252],[-118.535,51.178],[-118.492,51.147],[-118.481,51.102],[-118.432,51.072],[-118.426,51.016],[-118.361,51.009],[-118.31,50.887],[-118.242,50.755],[-118.206,50.739],[-118.207,50.69],[-118.123,50.681],[-118.014,50.653],[-117.994,50.548],[-117.927,50.531],[-117.741,50.554],[-117.671,50.532],[-117.616,50.544],[-117.582,50.503],[-117.454,50.425],[-117.359,50.396],[-117.393,50.343],[-117.361,50.326],[-117.368,50.278],[-117.339,50.259],[-117.236,50.295],[-117.221,50.253],[-117.275,50.209],[-117.201,50.186],[-117.232,50.136],[-117.167,50.128],[-117.213,50.059],[-117.183,49.993],[-117.144,49.982],[-117.131,49.932],[-117.175,49.922],[-117.181,49.871],[-117.229,49.843],[-117.196,49.783],[-117.191,49.698],[-117.317,49.678],[-117.323,49.624],[-117.403,49.622],[-117.417,49.598],[-117.503,49.575],[-117.555,49.541],[-117.545,49.481],[-117.512,49.473],[-117.526,49.392],[-117.555,49.349],[-117.491,49.349],[-117.494,49.175],[-117.521,49.088],[-117.465,49.088],[-117.47,49.001],[-116.755,49],[-116.276,49],[-115.259,49],[-114.764,49],[-114.068,48.999],[-114.081,49.06],[-114.153,49.1],[-114.175,49.164],[-114.346,49.194],[-114.402,49.213],[-114.393,49.257],[-114.448,49.264],[-114.488,49.347],[-114.567,49.377],[-114.598,49.413],[-114.595,49.503],[-114.62,49.547],[-114.691,49.554],[-114.733,49.576],[-114.746,49.619],[-114.663,49.644],[-114.668,49.704],[-114.633,49.734],[-114.64,49.828],[-114.692,49.896],[-114.694,49.943],[-114.657,49.968],[-114.666,50.051],[-114.733,50.119],[-114.725,50.19],[-114.77,50.25],[-114.752,50.275],[-114.798,50.326],[-114.766,50.351],[-114.857,50.393],[-115.014,50.571],[-115.085,50.59],[-115.231,50.545],[-115.24,50.589],[-115.294,50.611],[-115.282,50.663],[-115.336,50.723],[-115.391,50.706],[-115.436,50.756],[-115.551,50.797],[-115.578,50.841],[-115.643,50.842],[-115.649,50.874],[-115.593,50.893],[-115.649,50.998],[-115.767,51.039],[-115.789,51.072],[-115.868,51.089],[-115.924,51.083],[-116.004,51.125],[-116.037,51.17],[-116.008,51.222],[-116.112,51.253],[-116.268,51.312],[-116.311,51.385],[-116.282,51.407],[-116.292,51.462],[-116.361,51.471],[-116.394,51.506],[-116.391,51.546],[-116.453,51.561],[-116.471,51.605],[-116.595,51.662],[-116.581,51.697],[-116.65,51.754],[-116.643,51.787],[-116.682,51.812],[-116.744,51.807],[-116.819,51.736],[-116.81,51.705],[-116.921,51.71],[-116.976,51.76],[-116.964,51.795],[-117.034,51.86],[-117.019,51.891],[-117.103,51.957],[-117.197,51.98],[-117.299,52.094],[-117.317,52.194]]]}},{"type":"Feature","properties":{"name":"Markham--Thornhill"},"geometry":{"type":"Polygon","coordinates":[[[-79.228,43.842],[-79.281,43.857],[-79.368,43.839],[-79.406,43.838],[-79.396,43.803],[-79.341,43.816],[-79.297,43.826],[-79.228,43.842],[-79.228,43.842]]]}},{"type":"Feature","properties":{"name":"Pontiac"},"geometry":{"type":"Polygon","coordinates":[[[-75.78,45.964],[-75.765,46.023],[-75.769,46.175],[-75.806,46.185],[-75.813,46.228],[-75.785,46.285],[-75.706,46.309],[-75.706,46.438],[-75.745,46.438],[-75.75,46.839],[-75.814,46.839],[-75.877,46.814],[-75.953,46.869],[-76.036,46.889],[-76.138,46.937],[-76.108,47.026],[-76.092,47.191],[-76.023,47.194],[-75.968,47.213],[-75.839,47.31],[-75.797,47.317],[-75.712,47.269],[-75.649,47.283],[-75.622,47.228],[-75.626,47.181],[-75.559,47.208],[-75.468,47.292],[-75.46,47.369],[-75.389,47.428],[-75.368,47.485],[-75.309,47.547],[-75.365,47.577],[-75.37,47.627],[-75.419,47.63],[-75.456,47.673],[-75.523,47.71],[-75.522,47.764],[-75.52,47.846],[-75.725,47.848],[-75.768,47.821],[-75.791,47.695],[-75.85,47.712],[-75.832,47.767],[-75.865,47.801],[-75.936,47.8],[-76.021,47.724],[-76.237,47.722],[-76.307,47.666],[-76.452,47.629],[-76.41,47.561],[-76.424,47.513],[-76.573,47.601],[-76.575,47.288],[-77.003,47.289],[-77.004,47.145],[-77.434,47.145],[-77.432,47.289],[-77.646,47.289],[-77.647,47.269],[-77.931,47.27],[-77.858,47.236],[-77.828,47.06],[-77.843,46.941],[-77.873,46.904],[-77.883,46.822],[-77.824,46.817],[-77.838,46.774],[-77.819,46.706],[-77.857,46.641],[-77.785,46.602],[-77.789,46.571],[-77.761,46.512],[-77.776,46.453],[-77.742,46.405],[-77.802,46.364],[-77.854,46.277],[-77.85,46.208],[-77.698,46.183],[-77.675,46.198],[-77.566,46.159],[-77.276,46.009],[-77.278,45.949],[-77.236,45.921],[-77.19,45.864],[-77.082,45.836],[-76.985,45.786],[-76.912,45.81],[-76.928,45.892],[-76.895,45.898],[-76.779,45.871],[-76.766,45.811],[-76.77,45.733],[-76.704,45.721],[-76.712,45.665],[-76.67,45.626],[-76.659,45.561],[-76.604,45.532],[-76.434,45.492],[-76.362,45.457],[-76.296,45.465],[-76.245,45.469],[-76.201,45.519],[-76.09,45.514],[-75.987,45.48],[-75.906,45.41],[-75.895,45.402],[-75.808,45.416],[-75.783,45.473],[-75.743,45.477],[-75.678,45.507],[-75.684,45.551],[-75.542,45.563],[-75.537,45.576],[-75.559,45.714],[-75.641,45.834],[-75.736,45.825],[-75.738,45.914],[-75.78,45.964]]]}},{"type":"Feature","properties":{"name":"Aurora--Oak Ridges--Richmond Hill"},"geometry":{"type":"Polygon","coordinates":[[[-79.38,43.883],[-79.39,43.924],[-79.406,44.014],[-79.494,43.994],[-79.467,43.884],[-79.38,43.883]]]}},{"type":"Feature","properties":{"name":"Cypress Hills--Grasslands"},"geometry":{"type":"Polygon","coordinates":[[[-108.556,51.62],[-109.379,51.62],[-110.005,51.62],[-110.005,51.271],[-110.003,50.835],[-110.005,50.339],[-110.008,50.281],[-110.004,49.96],[-110.004,49.533],[-110.005,49],[-109.648,49],[-109,49],[-108.188,49],[-107.52,48.999],[-106.779,49],[-106.234,48.999],[-105.612,49],[-105.612,49.173],[-105.638,49.179],[-105.638,49.261],[-105.503,49.261],[-105.504,49.348],[-105.369,49.348],[-105.369,49.389],[-105.429,49.438],[-105.638,49.47],[-105.665,49.523],[-105.665,49.785],[-105.734,49.813],[-105.692,49.879],[-105.692,50.222],[-105.718,50.222],[-105.718,50.572],[-106.42,50.572],[-106.423,51.096],[-106.63,51.097],[-106.744,51.139],[-106.811,51.188],[-106.861,51.273],[-107.191,51.271],[-107.691,51.271],[-107.691,51.358],[-108.535,51.358],[-108.535,51.62],[-108.556,51.62]]]}},{"type":"Feature","properties":{"name":"London North Centre"},"geometry":{"type":"Polygon","coordinates":[[[-81.23,42.975],[-81.199,42.986],[-81.236,43.061],[-81.32,43.036],[-81.288,42.976],[-81.23,42.975]]]}},{"type":"Feature","properties":{"name":"Thérèse-De Blainville"},"geometry":{"type":"Polygon","coordinates":[[[-73.846,45.722],[-73.926,45.685],[-73.864,45.644],[-73.826,45.631],[-73.779,45.655],[-73.746,45.67],[-73.846,45.722]]]}},{"type":"Feature","properties":{"name":"Sherwood Park--Fort Saskatchewan"},"geometry":{"type":"Polygon","coordinates":[[[-112.951,53.893],[-113.067,53.862],[-113.126,53.791],[-113.215,53.716],[-113.293,53.673],[-113.295,53.57],[-113.372,53.57],[-113.402,53.557],[-113.394,53.517],[-113.344,53.483],[-113.345,53.454],[-113.344,53.367],[-113.246,53.367],[-112.841,53.367],[-112.853,53.46],[-112.951,53.483],[-112.951,53.524],[-112.951,53.629],[-112.878,53.658],[-112.877,53.716],[-112.926,53.716],[-112.951,53.774],[-112.951,53.893]]]}},{"type":"Feature","properties":{"name":"Victoria"},"geometry":{"type":"Polygon","coordinates":[[[-123.301,48.476],[-123.351,48.45],[-123.392,48.443],[-123.377,48.409],[-123.323,48.406],[-123.291,48.449],[-123.301,48.476]]]}},{"type":"Feature","properties":{"name":"Mississauga--Malton"},"geometry":{"type":"Polygon","coordinates":[[[-79.591,43.669],[-79.63,43.736],[-79.672,43.708],[-79.714,43.652],[-79.737,43.641],[-79.697,43.587],[-79.637,43.608],[-79.609,43.646],[-79.591,43.669]]]}},{"type":"Feature","properties":{"name":"Kings--Hants"},"geometry":{"type":"Polygon","coordinates":[[[-63.484,45.316],[-63.727,45.319],[-63.802,45.313],[-63.807,45.291],[-63.892,45.279],[-64.155,45.196],[-64.168,45.162],[-64.224,45.108],[-64.301,45.138],[-64.336,45.103],[-64.398,45.142],[-64.351,45.165],[-64.367,45.198],[-64.334,45.299],[-64.394,45.322],[-64.412,45.269],[-64.475,45.24],[-64.607,45.2],[-64.743,45.171],[-64.712,45.145],[-64.688,45.065],[-64.636,45.023],[-64.648,44.972],[-64.619,44.905],[-64.529,44.841],[-64.432,44.899],[-64.237,44.761],[-63.866,44.796],[-63.802,44.84],[-63.756,44.894],[-63.663,44.937],[-63.592,44.95],[-63.541,44.937],[-63.454,44.999],[-63.423,45.055],[-63.391,45.055],[-63.406,45.101],[-63.395,45.197],[-63.455,45.249],[-63.484,45.316]]]}},{"type":"Feature","properties":{"name":"Miramichi--Grand Lake"},"geometry":{"type":"Polygon","coordinates":[[[-64.908,46.802],[-64.945,46.841],[-64.882,46.928],[-64.812,46.975],[-64.829,47.046],[-64.806,47.076],[-64.945,47.076],[-64.995,47.055],[-65.031,47.085],[-65.101,47.074],[-65.143,47.039],[-65.22,47.041],[-65.205,47.082],[-65.302,47.061],[-65.349,47.077],[-65.267,47.116],[-65.113,47.207],[-65.063,47.255],[-64.975,47.277],[-64.945,47.37],[-64.906,47.392],[-64.881,47.449],[-65.467,47.313],[-65.816,47.233],[-66.217,47.551],[-66.654,47.45],[-66.654,47.35],[-67.039,47.349],[-66.796,47.004],[-66.684,46.836],[-66.498,46.521],[-66.586,46.593],[-66.648,46.6],[-66.77,46.582],[-66.907,46.529],[-66.856,46.417],[-66.756,46.455],[-66.63,46.412],[-66.58,46.432],[-66.527,46.405],[-66.548,46.37],[-66.598,46.349],[-66.584,46.315],[-66.51,46.294],[-66.201,46.355],[-66.284,46.259],[-66.225,46.246],[-66.151,46.186],[-66.157,46.153],[-66.1,46.04],[-66.059,46],[-66.02,45.999],[-66.002,46.04],[-65.811,46.118],[-65.747,46.165],[-65.696,46.182],[-65.57,46.285],[-65.416,46.257],[-65.074,46.264],[-65.143,46.348],[-64.86,46.511],[-64.883,46.562],[-64.949,46.586],[-64.967,46.611],[-65.386,46.61],[-65.07,46.767],[-64.908,46.802]]]}},{"type":"Feature","properties":{"name":"Joliette"},"geometry":{"type":"Polygon","coordinates":[[[-74.451,47.464],[-74.514,47.406],[-74.555,47.323],[-74.605,47.287],[-74.618,47.251],[-74.486,47.222],[-74.43,47.157],[-74.459,47.136],[-74.412,47.104],[-74.576,46.998],[-74.431,46.897],[-74.475,46.85],[-74.469,46.793],[-74.512,46.68],[-74.492,46.606],[-74.438,46.615],[-74.345,46.548],[-74.478,46.454],[-74.334,46.352],[-74.412,46.298],[-74.267,46.198],[-74.184,46.25],[-74.033,46.151],[-74.076,46.118],[-74.027,46.079],[-73.961,46.065],[-74.004,46.033],[-74.002,45.998],[-73.976,45.979],[-73.921,46.019],[-73.873,46.028],[-73.788,45.978],[-73.708,46.031],[-73.658,46.01],[-73.622,46.035],[-73.55,46.043],[-73.508,46.013],[-73.541,45.972],[-73.456,45.944],[-73.392,45.905],[-73.279,46.014],[-73.261,46.045],[-73.412,46.07],[-73.404,46.118],[-73.487,46.141],[-73.48,46.173],[-73.567,46.204],[-73.64,46.266],[-73.556,46.3],[-73.683,46.389],[-73.518,46.488],[-73.563,46.518],[-73.455,46.586],[-73.333,46.498],[-73.283,46.533],[-73.361,46.618],[-73.436,46.599],[-73.438,46.67],[-73.463,46.707],[-73.454,46.784],[-73.42,46.885],[-73.46,46.908],[-73.514,46.897],[-73.545,46.866],[-73.674,46.875],[-73.677,46.973],[-73.778,47.086],[-73.858,47.142],[-73.916,47.1],[-74.451,47.464]]]}},{"type":"Feature","properties":{"name":"Fredericton"},"geometry":{"type":"Polygon","coordinates":[[[-66.02,45.999],[-66.059,46],[-66.1,46.04],[-66.157,46.153],[-66.151,46.186],[-66.225,46.246],[-66.284,46.259],[-66.514,45.992],[-66.595,46.013],[-66.623,45.986],[-66.686,46.004],[-66.734,45.977],[-66.72,45.892],[-66.664,45.854],[-66.641,45.883],[-66.531,45.845],[-66.55,45.794],[-66.548,45.735],[-66.375,45.717],[-66.252,45.861],[-66.166,45.834],[-66.134,45.869],[-66.052,45.889],[-66.02,45.999]]]}},{"type":"Feature","properties":{"name":"Saint-Maurice--Champlain"},"geometry":{"type":"Polygon","coordinates":[[[-74.444,48.929],[-74.515,49],[-74.583,48.963],[-74.631,48.966],[-74.676,49],[-75.525,49],[-75.522,48.398],[-75.52,47.846],[-75.522,47.764],[-75.392,47.762],[-74.889,47.761],[-74.713,47.642],[-74.656,47.618],[-74.583,47.544],[-74.506,47.499],[-74.427,47.507],[-74.451,47.464],[-73.916,47.1],[-73.858,47.142],[-73.778,47.086],[-73.677,46.973],[-73.674,46.875],[-73.545,46.866],[-73.514,46.897],[-73.46,46.908],[-73.42,46.885],[-73.312,46.871],[-73.244,46.882],[-73.207,46.844],[-73.133,46.833],[-73.133,46.789],[-73.179,46.751],[-73.11,46.704],[-73.064,46.706],[-73.033,46.654],[-72.988,46.683],[-72.995,46.746],[-72.91,46.724],[-72.851,46.634],[-72.87,46.621],[-72.766,46.546],[-72.775,46.481],[-72.704,46.424],[-72.607,46.376],[-72.563,46.403],[-72.491,46.375],[-72.337,46.441],[-72.262,46.457],[-72.218,46.545],[-72.102,46.585],[-72.393,46.792],[-72.272,46.847],[-72.229,46.835],[-72.169,46.875],[-72.436,47.057],[-72.372,47.102],[-72.442,47.144],[-72.519,47.147],[-72.547,47.204],[-72.548,47.31],[-72.472,47.335],[-72.445,47.387],[-72.401,47.354],[-72.427,47.3],[-72.322,47.284],[-72.285,47.266],[-72.24,47.289],[-72.201,47.361],[-72.146,47.4],[-72.238,47.537],[-71.893,47.773],[-72.074,47.95],[-72.123,47.999],[-73.016,47.999],[-74.004,48.649],[-74.444,48.929]]]}},{"type":"Feature","properties":{"name":"Kitchener--Conestoga"},"geometry":{"type":"Polygon","coordinates":[[[-80.306,43.472],[-80.374,43.533],[-80.383,43.564],[-80.558,43.69],[-80.595,43.662],[-80.608,43.589],[-80.755,43.648],[-80.869,43.498],[-80.794,43.467],[-80.738,43.408],[-80.736,43.353],[-80.735,43.311],[-80.504,43.348],[-80.481,43.358],[-80.514,43.419],[-80.543,43.443],[-80.574,43.433],[-80.626,43.48],[-80.482,43.531],[-80.468,43.484],[-80.422,43.478],[-80.392,43.45],[-80.306,43.472]]]}},{"type":"Feature","properties":{"name":"Carleton"},"geometry":{"type":"Polygon","coordinates":[[[-75.434,45.328],[-75.527,45.298],[-75.579,45.382],[-75.619,45.365],[-75.677,45.298],[-75.696,45.334],[-75.706,45.25],[-75.69,45.229],[-75.809,45.18],[-75.858,45.27],[-75.931,45.297],[-75.974,45.244],[-76.039,45.204],[-76.05,45.171],[-75.941,45.08],[-75.953,45.072],[-75.82,44.962],[-75.81,44.977],[-75.595,45.084],[-75.353,45.182],[-75.434,45.328]]]}},{"type":"Feature","properties":{"name":"Algoma--Manitoulin--Kapuskasing"},"geometry":{"type":"MultiPolygon","coordinates":[[[[-81.702,45.531],[-81.823,45.497],[-81.798,45.441],[-81.734,45.474],[-81.702,45.531]]],[[[-81.818,46.063],[-81.952,46.044],[-81.952,46],[-81.935,46.004],[-81.924,45.992],[-81.923,45.982],[-81.905,45.98],[-81.9,45.988],[-81.857,45.998],[-81.811,45.978],[-81.767,45.994],[-81.818,46.063]]],[[[-83.355,45.993],[-83.41,45.986],[-83.483,45.905],[-83.357,45.85],[-83.263,45.909],[-83.266,45.958],[-83.326,45.96],[-83.355,45.993]]],[[[-85.743,47.798],[-85.852,47.791],[-85.95,47.746],[-85.95,47.717],[-85.856,47.712],[-85.786,47.72],[-85.693,47.71],[-85.608,47.732],[-85.637,47.77],[-85.694,47.774],[-85.743,47.798]]],[[[-83.946,46.318],[-84.11,46.271],[-84.071,46.192],[-84,46.157],[-83.948,46.068],[-83.891,46.084],[-83.893,46.116],[-83.797,46.17],[-83.84,46.265],[-83.894,46.262],[-83.946,46.318]]],[[[-81.935,45.987],[-82.057,45.958],[-82.171,45.871],[-82.231,45.941],[-82.289,45.929],[-82.283,45.987],[-82.376,45.974],[-82.493,45.945],[-82.519,45.906],[-82.581,45.899],[-82.571,45.954],[-82.697,45.957],[-82.726,45.934],[-82.705,45.898],[-82.596,45.882],[-82.497,45.837],[-82.512,45.807],[-82.644,45.827],[-82.672,45.865],[-82.751,45.831],[-82.768,45.868],[-82.837,45.905],[-82.799,45.982],[-82.838,45.988],[-82.877,45.96],[-82.945,45.94],[-83.057,45.958],[-83.081,45.914],[-83.137,45.961],[-83.184,45.958],[-83.226,45.908],[-83.217,45.874],[-83.106,45.87],[-83.063,45.837],[-83.006,45.841],[-82.954,45.813],[-82.872,45.793],[-82.828,45.805],[-82.755,45.776],[-82.675,45.784],[-82.648,45.761],[-82.536,45.753],[-82.484,45.708],[-82.337,45.692],[-82.319,45.67],[-82.198,45.626],[-82.074,45.554],[-81.933,45.61],[-81.844,45.686],[-81.792,45.66],[-81.88,45.604],[-81.941,45.594],[-81.991,45.554],[-81.845,45.515],[-81.788,45.542],[-81.759,45.585],[-81.715,45.609],[-81.704,45.643],[-81.648,45.687],[-81.581,45.779],[-81.705,45.787],[-81.648,45.868],[-81.67,45.906],[-81.721,45.866],[-81.787,45.783],[-81.844,45.799],[-81.814,45.864],[-81.873,45.888],[-81.895,45.918],[-81.903,45.976],[-81.925,45.981],[-81.935,45.987]]],[[[-81.857,48.104],[-81.857,48.45],[-82.641,48.451],[-82.638,48.712],[-81.727,48.711],[-81.336,48.711],[-81.339,49.059],[-81.272,49.059],[-81.271,49.45],[-81.275,49.632],[-81.273,49.97],[-82.076,49.971],[-82.477,49.97],[-83.376,49.97],[-84.33,49.969],[-85.333,49.97],[-85.332,49.345],[-85.333,48.887],[-85.333,48.618],[-85.437,48.642],[-85.491,48.685],[-85.632,48.724],[-85.73,48.712],[-85.79,48.717],[-85.897,48.691],[-86,48.692],[-86.002,48.531],[-86.07,48.57],[-86.15,48.532],[-86.239,48.568],[-86.268,48.547],[-86.233,48.469],[-86.226,48.41],[-86.14,48.271],[-86.14,48.241],[-86.084,48.161],[-85.935,48.022],[-85.801,47.951],[-85.683,47.926],[-85.53,47.917],[-85.382,47.923],[-85.32,47.954],[-84.988,47.963],[-84.859,47.958],[-84.837,47.915],[-84.879,47.89],[-84.94,47.82],[-84.919,47.774],[-84.978,47.732],[-84.981,47.666],[-85.037,47.609],[-84.948,47.555],[-84.961,47.539],[-84.822,47.477],[-84.8,47.476],[-84.703,47.401],[-84.707,47.372],[-84.645,47.358],[-84.607,47.311],[-84.383,47.312],[-84.256,47.323],[-84.161,47.32],[-84.032,47.364],[-83.974,47.372],[-83.975,47.236],[-83.72,47.235],[-83.721,46.802],[-83.719,46.614],[-83.71,46.529],[-84.027,46.529],[-84.077,46.494],[-84.106,46.413],[-84.126,46.394],[-84.06,46.32],[-83.88,46.327],[-83.876,46.303],[-83.787,46.3],[-83.682,46.273],[-83.613,46.286],[-83.568,46.261],[-83.379,46.233],[-83.336,46.219],[-83.048,46.177],[-82.917,46.184],[-82.834,46.176],[-82.799,46.19],[-82.682,46.188],[-82.678,46.158],[-82.556,46.166],[-82.469,46.2],[-82.441,46.184],[-82.33,46.187],[-82.35,46.155],[-82.266,46.149],[-82.167,46.113],[-82.067,46.11],[-81.973,46.091],[-81.788,46.099],[-81.793,46.061],[-81.755,46.008],[-81.725,46.063],[-81.666,46.066],[-81.62,46.102],[-81.434,46.108],[-81.436,46.195],[-81.436,46.28],[-81.566,46.279],[-81.568,46.497],[-81.569,46.627],[-81.945,46.625],[-81.95,46.976],[-82.243,46.979],[-82.579,46.977],[-82.578,47.496],[-82.602,47.496],[-82.601,48.061],[-81.857,48.061],[-81.857,48.104]]]]}},{"type":"Feature","properties":{"name":"Louis-Hébert"},"geometry":{"type":"Polygon","coordinates":[[[-71.335,46.796],[-71.42,46.828],[-71.492,46.803],[-71.423,46.755],[-71.366,46.735],[-71.293,46.748],[-71.226,46.791],[-71.335,46.796]]]}},{"type":"Feature","properties":{"name":"Kelowna--Lake Country"},"geometry":{"type":"Polygon","coordinates":[[[-119.056,49.812],[-118.977,49.893],[-118.852,49.958],[-118.808,49.956],[-118.81,50.022],[-118.869,50.053],[-118.947,50.057],[-119.064,50.037],[-119.173,50.05],[-119.141,50.119],[-119.146,50.151],[-119.474,50.15],[-119.464,49.998],[-119.485,49.941],[-119.518,49.904],[-119.518,49.845],[-119.574,49.806],[-119.697,49.775],[-119.697,49.761],[-119.557,49.76],[-119.486,49.746],[-119.427,49.675],[-119.373,49.679],[-119.272,49.73],[-119.153,49.764],[-119.056,49.812]]]}},{"type":"Feature","properties":{"name":"Winnipeg North"},"geometry":{"type":"Polygon","coordinates":[[[-97.11,49.926],[-97.16,49.939],[-97.184,49.975],[-97.23,49.933],[-97.109,49.903],[-97.11,49.926]]]}},{"type":"Feature","properties":{"name":"Surrey--Newton"},"geometry":{"type":"Polygon","coordinates":[[[-122.823,49.163],[-122.89,49.163],[-122.89,49.108],[-122.823,49.105],[-122.823,49.126],[-122.823,49.163]]]}},{"type":"Feature","properties":{"name":"Markham--Unionville"},"geometry":{"type":"Polygon","coordinates":[[[-79.368,43.839],[-79.281,43.857],[-79.264,43.892],[-79.278,43.951],[-79.39,43.924],[-79.38,43.883],[-79.368,43.839]]]}},{"type":"Feature","properties":{"name":"Pierrefonds--Dollard"},"geometry":{"type":"MultiPolygon","coordinates":[[[[-73.864,45.519],[-73.94,45.489],[-73.912,45.468],[-73.864,45.519]]],[[[-73.757,45.508],[-73.846,45.517],[-73.867,45.487],[-73.795,45.482],[-73.768,45.495],[-73.756,45.506],[-73.757,45.508]]]]}},{"type":"Feature","properties":{"name":"Scarborough--Guildwood"},"geometry":{"type":"Polygon","coordinates":[[[-79.213,43.729],[-79.179,43.752],[-79.216,43.794],[-79.255,43.781],[-79.229,43.741],[-79.213,43.729]]]}},{"type":"Feature","properties":{"name":"Saint-Laurent"},"geometry":{"type":"Polygon","coordinates":[[[-73.651,45.527],[-73.756,45.506],[-73.768,45.495],[-73.683,45.465],[-73.651,45.527]]]}},{"type":"Feature","properties":{"name":"Kingston and the Islands"},"geometry":{"type":"MultiPolygon","coordinates":[[[[-76.205,44.305],[-76.297,44.291],[-76.295,44.249],[-76.207,44.288],[-76.205,44.305]]],[[[-76.184,44.239],[-76.305,44.221],[-76.335,44.237],[-76.436,44.21],[-76.506,44.167],[-76.451,44.138],[-76.436,44.105],[-76.376,44.134],[-76.368,44.197],[-76.244,44.206],[-76.184,44.239]]],[[[-76.234,44.31],[-76.235,44.331],[-76.385,44.315],[-76.494,44.269],[-76.579,44.29],[-76.667,44.285],[-76.628,44.225],[-76.557,44.209],[-76.428,44.236],[-76.314,44.291],[-76.234,44.31]]]]}},{"type":"Feature","properties":{"name":"Nanaimo--Ladysmith"},"geometry":{"type":"MultiPolygon","coordinates":[[[[-123.863,49.199],[-123.862,49.158],[-123.763,49.13],[-123.76,49.165],[-123.863,49.199]]],[[[-124.143,49.252],[-124.128,49.203],[-124.246,49.226],[-124.525,49.241],[-124.605,49.284],[-124.643,49.272],[-124.693,49.205],[-124.688,49.172],[-124.59,49.16],[-124.583,49.14],[-124.528,49.124],[-124.527,49.08],[-124.479,49.021],[-124.415,49.024],[-124.385,48.982],[-124.196,48.958],[-124.15,48.94],[-124.055,48.953],[-123.968,48.92],[-123.801,48.91],[-123.737,48.937],[-123.787,49.019],[-123.769,49.058],[-123.82,49.136],[-123.884,49.142],[-123.969,49.206],[-123.981,49.239],[-124.143,49.252]]]]}},{"type":"Feature","properties":{"name":"Thunder Bay--Rainy River"},"geometry":{"type":"MultiPolygon","coordinates":[[[[-94.196,49.2],[-94.187,49.175],[-94.109,49.182],[-94.11,49.201],[-94.132,49.201],[-94.196,49.2]]],[[[-94.561,49.347],[-94.629,49.337],[-94.647,49.314],[-94.56,49.297],[-94.561,49.347]]],[[[-94.556,49.284],[-94.462,49.231],[-94.363,49.283],[-94.556,49.284]]],[[[-89.07,48.273],[-89.12,48.268],[-89.174,48.234],[-89.117,48.208],[-89.038,48.239],[-89.07,48.273]]],[[[-94.203,49.205],[-94.204,49.272],[-94.306,49.283],[-94.203,49.205]]],[[[-94.229,49.096],[-94.24,49.125],[-94.307,49.138],[-94.328,49.082],[-94.23,49.048],[-94.229,49.096]]],[[[-94.579,49.112],[-94.616,49.103],[-94.562,49.012],[-94.503,49.073],[-94.579,49.112]]],[[[-94.646,49.209],[-94.75,49.169],[-94.703,49.083],[-94.675,49.113],[-94.597,49.123],[-94.525,49.181],[-94.559,49.205],[-94.635,49.178],[-94.646,49.209]]],[[[-89.215,48.407],[-89.427,48.399],[-89.429,48.514],[-89.595,48.516],[-89.588,48.552],[-89.621,48.598],[-89.597,48.657],[-89.646,48.675],[-89.647,48.723],[-89.56,48.744],[-89.622,48.835],[-89.631,48.904],[-89.713,48.928],[-89.819,48.916],[-89.837,48.946],[-89.895,48.969],[-89.893,49.039],[-89.874,49.082],[-89.907,49.139],[-90,49.177],[-90,49.658],[-90,50.063],[-90.17,50.063],[-90.634,50.061],[-90.964,50.063],[-90.966,49.61],[-90.965,49.02],[-91.616,49.02],[-92.393,49.022],[-92.937,49.019],[-92.934,49.106],[-93.829,49.107],[-93.83,49],[-94.23,49],[-94.23,49.048],[-94.344,49.078],[-94.426,48.995],[-94.471,48.965],[-94.584,48.954],[-94.638,48.882],[-94.701,48.825],[-94.687,48.777],[-94.587,48.719],[-94.535,48.703],[-94.438,48.697],[-94.421,48.711],[-94.305,48.711],[-94.26,48.698],[-94.244,48.654],[-93.848,48.632],[-93.802,48.567],[-93.792,48.517],[-93.649,48.518],[-93.47,48.546],[-93.469,48.588],[-93.352,48.638],[-93.411,48.685],[-93.354,48.717],[-93.34,48.776],[-93.403,48.829],[-93.414,48.914],[-93.294,48.892],[-93.272,48.813],[-93.182,48.779],[-93.219,48.701],[-93.2,48.676],[-93.102,48.659],[-93.031,48.687],[-92.962,48.666],[-92.85,48.668],[-92.877,48.607],[-92.757,48.606],[-92.704,48.577],[-92.589,48.549],[-92.619,48.471],[-92.464,48.467],[-92.48,48.425],[-92.447,48.399],[-92.467,48.349],[-92.412,48.301],[-92.371,48.224],[-92.284,48.248],[-92.325,48.318],[-92.28,48.357],[-92.194,48.358],[-92.073,48.386],[-92.025,48.357],[-92.01,48.288],[-91.932,48.239],[-91.873,48.238],[-91.717,48.201],[-91.7,48.125],[-91.677,48.108],[-91.591,48.104],[-91.527,48.145],[-91.491,48.133],[-91.473,48.088],[-91.411,48.059],[-91.252,48.086],[-91.083,48.183],[-91.036,48.193],[-90.923,48.261],[-90.838,48.24],[-90.833,48.194],[-90.778,48.151],[-90.76,48.098],[-90.613,48.113],[-90.488,48.1],[-90.399,48.112],[-90.374,48.093],[-90.143,48.113],[-90.002,48.086],[-89.994,48.028],[-89.899,47.988],[-89.776,48.023],[-89.702,48.007],[-89.59,48.004],[-89.488,48.034],[-89.44,48.078],[-89.363,48.1],[-89.284,48.175],[-89.258,48.266],[-89.209,48.301],[-89.202,48.331],[-89.242,48.383],[-89.215,48.407]]]]}},{"type":"Feature","properties":{"name":"Pitt Meadows--Maple Ridge"},"geometry":{"type":"Polygon","coordinates":[[[-122.768,49.933],[-122.851,49.919],[-122.897,49.895],[-122.962,49.903],[-122.985,49.857],[-122.89,49.802],[-122.855,49.743],[-122.814,49.711],[-122.852,49.672],[-122.811,49.619],[-122.816,49.572],[-122.7,49.574],[-122.655,49.54],[-122.608,49.542],[-122.582,49.491],[-122.528,49.458],[-122.591,49.359],[-122.675,49.317],[-122.751,49.216],[-122.668,49.196],[-122.602,49.209],[-122.517,49.167],[-122.426,49.169],[-122.424,49.264],[-122.41,49.353],[-122.301,49.356],[-122.283,49.416],[-122.218,49.459],[-122.146,49.456],[-122.131,49.513],[-122.08,49.542],[-122.072,49.581],[-122.103,49.609],[-122.237,49.587],[-122.293,49.611],[-122.297,49.663],[-122.446,49.636],[-122.475,49.695],[-122.432,49.734],[-122.485,49.778],[-122.639,49.775],[-122.608,49.861],[-122.747,49.891],[-122.768,49.933]]]}},{"type":"Feature","properties":{"name":"Fleetwood--Port Kells"},"geometry":{"type":"Polygon","coordinates":[[[-122.668,49.196],[-122.751,49.216],[-122.805,49.219],[-122.812,49.22],[-122.823,49.163],[-122.823,49.126],[-122.76,49.131],[-122.735,49.163],[-122.678,49.166],[-122.668,49.196]]]}},{"type":"Feature","properties":{"name":"Hamilton Centre"},"geometry":{"type":"Polygon","coordinates":[[[-79.811,43.264],[-79.89,43.28],[-79.879,43.245],[-79.816,43.229],[-79.811,43.264]]]}},{"type":"Feature","properties":{"name":"Abbotsford"},"geometry":{"type":"Polygon","coordinates":[[[-122.099,49.127],[-122.169,49.071],[-122.25,49.082],[-122.293,49.059],[-122.381,49.058],[-122.382,49.002],[-122.117,49.002],[-122.094,49.017],[-122.08,49.106],[-122.099,49.127]]]}},{"type":"Feature","properties":{"name":"Glengarry--Prescott--Russell"},"geometry":{"type":"Polygon","coordinates":[[[-74.384,45.567],[-74.472,45.594],[-74.535,45.595],[-74.638,45.639],[-74.729,45.628],[-74.943,45.643],[-74.989,45.611],[-75.114,45.579],[-75.243,45.586],[-75.317,45.546],[-75.391,45.524],[-75.465,45.517],[-75.424,45.452],[-75.473,45.435],[-75.418,45.333],[-75.434,45.328],[-75.353,45.182],[-75.201,45.24],[-75.192,45.221],[-74.993,45.277],[-75.017,45.316],[-74.92,45.343],[-74.837,45.235],[-74.787,45.189],[-74.607,45.27],[-74.621,45.287],[-74.452,45.356],[-74.421,45.44],[-74.382,45.564],[-74.384,45.567]]]}},{"type":"Feature","properties":{"name":"Richmond Centre"},"geometry":{"type":"MultiPolygon","coordinates":[[[[-123.203,49.22],[-123.21,49.187],[-123.149,49.18],[-123.135,49.198],[-123.203,49.22]]],[[[-123.124,49.198],[-123.194,49.134],[-123.137,49.134],[-123.124,49.198]]]]}},{"type":"Feature","properties":{"name":"Langley--Aldergrove"},"geometry":{"type":"Polygon","coordinates":[[[-122.426,49.169],[-122.517,49.167],[-122.602,49.209],[-122.668,49.196],[-122.678,49.166],[-122.68,49.084],[-122.682,49.002],[-122.382,49.002],[-122.381,49.058],[-122.426,49.076],[-122.426,49.169]]]}},{"type":"Feature","properties":{"name":"Edmonton Riverbend"},"geometry":{"type":"Polygon","coordinates":[[[-113.496,53.481],[-113.561,53.506],[-113.587,53.501],[-113.658,53.425],[-113.493,53.425],[-113.491,53.437],[-113.496,53.481]]]}},{"type":"Feature","properties":{"name":"Calgary Midnapore"},"geometry":{"type":"Polygon","coordinates":[[[-113.973,50.855],[-114.01,50.895],[-113.989,50.92],[-114.025,50.987],[-114.071,50.994],[-114.068,50.935],[-114.094,50.89],[-114.071,50.849],[-113.973,50.855]]]}},{"type":"Feature","properties":{"name":"Cloverdale--Langley City"},"geometry":{"type":"Polygon","coordinates":[[[-122.678,49.166],[-122.735,49.163],[-122.76,49.131],[-122.823,49.126],[-122.823,49.105],[-122.68,49.104],[-122.68,49.084],[-122.678,49.166]]]}},{"type":"Feature","properties":{"name":"Fundy Royal"},"geometry":{"type":"Polygon","coordinates":[[[-64.906,46.133],[-65.017,46.234],[-65.074,46.264],[-65.416,46.257],[-65.57,46.285],[-65.696,46.182],[-65.747,46.165],[-65.811,46.118],[-66.002,46.04],[-66.02,45.999],[-66.052,45.889],[-65.966,45.874],[-65.941,45.887],[-65.749,46.052],[-65.669,45.871],[-65.522,45.974],[-65.478,45.871],[-65.384,45.828],[-65.461,45.769],[-65.552,45.715],[-65.599,45.703],[-65.667,45.656],[-65.688,45.702],[-65.764,45.681],[-65.814,45.643],[-65.814,45.617],[-65.888,45.566],[-65.917,45.601],[-66.074,45.5],[-66.166,45.425],[-66.23,45.358],[-66.171,45.305],[-66.03,45.345],[-65.999,45.418],[-65.936,45.404],[-65.916,45.373],[-65.848,45.336],[-65.879,45.316],[-65.892,45.269],[-65.849,45.22],[-65.805,45.262],[-65.749,45.251],[-65.725,45.275],[-65.535,45.323],[-65.533,45.356],[-65.453,45.397],[-65.13,45.523],[-65.034,45.538],[-64.967,45.566],[-64.946,45.6],[-64.866,45.632],[-64.77,45.609],[-64.691,45.688],[-64.666,45.745],[-64.568,45.839],[-64.638,45.935],[-64.705,46.001],[-64.713,46.048],[-64.762,46.083],[-64.832,46.056],[-64.863,46.047],[-64.898,46.05],[-64.882,46.089],[-64.906,46.133]]]}},{"type":"Feature","properties":{"name":"South Okanagan--West Kootenay"},"geometry":{"type":"Polygon","coordinates":[[[-117.47,49.001],[-117.465,49.088],[-117.521,49.088],[-117.494,49.175],[-117.491,49.349],[-117.555,49.349],[-117.526,49.392],[-117.512,49.473],[-117.545,49.481],[-117.555,49.541],[-117.503,49.575],[-117.417,49.598],[-117.403,49.622],[-117.323,49.624],[-117.317,49.678],[-117.191,49.698],[-117.196,49.783],[-117.229,49.843],[-117.181,49.871],[-117.175,49.922],[-117.131,49.932],[-117.144,49.982],[-117.183,49.993],[-117.213,50.059],[-117.167,50.128],[-117.232,50.136],[-117.201,50.186],[-117.275,50.209],[-117.221,50.253],[-117.236,50.295],[-117.339,50.259],[-117.368,50.278],[-117.361,50.326],[-117.393,50.343],[-117.359,50.396],[-117.454,50.425],[-117.582,50.503],[-117.616,50.544],[-117.671,50.532],[-117.741,50.554],[-117.927,50.531],[-117.934,50.444],[-117.907,50.336],[-117.814,50.219],[-117.807,50.139],[-117.852,50.11],[-117.914,50.105],[-117.932,50.075],[-117.9,49.986],[-118.002,49.957],[-118.094,49.867],[-118.102,49.792],[-118.133,49.718],[-118.231,49.718],[-118.265,49.804],[-118.305,49.812],[-119.056,49.812],[-119.153,49.764],[-119.272,49.73],[-119.373,49.679],[-119.427,49.675],[-119.486,49.746],[-119.557,49.76],[-119.697,49.761],[-119.697,49.775],[-119.738,49.72],[-119.643,49.633],[-119.603,49.556],[-119.683,49.561],[-119.753,49.584],[-119.777,49.515],[-119.739,49.471],[-119.9,49.472],[-119.891,49.314],[-119.797,49.301],[-119.67,49.299],[-119.676,49.182],[-119.671,49.099],[-119.627,49.073],[-119.626,49],[-119.008,49],[-118.5,49],[-118.002,49],[-117.47,49.001]]]}},{"type":"Feature","properties":{"name":"Steveston--Richmond East"},"geometry":{"type":"Polygon","coordinates":[[[-122.957,49.188],[-122.978,49.179],[-123.041,49.202],[-123.124,49.198],[-123.137,49.134],[-123.194,49.134],[-123.144,49.111],[-123,49.153],[-122.957,49.175],[-122.957,49.188]]]}},{"type":"Feature","properties":{"name":"Brantford--Brant"},"geometry":{"type":"Polygon","coordinates":[[[-79.984,43.132],[-80.201,43.211],[-80.222,43.264],[-80.455,43.225],[-80.436,43.179],[-80.48,43.172],[-80.414,43.005],[-80.244,43.032],[-80.056,42.963],[-79.976,43.08],[-79.984,43.132]]]}},{"type":"Feature","properties":{"name":"Ottawa West--Nepean"},"geometry":{"type":"Polygon","coordinates":[[[-75.703,45.354],[-75.779,45.39],[-75.818,45.373],[-75.895,45.402],[-75.906,45.41],[-75.946,45.384],[-75.886,45.321],[-75.727,45.339],[-75.696,45.334],[-75.703,45.354]]]}},{"type":"Feature","properties":{"name":"Abitibi--Baie-James--Nunavik--Eeyou"},"geometry":{"type":"MultiPolygon","coordinates":[[[[-69.238,59.163],[-69.347,59.127],[-69.273,59.075],[-69.309,58.996],[-69.225,58.962],[-69.146,59.039],[-69.185,59.148],[-69.238,59.163]]],[[[-64.524,60.301],[-64.58,60.33],[-64.674,60.351],[-64.942,60.27],[-64.965,60.184],[-65.072,60.092],[-65.011,60.047],[-65.124,60.036],[-65.117,59.972],[-65.207,59.913],[-65.226,59.835],[-65.31,59.854],[-65.468,59.783],[-65.535,59.707],[-65.523,59.667],[-65.431,59.585],[-65.44,59.566],[-65.38,59.498],[-65.443,59.479],[-65.429,59.37],[-65.571,59.377],[-65.544,59.3],[-65.552,59.245],[-65.591,59.242],[-65.699,59.275],[-65.737,59.263],[-65.7,59.209],[-65.72,59.157],[-65.652,59.112],[-65.632,59.071],[-65.741,59.039],[-65.767,59],[-65.858,58.945],[-65.997,58.907],[-65.93,58.881],[-65.801,58.857],[-65.85,58.824],[-65.975,58.86],[-66.024,58.852],[-66.102,58.774],[-66.033,58.764],[-66.037,58.693],[-66.113,58.702],[-66.24,58.8],[-66.356,58.851],[-66.444,58.809],[-66.494,58.72],[-66.576,58.67],[-66.613,58.62],[-66.62,58.57],[-66.66,58.547],[-66.622,58.502],[-66.675,58.489],[-66.746,58.508],[-66.812,58.448],[-66.889,58.442],[-66.902,58.498],[-66.973,58.479],[-67.061,58.385],[-67.198,58.365],[-67.218,58.34],[-67.325,58.324],[-67.396,58.264],[-67.456,58.29],[-67.581,58.221],[-67.661,58.12],[-67.712,58.133],[-67.699,58.182],[-67.644,58.258],[-67.75,58.314],[-67.706,58.407],[-67.726,58.452],[-67.777,58.469],[-67.838,58.39],[-67.857,58.335],[-67.921,58.372],[-67.952,58.432],[-67.903,58.493],[-67.961,58.52],[-67.961,58.562],[-68.017,58.566],[-68.026,58.519],[-68.249,58.529],[-68.285,58.588],[-68.344,58.599],[-68.33,58.682],[-68.379,58.711],[-68.348,58.769],[-68.394,58.818],[-68.498,58.835],[-68.602,58.901],[-68.713,58.894],[-68.759,58.917],[-68.887,58.881],[-68.975,58.883],[-69.141,58.904],[-69.232,58.903],[-69.285,58.88],[-69.386,58.873],[-69.402,58.833],[-69.493,58.781],[-69.613,58.765],[-69.653,58.693],[-69.724,58.679],[-69.753,58.626],[-69.802,58.593],[-69.858,58.618],[-69.815,58.718],[-69.885,58.691],[-69.928,58.711],[-69.945,58.772],[-70.016,58.734],[-70.068,58.768],[-70.03,58.81],[-69.971,58.807],[-69.885,58.834],[-69.786,58.832],[-69.811,58.957],[-69.711,58.984],[-69.702,58.929],[-69.657,58.902],[-69.697,58.869],[-69.66,58.798],[-69.546,58.81],[-69.52,58.86],[-69.438,58.906],[-69.467,58.954],[-69.47,59.019],[-69.347,59.092],[-69.373,59.124],[-69.528,59.14],[-69.482,59.214],[-69.413,59.196],[-69.25,59.224],[-69.236,59.306],[-69.314,59.306],[-69.349,59.34],[-69.452,59.36],[-69.6,59.317],[-69.696,59.306],[-69.727,59.346],[-69.626,59.362],[-69.658,59.463],[-69.747,59.509],[-69.638,59.588],[-69.556,59.595],[-69.504,59.636],[-69.504,59.676],[-69.6,59.682],[-69.636,59.709],[-69.558,59.738],[-69.605,59.792],[-69.585,59.879],[-69.723,59.896],[-69.716,59.965],[-69.776,60.015],[-69.838,60.024],[-69.831,60.063],[-69.618,60.072],[-69.635,60.142],[-69.595,60.165],[-69.592,60.211],[-69.701,60.298],[-69.763,60.311],[-69.682,60.354],[-69.718,60.407],[-69.711,60.459],[-69.784,60.488],[-69.778,60.545],[-69.701,60.542],[-69.63,60.591],[-69.686,60.645],[-69.698,60.696],[-69.423,60.782],[-69.372,60.913],[-69.446,60.958],[-69.504,61.068],[-69.611,61.079],[-69.682,60.984],[-69.631,60.913],[-69.648,60.874],[-69.827,60.881],[-69.843,60.844],[-69.913,60.803],[-69.987,60.844],[-70.06,60.841],[-70.094,60.928],[-70.087,60.962],[-70.153,61.006],[-70.105,61.067],[-70.129,61.089],[-70.236,61.07],[-70.325,61.09],[-70.375,61.062],[-70.49,61.069],[-70.529,61.019],[-70.594,61.015],[-70.644,61.054],[-70.732,61.084],[-70.931,61.074],[-70.935,61.116],[-71.039,61.135],[-71.147,61.134],[-71.218,61.163],[-71.312,61.153],[-71.444,61.171],[-71.433,61.213],[-71.619,61.212],[-71.573,61.249],[-71.713,61.28],[-71.699,61.35],[-71.643,61.375],[-71.661,61.405],[-71.857,61.444],[-71.733,61.473],[-71.805,61.496],[-71.77,61.542],[-71.606,61.553],[-71.524,61.579],[-71.548,61.615],[-71.81,61.695],[-71.914,61.689],[-71.911,61.658],[-71.974,61.595],[-72.016,61.63],[-71.981,61.678],[-72.006,61.724],[-72.082,61.762],[-72.158,61.745],[-72.226,61.758],[-72.145,61.799],[-72.213,61.876],[-72.393,61.898],[-72.59,61.968],[-72.588,62.044],[-72.615,62.113],[-72.751,62.144],[-72.867,62.109],[-72.908,62.158],[-73.017,62.184],[-73.187,62.27],[-73.192,62.315],[-73.313,62.329],[-73.383,62.373],[-73.597,62.415],[-73.671,62.48],[-73.831,62.459],[-73.9,62.435],[-74.012,62.364],[-74.267,62.315],[-74.284,62.283],[-74.409,62.245],[-74.512,62.243],[-74.606,62.259],[-74.706,62.255],[-74.748,62.209],[-74.664,62.157],[-74.694,62.142],[-74.915,62.253],[-75.076,62.269],[-75.137,62.286],[-75.274,62.297],[-75.347,62.317],[-75.453,62.304],[-75.524,62.253],[-75.629,62.23],[-75.623,62.287],[-75.779,62.302],[-75.948,62.353],[-76.025,62.355],[-76.189,62.384],[-76.281,62.413],[-76.482,62.446],[-76.639,62.458],[-76.635,62.477],[-76.797,62.522],[-76.924,62.538],[-77.033,62.531],[-77.328,62.548],[-77.423,62.581],[-77.689,62.503],[-77.722,62.469],[-77.84,62.431],[-77.913,62.43],[-78.01,62.367],[-78.091,62.361],[-78.171,62.274],[-78.152,62.21],[-78.175,62.187],[-78.154,62.116],[-78.146,61.992],[-78.075,61.917],[-78.094,61.884],[-78.032,61.79],[-78.022,61.728],[-77.94,61.679],[-77.789,61.685],[-77.729,61.594],[-77.645,61.572],[-77.67,61.515],[-77.587,61.485],[-77.626,61.459],[-77.819,61.443],[-77.764,61.379],[-77.77,61.282],[-77.744,61.259],[-77.757,61.192],[-77.825,61.147],[-77.829,61.05],[-77.913,61.033],[-78.045,60.941],[-78.191,60.86],[-78.211,60.821],[-78.179,60.793],[-78.051,60.797],[-77.855,60.765],[-77.707,60.78],[-77.634,60.765],[-77.708,60.69],[-77.835,60.657],[-77.805,60.605],[-77.729,60.581],[-77.676,60.542],[-77.588,60.562],[-77.585,60.502],[-77.698,60.459],[-77.701,60.43],[-77.775,60.395],[-77.708,60.361],[-77.653,60.365],[-77.542,60.283],[-77.498,60.197],[-77.559,60.172],[-77.549,60.122],[-77.61,60.093],[-77.572,60.042],[-77.466,60.03],[-77.442,60.048],[-77.283,59.99],[-77.448,59.904],[-77.387,59.894],[-77.324,59.804],[-77.466,59.778],[-77.52,59.705],[-77.5,59.637],[-77.64,59.674],[-77.819,59.68],[-77.754,59.616],[-77.753,59.528],[-77.894,59.503],[-77.864,59.424],[-77.757,59.421],[-77.701,59.386],[-77.79,59.357],[-77.858,59.284],[-77.995,59.254],[-78.13,59.197],[-78.119,59.152],[-78.179,59.149],[-78.124,59.094],[-78.221,59.082],[-78.233,59.048],[-78.317,59.05],[-78.288,59.003],[-78.365,58.905],[-78.581,58.899],[-78.525,58.819],[-78.507,58.706],[-78.583,58.643],[-78.488,58.618],[-78.427,58.541],[-78.372,58.548],[-78.246,58.521],[-78.168,58.462],[-78.056,58.427],[-78.027,58.363],[-77.88,58.332],[-77.769,58.288],[-77.65,58.263],[-77.555,58.224],[-77.353,58.093],[-77.253,58.05],[-77.082,57.904],[-76.853,57.674],[-76.867,57.628],[-76.772,57.509],[-76.768,57.484],[-76.661,57.37],[-76.603,57.217],[-76.575,57.186],[-76.581,57.138],[-76.55,57.096],[-76.57,57.039],[-76.57,56.94],[-76.534,56.824],[-76.531,56.721],[-76.554,56.554],[-76.552,56.475],[-76.519,56.459],[-76.54,56.405],[-76.548,56.301],[-76.617,56.247],[-76.652,56.194],[-76.649,56.125],[-76.72,56.022],[-76.799,56.001],[-76.831,55.93],[-76.885,55.91],[-77.005,55.802],[-77.093,55.745],[-77.078,55.719],[-77.124,55.662],[-77.317,55.541],[-77.462,55.464],[-77.581,55.383],[-77.638,55.378],[-77.789,55.269],[-77.915,55.218],[-77.971,55.206],[-78.157,55.135],[-78.317,55.042],[-78.546,54.988],[-78.623,54.953],[-78.782,54.906],[-78.826,54.908],[-78.933,54.874],[-78.956,54.844],[-79.245,54.788],[-79.35,54.758],[-79.556,54.725],[-79.714,54.652],[-79.656,54.628],[-79.595,54.632],[-79.517,54.567],[-79.579,54.553],[-79.504,54.51],[-79.482,54.456],[-79.495,54.374],[-79.405,54.27],[-79.28,54.225],[-79.341,54.207],[-79.293,54.173],[-79.104,54.161],[-79.121,54.089],[-79.104,54.043],[-79.04,54.034],[-79.055,53.951],[-79.043,53.903],[-79.084,53.863],[-79.062,53.843],[-79.073,53.762],[-79.052,53.734],[-79.083,53.7],[-79.034,53.681],[-79.038,53.642],[-78.903,53.549],[-78.963,53.537],[-79.032,53.555],[-79.107,53.515],[-79.081,53.444],[-79.038,53.417],[-78.98,53.425],[-78.944,53.385],[-78.98,53.349],[-78.942,53.31],[-78.968,53.286],[-78.906,53.262],[-78.906,53.197],[-78.954,53.184],[-78.951,53.111],[-78.926,53.053],[-78.989,53.013],[-78.923,52.985],[-78.839,52.975],[-78.836,52.969],[-78.885,52.889],[-78.819,52.855],[-78.742,52.838],[-78.834,52.779],[-78.847,52.743],[-78.792,52.728],[-78.728,52.666],[-78.712,52.592],[-78.765,52.553],[-78.714,52.522],[-78.679,52.541],[-78.627,52.513],[-78.569,52.516],[-78.509,52.452],[-78.548,52.421],[-78.502,52.359],[-78.513,52.316],[-78.564,52.289],[-78.518,52.242],[-78.585,52.1],[-78.633,52.061],[-78.721,52.019],[-78.723,51.971],[-78.857,51.94],[-78.887,51.915],[-78.835,51.864],[-78.866,51.815],[-78.94,51.791],[-78.973,51.8],[-79.041,51.762],[-78.945,51.66],[-78.883,51.638],[-78.845,51.601],[-78.815,51.535],[-78.827,51.516],[-78.767,51.48],[-78.898,51.378],[-78.868,51.34],[-78.931,51.271],[-78.978,51.415],[-78.98,51.459],[-79.095,51.532],[-79.171,51.524],[-79.246,51.545],[-79.226,51.644],[-79.322,51.663],[-79.493,51.564],[-79.541,51.551],[-79.524,51.471],[-79.516,51.461],[-79.518,50.945],[-79.518,50.195],[-79.518,49.832],[-79.518,49.304],[-79.518,49.008],[-79.054,49.009],[-79.055,49],[-78.405,49],[-77.75,49],[-77.059,49],[-77.062,48.963],[-77.118,48.934],[-77.141,48.862],[-77.111,48.835],[-77.125,48.801],[-77.085,48.724],[-77.101,48.64],[-77.136,48.575],[-77.344,48.575],[-77.344,48.504],[-77.561,48.503],[-77.561,48.288],[-78.074,48.287],[-78.112,48.258],[-78.224,48.259],[-78.224,48.298],[-78.272,48.298],[-78.3,48.143],[-78.29,48.048],[-78.305,47.996],[-78.22,47.995],[-78.221,47.703],[-77.422,47.703],[-77.496,47.562],[-77.457,47.54],[-77.516,47.474],[-77.61,47.437],[-77.708,47.419],[-77.768,47.421],[-77.848,47.326],[-77.931,47.27],[-77.647,47.269],[-77.646,47.289],[-77.432,47.289],[-77.434,47.145],[-77.004,47.145],[-77.003,47.289],[-76.575,47.288],[-76.573,47.601],[-76.424,47.513],[-76.41,47.561],[-76.452,47.629],[-76.307,47.666],[-76.237,47.722],[-76.021,47.724],[-75.936,47.8],[-75.865,47.801],[-75.832,47.767],[-75.85,47.712],[-75.791,47.695],[-75.768,47.821],[-75.725,47.848],[-75.52,47.846],[-75.522,48.398],[-75.525,49],[-74.676,49],[-74.631,48.966],[-74.583,48.963],[-74.515,49],[-74.444,48.929],[-74.327,48.936],[-74.327,48.987],[-74.25,49.151],[-74.241,49.283],[-74.308,49.261],[-74.43,49.326],[-74.399,49.366],[-74.412,49.422],[-74.393,49.469],[-74.35,49.502],[-74.311,49.479],[-74.26,49.512],[-74.249,49.571],[-74.193,49.613],[-74.177,49.677],[-74.123,49.692],[-74.086,49.77],[-74.005,49.806],[-73.913,49.896],[-73.892,49.957],[-73.807,50.032],[-73.786,50.074],[-73.772,50.216],[-73.686,50.212],[-73.602,50.346],[-73.502,50.384],[-73.388,50.484],[-73.338,50.577],[-73.221,50.707],[-73.138,50.752],[-73.046,50.703],[-73.028,50.663],[-72.935,50.716],[-72.937,50.761],[-72.875,50.806],[-72.749,50.821],[-72.726,50.78],[-72.673,50.748],[-72.628,50.773],[-72.607,50.833],[-72.56,50.823],[-72.561,50.748],[-72.522,50.747],[-72.438,50.782],[-72.348,50.886],[-72.266,50.95],[-72.221,51.026],[-72.159,51.023],[-72.143,51.069],[-72.074,51.149],[-71.996,51.178],[-71.989,51.23],[-71.937,51.271],[-71.874,51.278],[-71.864,51.349],[-71.749,51.35],[-71.711,51.376],[-71.665,51.477],[-71.591,51.495],[-71.581,51.587],[-71.61,51.607],[-71.604,51.695],[-71.578,51.748],[-71.571,51.814],[-71.531,51.834],[-71.378,51.854],[-71.329,51.919],[-71.315,51.967],[-71.246,52.021],[-71.263,52.054],[-71.162,52.128],[-71.14,52.17],[-70.917,52.251],[-70.838,52.27],[-70.808,52.233],[-70.562,52.317],[-70.524,52.306],[-70.379,52.339],[-70.292,52.349],[-70.251,52.402],[-70.274,52.417],[-70.192,52.513],[-70.175,52.594],[-70.08,52.65],[-70.024,52.696],[-70.025,52.919],[-70,52.918],[-70,55],[-69,55],[-68,55],[-67.422,55],[-67.464,55.063],[-67.41,55.089],[-67.323,55.089],[-67.244,55.06],[-67.257,55.021],[-67.219,55],[-66.766,55],[-66.686,55],[-66.735,55.044],[-66.755,55.114],[-66.749,55.216],[-66.707,55.227],[-66.824,55.307],[-66.778,55.352],[-66.697,55.305],[-66.67,55.269],[-66.603,55.269],[-66.495,55.205],[-66.466,55.16],[-66.355,55.083],[-66.259,55],[-65.25,55],[-64.75,55],[-64,55],[-63.559,55],[-63.556,55.034],[-63.611,55.091],[-63.542,55.16],[-63.563,55.188],[-63.432,55.211],[-63.463,55.255],[-63.547,55.225],[-63.679,55.267],[-63.542,55.31],[-63.552,55.345],[-63.442,55.344],[-63.325,55.366],[-63.32,55.412],[-63.393,55.405],[-63.479,55.429],[-63.665,55.423],[-63.737,55.438],[-63.775,55.482],[-63.691,55.509],[-63.665,55.546],[-63.716,55.658],[-63.725,55.727],[-63.674,55.759],[-63.777,55.801],[-63.774,55.856],[-63.845,55.879],[-63.793,55.931],[-63.734,55.928],[-63.563,56.006],[-63.505,56.001],[-63.496,56.04],[-63.637,56.024],[-63.731,56.07],[-63.811,56.085],[-63.884,56.137],[-63.953,56.088],[-64.002,56.103],[-64.036,56.155],[-64.005,56.173],[-63.863,56.213],[-63.967,56.256],[-64.09,56.28],[-64.143,56.312],[-64.099,56.352],[-64.153,56.441],[-63.993,56.408],[-63.873,56.449],[-63.931,56.466],[-63.931,56.534],[-64.05,56.606],[-64.025,56.653],[-64.091,56.654],[-64.145,56.7],[-64.079,56.767],[-64.013,56.779],[-64.013,56.85],[-63.867,56.883],[-63.908,56.928],[-63.89,57.086],[-63.82,57.075],[-63.765,57.14],[-63.771,57.196],[-63.741,57.241],[-63.883,57.278],[-63.856,57.334],[-63.701,57.368],[-63.71,57.423],[-63.761,57.439],[-63.775,57.494],[-63.751,57.536],[-63.772,57.592],[-63.65,57.62],[-63.599,57.664],[-63.597,57.741],[-63.735,57.663],[-63.847,57.719],[-63.883,57.713],[-63.939,57.789],[-63.997,57.812],[-64.072,57.77],[-64.117,57.811],[-64.205,57.974],[-64.251,58.039],[-64.321,58.061],[-64.433,58.07],[-64.422,58.187],[-64.374,58.208],[-64.248,58.227],[-64.218,58.248],[-64.172,58.362],[-64.023,58.371],[-63.987,58.444],[-63.881,58.429],[-63.808,58.49],[-63.859,58.505],[-63.858,58.564],[-63.907,58.573],[-63.974,58.53],[-64.047,58.535],[-64.105,58.563],[-64.108,58.64],[-64.047,58.703],[-63.95,58.685],[-63.754,58.717],[-63.619,58.724],[-63.507,58.743],[-63.492,58.769],[-63.551,58.837],[-63.595,58.857],[-63.778,58.884],[-63.812,58.847],[-64.045,58.81],[-64.07,58.769],[-64.138,58.746],[-64.179,58.789],[-64.23,58.784],[-64.234,58.864],[-64.333,58.905],[-64.456,58.908],[-64.55,58.887],[-64.615,58.908],[-64.652,58.944],[-64.731,58.951],[-64.821,58.917],[-64.865,59.015],[-64.779,59.075],[-64.683,59.075],[-64.67,59.039],[-64.571,59.027],[-64.46,58.982],[-64.388,59.006],[-64.262,59.013],[-64.315,59.066],[-64.49,59.099],[-64.473,59.18],[-64.522,59.197],[-64.489,59.257],[-64.544,59.31],[-64.493,59.35],[-64.538,59.371],[-64.512,59.423],[-64.324,59.513],[-64.434,59.542],[-64.59,59.466],[-64.68,59.447],[-64.729,59.467],[-64.764,59.515],[-64.84,59.553],[-64.898,59.642],[-64.76,59.707],[-64.825,59.826],[-64.742,59.889],[-64.684,59.877],[-64.641,59.907],[-64.662,59.953],[-64.732,59.951],[-64.783,59.98],[-64.84,59.97],[-64.896,60.066],[-64.82,60.05],[-64.743,60.056],[-64.708,60.085],[-64.594,60.117],[-64.602,60.167],[-64.746,60.169],[-64.75,60.188],[-64.864,60.228],[-64.854,60.269],[-64.723,60.291],[-64.524,60.301]]]]}},{"type":"Feature","properties":{"name":"Beloeil--Chambly"},"geometry":{"type":"Polygon","coordinates":[[[-73.13,45.589],[-73.179,45.625],[-73.225,45.603],[-73.265,45.558],[-73.232,45.535],[-73.268,45.484],[-73.322,45.514],[-73.36,45.449],[-73.38,45.433],[-73.387,45.413],[-73.349,45.386],[-73.308,45.406],[-73.22,45.362],[-73.16,45.378],[-73.12,45.403],[-73.073,45.476],[-73.063,45.538],[-73.13,45.589]]]}},{"type":"Feature","properties":{"name":"Saint Boniface--Saint Vital"},"geometry":{"type":"Polygon","coordinates":[[[-97.027,49.871],[-97.109,49.903],[-97.127,49.886],[-97.143,49.822],[-97.093,49.838],[-97.049,49.793],[-97.026,49.798],[-97.027,49.871]]]}},{"type":"Feature","properties":{"name":"New Brunswick Southwest"},"geometry":{"type":"MultiPolygon","coordinates":[[[[-67.546,45.632],[-67.494,45.63],[-67.496,45.692],[-67.546,45.632]]],[[[-66.939,45.025],[-67.016,44.982],[-66.957,44.965],[-66.939,45.025]]],[[[-66.903,44.957],[-66.939,44.934],[-66.978,44.871],[-66.919,44.844],[-66.89,44.916],[-66.903,44.957]]],[[[-66.776,44.8],[-66.827,44.772],[-66.891,44.66],[-66.761,44.655],[-66.739,44.72],[-66.776,44.8]]],[[[-66.171,45.305],[-66.23,45.358],[-66.166,45.425],[-66.074,45.5],[-65.917,45.601],[-65.888,45.566],[-65.814,45.617],[-65.814,45.643],[-65.764,45.681],[-65.688,45.702],[-65.667,45.656],[-65.599,45.703],[-65.552,45.715],[-65.461,45.769],[-65.384,45.828],[-65.478,45.871],[-65.522,45.974],[-65.669,45.871],[-65.749,46.052],[-65.941,45.887],[-65.966,45.874],[-66.052,45.889],[-66.134,45.869],[-66.166,45.834],[-66.252,45.861],[-66.375,45.717],[-66.548,45.735],[-66.55,45.794],[-66.531,45.845],[-66.641,45.883],[-66.664,45.854],[-66.72,45.892],[-66.734,45.977],[-66.779,45.987],[-66.849,45.962],[-66.931,45.875],[-66.976,45.885],[-67.139,45.967],[-67.214,45.99],[-67.292,45.936],[-67.495,45.693],[-67.422,45.572],[-67.45,45.51],[-67.503,45.487],[-67.474,45.426],[-67.419,45.378],[-67.454,45.327],[-67.472,45.258],[-67.371,45.143],[-67.341,45.126],[-67.296,45.152],[-67.286,45.193],[-67.225,45.167],[-67.14,45.173],[-67.131,45.14],[-67.065,45.125],[-66.953,45.158],[-66.866,45.122],[-66.922,45.089],[-66.888,45.04],[-66.814,45.09],[-66.751,45.049],[-66.571,45.128],[-66.498,45.127],[-66.467,45.066],[-66.263,45.145],[-66.338,45.185],[-66.27,45.196],[-66.239,45.181],[-66.239,45.285],[-66.171,45.305]]]]}},{"type":"Feature","properties":{"name":"Brampton North"},"geometry":{"type":"Polygon","coordinates":[[[-79.72,43.744],[-79.782,43.772],[-79.83,43.729],[-79.787,43.706],[-79.72,43.744]]]}},{"type":"Feature","properties":{"name":"Burlington"},"geometry":{"type":"Polygon","coordinates":[[[-79.887,43.291],[-79.801,43.318],[-79.724,43.372],[-79.757,43.395],[-79.788,43.367],[-79.833,43.384],[-79.868,43.353],[-79.913,43.308],[-79.892,43.293],[-79.887,43.291]]]}},{"type":"Feature","properties":{"name":"Scarborough Southwest"},"geometry":{"type":"Polygon","coordinates":[[[-79.279,43.672],[-79.213,43.729],[-79.229,43.741],[-79.303,43.725],[-79.301,43.72],[-79.279,43.672]]]}},{"type":"Feature","properties":{"name":"Oxford"},"geometry":{"type":"Polygon","coordinates":[[[-80.455,43.225],[-80.504,43.348],[-80.735,43.311],[-80.736,43.353],[-81.132,43.231],[-81.038,43.046],[-80.994,42.993],[-80.923,43.001],[-80.877,42.83],[-80.762,42.846],[-80.745,42.824],[-80.705,42.855],[-80.505,42.884],[-80.543,42.985],[-80.414,43.005],[-80.48,43.172],[-80.436,43.179],[-80.455,43.225]]]}},{"type":"Feature","properties":{"name":"Burnaby South"},"geometry":{"type":"Polygon","coordinates":[[[-122.893,49.246],[-123.023,49.266],[-123.023,49.258],[-123.023,49.232],[-123.023,49.201],[-122.952,49.195],[-122.964,49.23],[-122.893,49.242],[-122.893,49.246]]]}},{"type":"Feature","properties":{"name":"Brandon--Souris"},"geometry":{"type":"Polygon","coordinates":[[[-98.779,49.798],[-99.098,49.798],[-99.098,49.754],[-99.234,49.754],[-99.235,49.798],[-99.643,49.798],[-99.644,49.887],[-100.463,49.887],[-100.463,49.798],[-100.872,49.798],[-100.873,49.887],[-100.897,49.887],[-100.897,50.064],[-101.447,50.064],[-101.447,49.894],[-101.418,49.887],[-101.418,49.533],[-101.393,49.533],[-101.391,49.178],[-101.362,49.178],[-101.362,48.999],[-100.797,49],[-100.25,49],[-99.5,49],[-98.673,49],[-98.672,49.177],[-98.703,49.2],[-98.725,49.296],[-98.772,49.31],[-98.818,49.355],[-99.088,49.355],[-99.089,49.532],[-98.733,49.532],[-98.745,49.621],[-98.779,49.621],[-98.779,49.798]]]}},{"type":"Feature","properties":{"name":"Sarnia--Lambton"},"geometry":{"type":"Polygon","coordinates":[[[-82.087,43.119],[-82.149,43.093],[-82.191,43.05],[-82.385,43.014],[-82.458,42.907],[-82.478,42.804],[-82.463,42.764],[-82.507,42.66],[-82.504,42.638],[-82.484,42.631],[-82.245,42.627],[-82.24,42.762],[-82.005,42.757],[-82.006,42.93],[-82.001,43.076],[-82.023,43.107],[-82.087,43.119]]]}},{"type":"Feature","properties":{"name":"Sturgeon River--Parkland"},"geometry":{"type":"Polygon","coordinates":[[[-113.347,54.023],[-113.571,54.022],[-113.781,53.993],[-113.806,53.92],[-113.868,53.905],[-113.98,53.905],[-114.051,53.927],[-114.051,53.854],[-114.15,53.854],[-114.151,53.89],[-114.287,53.89],[-114.299,53.934],[-114.35,53.934],[-114.349,53.978],[-114.429,53.977],[-114.488,53.949],[-114.67,53.929],[-114.671,53.822],[-114.617,53.804],[-114.522,53.795],[-114.387,53.742],[-114.223,53.709],[-114.223,53.599],[-114.149,53.599],[-114.15,53.367],[-114.002,53.326],[-113.969,53.341],[-113.875,53.343],[-113.644,53.396],[-113.689,53.403],[-113.689,53.512],[-113.713,53.57],[-113.674,53.598],[-113.707,53.637],[-113.688,53.665],[-113.615,53.679],[-113.576,53.651],[-113.491,53.651],[-113.431,53.651],[-113.43,53.716],[-113.295,53.716],[-113.293,53.673],[-113.215,53.716],[-113.126,53.791],[-113.067,53.862],[-112.951,53.893],[-112.861,53.942],[-112.844,53.978],[-113.348,53.978],[-113.347,54.023]]]}},{"type":"Feature","properties":{"name":"Niagara Falls"},"geometry":{"type":"Polygon","coordinates":[[[-79.116,42.859],[-78.952,42.88],[-78.908,42.913],[-79.028,42.99],[-79.028,43.059],[-79.079,43.075],[-79.044,43.139],[-79.058,43.251],[-79.138,43.256],[-79.202,43.227],[-79.192,43.145],[-79.176,43.138],[-79.169,42.96],[-79.115,42.96],[-79.116,42.859]]]}},{"type":"Feature","properties":{"name":"Huron--Bruce"},"geometry":{"type":"Polygon","coordinates":[[[-80.989,43.987],[-81.069,44.288],[-81.267,44.259],[-81.323,44.459],[-81.357,44.519],[-81.388,44.49],[-81.409,44.433],[-81.479,44.417],[-81.531,44.369],[-81.607,44.32],[-81.592,44.286],[-81.616,44.215],[-81.664,44.152],[-81.757,44.072],[-81.735,44.029],[-81.721,43.93],[-81.727,43.868],[-81.719,43.784],[-81.729,43.698],[-81.712,43.626],[-81.706,43.532],[-81.716,43.475],[-81.71,43.398],[-81.76,43.319],[-81.77,43.237],[-81.465,43.271],[-81.431,43.293],[-81.364,43.264],[-81.287,43.356],[-81.443,43.424],[-81.35,43.535],[-81.285,43.506],[-81.183,43.629],[-81.147,43.614],[-81.031,43.764],[-81.085,43.806],[-80.954,43.822],[-80.989,43.987]]]}},{"type":"Feature","properties":{"name":"St. John's South--Mount Pearl"},"geometry":{"type":"Polygon","coordinates":[[[-52.798,47.244],[-52.832,47.278],[-52.772,47.297],[-52.739,47.326],[-52.718,47.39],[-52.66,47.435],[-52.702,47.464],[-52.636,47.496],[-52.676,47.574],[-52.834,47.532],[-52.854,47.51],[-52.917,47.507],[-52.932,47.481],[-53.012,47.476],[-53.037,47.45],[-52.965,47.428],[-52.906,47.379],[-52.873,47.404],[-52.808,47.354],[-52.839,47.33],[-52.856,47.274],[-52.798,47.244]]]}},{"type":"Feature","properties":{"name":"Papineau"},"geometry":{"type":"Polygon","coordinates":[[[-73.586,45.566],[-73.622,45.555],[-73.649,45.53],[-73.621,45.524],[-73.617,45.528],[-73.587,45.565],[-73.586,45.566]]]}},{"type":"Feature","properties":{"name":"Brampton South"},"geometry":{"type":"Polygon","coordinates":[[[-79.714,43.652],[-79.777,43.699],[-79.771,43.676],[-79.825,43.627],[-79.79,43.602],[-79.737,43.641],[-79.714,43.652]]]}},{"type":"Feature","properties":{"name":"Bow River"},"geometry":{"type":"Polygon","coordinates":[[[-111.389,50.703],[-111.416,50.753],[-111.474,50.776],[-111.57,50.772],[-111.615,50.817],[-111.62,50.85],[-111.684,50.86],[-111.804,50.836],[-111.855,50.907],[-111.971,50.928],[-111.917,50.974],[-112.001,51.094],[-112.066,51.112],[-112.124,51.157],[-112.268,51.229],[-112.361,51.296],[-112.488,51.334],[-112.54,51.377],[-112.63,51.387],[-112.736,51.445],[-112.794,51.459],[-112.889,51.542],[-112.874,51.606],[-112.9,51.65],[-113.501,51.649],[-113.501,51.678],[-113.643,51.678],[-113.662,51.62],[-113.662,51.445],[-113.802,51.445],[-113.826,51.459],[-113.826,51.3],[-113.772,51.242],[-113.772,51.154],[-113.912,51.154],[-113.912,51.11],[-113.912,51.06],[-113.865,51.038],[-113.912,51.016],[-113.865,50.98],[-113.86,50.855],[-113.806,50.824],[-113.699,50.804],[-113.49,50.799],[-113.49,50.572],[-113.598,50.572],[-113.598,50.456],[-113.564,50.421],[-113.558,50.369],[-113.443,50.251],[-113.386,50.212],[-113.321,50.2],[-113.277,50.136],[-113.277,50.048],[-113.188,50.063],[-112.916,50.062],[-112.814,50.077],[-112.812,50.135],[-112.507,50.135],[-112.507,50.077],[-112.461,50.077],[-112.461,49.877],[-112.443,49.865],[-112.443,49.72],[-112.421,49.698],[-112.275,49.662],[-112.218,49.611],[-112.184,49.597],[-112.082,49.597],[-111.969,49.567],[-111.834,49.567],[-111.766,49.546],[-111.631,49.53],[-111.63,49.873],[-111.679,49.908],[-111.695,49.946],[-111.657,49.977],[-111.588,49.998],[-111.578,50.043],[-111.628,50.069],[-111.612,50.095],[-111.645,50.135],[-111.37,50.136],[-111.379,50.223],[-111.379,50.572],[-111.389,50.703]]]}},{"type":"Feature","properties":{"name":"Sault Ste. Marie"},"geometry":{"type":"Polygon","coordinates":[[[-84.077,46.494],[-84.027,46.529],[-83.71,46.529],[-83.719,46.614],[-83.721,46.802],[-83.72,47.235],[-83.975,47.236],[-83.974,47.372],[-84.032,47.364],[-84.161,47.32],[-84.256,47.323],[-84.383,47.312],[-84.607,47.311],[-84.588,47.284],[-84.646,47.243],[-84.73,47.135],[-84.712,47.1],[-84.778,47.048],[-84.778,46.974],[-84.717,46.952],[-84.658,46.955],[-84.65,46.914],[-84.578,46.945],[-84.515,46.922],[-84.475,46.939],[-84.365,46.893],[-84.355,46.868],[-84.413,46.815],[-84.444,46.845],[-84.538,46.83],[-84.542,46.788],[-84.576,46.738],[-84.572,46.695],[-84.523,46.696],[-84.506,46.747],[-84.433,46.736],[-84.421,46.689],[-84.595,46.577],[-84.6,46.548],[-84.533,46.501],[-84.484,46.49],[-84.377,46.518],[-84.283,46.496],[-84.222,46.541],[-84.174,46.549],[-84.077,46.494]]]}},{"type":"Feature","properties":{"name":"Burnaby North--Seymour"},"geometry":{"type":"MultiPolygon","coordinates":[[[[-122.893,49.292],[-123.023,49.293],[-123.023,49.266],[-122.893,49.246],[-122.893,49.292]]],[[[-122.882,49.414],[-122.983,49.409],[-123.012,49.315],[-123.039,49.298],[-122.956,49.301],[-122.89,49.364],[-122.882,49.414]]]]}},{"type":"Feature","properties":{"name":"LaSalle--Émard--Verdun"},"geometry":{"type":"MultiPolygon","coordinates":[[[[-73.596,45.473],[-73.633,45.45],[-73.629,45.448],[-73.62,45.455],[-73.596,45.465],[-73.596,45.473]]],[[[-73.557,45.469],[-73.576,45.477],[-73.584,45.469],[-73.614,45.457],[-73.605,45.448],[-73.622,45.423],[-73.631,45.416],[-73.632,45.415],[-73.602,45.42],[-73.557,45.469]]]]}},{"type":"Feature","properties":{"name":"Sherbrooke"},"geometry":{"type":"Polygon","coordinates":[[[-71.897,45.442],[-71.957,45.44],[-71.985,45.409],[-71.93,45.36],[-71.876,45.361],[-71.819,45.395],[-71.822,45.453],[-71.897,45.442]]]}},{"type":"Feature","properties":{"name":"Toronto--Danforth"},"geometry":{"type":"Polygon","coordinates":[[[-79.315,43.662],[-79.333,43.703],[-79.335,43.703],[-79.362,43.689],[-79.36,43.67],[-79.349,43.653],[-79.355,43.648],[-79.315,43.662]]]}},{"type":"Feature","properties":{"name":"Sudbury"},"geometry":{"type":"Polygon","coordinates":[[[-81.436,46.195],[-81.307,46.2],[-81.308,46.232],[-81.357,46.306],[-81.302,46.376],[-81.248,46.379],[-81.143,46.406],[-81.131,46.349],[-81.078,46.364],[-81.075,46.437],[-81.046,46.45],[-80.881,46.427],[-80.882,46.537],[-81.068,46.537],[-81.069,46.51],[-81.182,46.497],[-81.568,46.497],[-81.566,46.279],[-81.436,46.28],[-81.436,46.195]]]}},{"type":"Feature","properties":{"name":"Beauport--Limoilou"},"geometry":{"type":"Polygon","coordinates":[[[-71.157,46.868],[-71.187,46.899],[-71.233,46.885],[-71.262,46.835],[-71.195,46.828],[-71.157,46.868]]]}},{"type":"Feature","properties":{"name":"Humber River--Black Creek"},"geometry":{"type":"Polygon","coordinates":[[[-79.508,43.718],[-79.494,43.782],[-79.535,43.773],[-79.581,43.763],[-79.538,43.713],[-79.508,43.718]]]}},{"type":"Feature","properties":{"name":"Parry Sound--Muskoka"},"geometry":{"type":"MultiPolygon","coordinates":[[[[-79.915,44.993],[-79.918,44.932],[-79.859,44.954],[-79.825,44.93],[-79.81,44.852],[-79.746,44.79],[-79.698,44.821],[-79.704,44.856],[-79.658,44.894],[-79.526,44.85],[-79.394,44.825],[-79.395,44.776],[-79.295,44.775],[-79.208,44.795],[-79.063,44.84],[-79.094,44.943],[-78.934,44.986],[-79.001,45.105],[-78.843,45.145],[-78.971,45.384],[-78.86,45.415],[-79.048,45.753],[-79.13,45.752],[-79.258,45.994],[-79.586,45.906],[-79.682,46.074],[-79.613,46.093],[-79.662,46.183],[-79.661,46.214],[-79.837,46.206],[-79.995,46.147],[-80.085,46.143],[-80.152,46.092],[-80.149,46.073],[-80.297,46.036],[-80.515,46.034],[-80.583,46.018],[-80.556,45.892],[-80.667,45.89],[-80.736,45.872],[-80.715,45.822],[-80.654,45.793],[-80.64,45.735],[-80.601,45.692],[-80.534,45.661],[-80.531,45.602],[-80.504,45.559],[-80.42,45.579],[-80.388,45.571],[-80.393,45.454],[-80.315,45.425],[-80.298,45.355],[-80.239,45.36],[-80.205,45.394],[-80.111,45.41],[-80.077,45.403],[-80.032,45.332],[-80.043,45.291],[-80.116,45.254],[-80.044,45.179],[-79.984,45.152],[-80.016,45.114],[-80.072,45.082],[-80.009,45.029],[-79.915,44.993]]],[[[-80.069,45.344],[-80.106,45.312],[-80.186,45.328],[-80.223,45.279],[-80.195,45.243],[-80.089,45.281],[-80.045,45.316],[-80.069,45.344]]]]}},{"type":"Feature","properties":{"name":"Edmonton--Wetaskiwin"},"geometry":{"type":"Polygon","coordinates":[[[-113.491,53.437],[-113.493,53.425],[-113.658,53.425],[-113.644,53.396],[-113.875,53.343],[-113.969,53.341],[-114.002,53.326],[-114.002,53.134],[-114.148,53.134],[-114.148,53.105],[-114.197,53.062],[-115.024,53.062],[-115.016,53.018],[-115.016,52.844],[-114.582,52.844],[-114.533,52.844],[-114.534,52.887],[-114.147,52.888],[-114.063,52.865],[-114.05,52.843],[-113.632,52.843],[-113.631,52.916],[-113.498,52.902],[-113.498,52.931],[-113.414,52.931],[-113.414,52.843],[-113.294,52.843],[-113.308,52.786],[-113.229,52.756],[-113.088,52.756],[-113.052,52.756],[-113.052,52.843],[-113.124,52.843],[-113.124,52.974],[-113.1,52.974],[-113.099,53.12],[-113.172,53.12],[-113.184,53.213],[-113.151,53.26],[-113.241,53.307],[-113.246,53.367],[-113.344,53.367],[-113.345,53.454],[-113.376,53.437],[-113.491,53.437]]]}},{"type":"Feature","properties":{"name":"Northumberland--Peterborough South"},"geometry":{"type":"Polygon","coordinates":[[[-77.646,44.272],[-77.727,44.436],[-77.913,44.389],[-77.926,44.416],[-78.293,44.322],[-78.282,44.279],[-78.335,44.259],[-78.355,44.212],[-78.387,44.204],[-78.347,44.12],[-78.499,44.085],[-78.516,44.099],[-78.693,44.058],[-78.623,43.903],[-78.604,43.897],[-78.482,43.897],[-78.373,43.93],[-78.257,43.953],[-78.116,43.957],[-77.935,43.97],[-77.817,44.004],[-77.751,44.011],[-77.661,44.037],[-77.752,44.233],[-77.646,44.272]]]}},{"type":"Feature","properties":{"name":"Fort McMurray--Cold Lake"},"geometry":{"type":"Polygon","coordinates":[[[-110.006,54.239],[-110.006,54.748],[-110,55.331],[-110,55.873],[-110,56.403],[-110,57.381],[-110,57.943],[-110,58.507],[-110,58.976],[-110,59.307],[-110,60],[-110.75,60],[-111.25,60],[-112.25,60],[-112.75,60],[-113.75,60],[-114.5,60],[-115.567,60],[-115.569,59.649],[-115.553,59.648],[-115.556,59.476],[-115.044,59.474],[-114,59.475],[-114,58.765],[-113.724,58.765],[-113.727,58.689],[-113.925,58.689],[-114,58.664],[-114,58.081],[-114,57.381],[-114.975,57.381],[-114.965,56.856],[-114.958,56.808],[-114.079,56.804],[-114.082,56.457],[-114.95,56.459],[-114.95,56.16],[-114.939,56.161],[-114.938,55.809],[-114.31,55.81],[-114.312,55.636],[-113.574,55.636],[-113.573,55.461],[-113.544,55.461],[-113.546,55.11],[-113.52,55.11],[-113.514,55.024],[-113.361,55.024],[-112.904,55.024],[-112.904,54.97],[-112.835,54.964],[-112.716,54.986],[-112.758,55.039],[-112.836,55.046],[-112.889,55.077],[-112.819,55.174],[-112.788,55.259],[-112.706,55.282],[-112.684,55.312],[-112.726,55.381],[-112.751,55.461],[-112.314,55.461],[-112.312,55.112],[-112.345,55.112],[-112.344,55.024],[-112.446,55.024],[-112.446,54.762],[-112.425,54.762],[-112.425,54.587],[-112.123,54.587],[-112.123,54.5],[-111.999,54.5],[-111.997,54.413],[-111.95,54.399],[-111.948,54.355],[-111.852,54.355],[-111.829,54.413],[-111.467,54.413],[-111.389,54.425],[-111.391,54.333],[-111.316,54.326],[-111.316,54.268],[-111.019,54.268],[-110.861,54.297],[-110.677,54.297],[-110.38,54.349],[-110.378,54.239],[-110.006,54.239]]]}},{"type":"Feature","properties":{"name":"Vancouver Granville"},"geometry":{"type":"Polygon","coordinates":[[[-123.105,49.269],[-123.153,49.268],[-123.141,49.202],[-123.117,49.204],[-123.102,49.233],[-123.101,49.257],[-123.105,49.269]]]}},{"type":"Feature","properties":{"name":"Sackville--Preston--Chezzetcook"},"geometry":{"type":"MultiPolygon","coordinates":[[[[-63.512,44.624],[-63.463,44.599],[-63.417,44.618],[-63.45,44.662],[-63.512,44.624]]],[[[-63.541,44.937],[-63.592,44.95],[-63.663,44.937],[-63.756,44.894],[-63.802,44.84],[-63.683,44.752],[-63.622,44.726],[-63.55,44.739],[-63.463,44.674],[-63.325,44.638],[-63.262,44.657],[-63.24,44.684],[-63.189,44.684],[-63.223,44.759],[-63.249,44.778],[-63.324,44.763],[-63.381,44.808],[-63.571,44.805],[-63.57,44.846],[-63.527,44.893],[-63.541,44.937]]]]}},{"type":"Feature","properties":{"name":"Calgary Signal Hill"},"geometry":{"type":"Polygon","coordinates":[[[-114.184,51.094],[-114.281,51.101],[-114.295,51.089],[-114.234,51.082],[-114.234,51.009],[-114.141,51.008],[-114.141,51.009],[-114.115,51.048],[-114.184,51.094]]]}},{"type":"Feature","properties":{"name":"Bay of Quinte"},"geometry":{"type":"MultiPolygon","coordinates":[[[[-77.251,44.177],[-77.293,44.221],[-77.412,44.189],[-77.473,44.314],[-77.646,44.272],[-77.752,44.233],[-77.661,44.037],[-77.599,44.066],[-77.575,44.096],[-77.472,44.121],[-77.335,44.168],[-77.295,44.154],[-77.251,44.177]]],[[[-77.654,44.022],[-77.602,44.037],[-77.576,43.983],[-77.489,43.925],[-77.401,43.935],[-77.318,43.958],[-77.252,43.942],[-77.209,43.856],[-77.156,43.839],[-77.048,43.889],[-77.009,43.89],[-76.938,43.921],[-77.043,43.949],[-76.965,44.017],[-77.084,44.046],[-77.066,44.174],[-77.233,44.135],[-77.323,44.097],[-77.33,44.142],[-77.497,44.107],[-77.571,44.055],[-77.661,44.037],[-77.654,44.022]]]]}},{"type":"Feature","properties":{"name":"Portneuf--Jacques-Cartier"},"geometry":{"type":"Polygon","coordinates":[[[-71.285,46.94],[-71.206,46.966],[-71.117,47.011],[-71.086,47.05],[-71.147,47.104],[-71.179,47.102],[-71.251,47.154],[-71.432,47.327],[-71.457,47.343],[-71.893,47.773],[-72.238,47.537],[-72.146,47.4],[-72.201,47.361],[-72.24,47.289],[-72.285,47.266],[-72.322,47.284],[-72.427,47.3],[-72.401,47.354],[-72.445,47.387],[-72.472,47.335],[-72.548,47.31],[-72.547,47.204],[-72.519,47.147],[-72.442,47.144],[-72.372,47.102],[-72.436,47.057],[-72.169,46.875],[-72.229,46.835],[-72.272,46.847],[-72.393,46.792],[-72.102,46.585],[-72.038,46.588],[-71.925,46.653],[-71.899,46.682],[-71.844,46.692],[-71.789,46.67],[-71.693,46.668],[-71.61,46.698],[-71.408,46.736],[-71.366,46.735],[-71.423,46.755],[-71.492,46.803],[-71.549,46.851],[-71.51,46.863],[-71.439,46.915],[-71.448,46.969],[-71.421,46.982],[-71.374,46.933],[-71.336,46.955],[-71.285,46.94]]]}},{"type":"Feature","properties":{"name":"La Prairie"},"geometry":{"type":"Polygon","coordinates":[[[-73.408,45.329],[-73.387,45.413],[-73.491,45.432],[-73.527,45.4],[-73.622,45.402],[-73.685,45.414],[-73.752,45.4],[-73.634,45.315],[-73.502,45.285],[-73.408,45.329]]]}},{"type":"Feature","properties":{"name":"Mississauga Centre"},"geometry":{"type":"Polygon","coordinates":[[[-79.637,43.608],[-79.697,43.587],[-79.693,43.57],[-79.658,43.543],[-79.633,43.566],[-79.637,43.608]]]}},{"type":"Feature","properties":{"name":"Lambton--Kent--Middlesex"},"geometry":{"type":"Polygon","coordinates":[[[-81.19,43.07],[-81.179,43.074],[-81.242,43.196],[-81.224,43.203],[-81.364,43.264],[-81.431,43.293],[-81.465,43.271],[-81.77,43.237],[-81.76,43.319],[-81.85,43.26],[-81.917,43.23],[-82.023,43.2],[-82.022,43.172],[-82.087,43.119],[-82.023,43.107],[-82.001,43.076],[-82.006,42.93],[-82.005,42.757],[-82.24,42.762],[-82.245,42.627],[-82.484,42.631],[-82.504,42.638],[-82.52,42.606],[-82.58,42.558],[-82.567,42.513],[-82.422,42.496],[-82.41,42.399],[-82.454,42.319],[-82.412,42.341],[-82.28,42.368],[-82.194,42.444],[-82.164,42.419],[-82.082,42.506],[-81.979,42.536],[-81.835,42.608],[-81.804,42.611],[-81.738,42.661],[-81.627,42.684],[-81.59,42.726],[-81.535,42.742],[-81.487,42.777],[-81.306,42.823],[-81.285,42.846],[-81.337,42.879],[-81.378,42.934],[-81.391,42.963],[-81.353,42.99],[-81.369,43.022],[-81.32,43.036],[-81.236,43.061],[-81.19,43.07]]]}},{"type":"Feature","properties":{"name":"Oakville"},"geometry":{"type":"Polygon","coordinates":[[[-79.625,43.481],[-79.682,43.523],[-79.697,43.508],[-79.695,43.481],[-79.775,43.408],[-79.757,43.395],[-79.724,43.372],[-79.625,43.481]]]}},{"type":"Feature","properties":{"name":"St. John's East"},"geometry":{"type":"MultiPolygon","coordinates":[[[[-52.915,47.655],[-52.959,47.652],[-53.018,47.614],[-52.985,47.597],[-52.914,47.636],[-52.915,47.655]]],[[[-52.676,47.574],[-52.66,47.648],[-52.721,47.668],[-52.699,47.695],[-52.714,47.758],[-52.763,47.763],[-52.806,47.804],[-52.851,47.692],[-52.859,47.629],[-52.897,47.584],[-52.834,47.532],[-52.676,47.574]]]]}},{"type":"Feature","properties":{"name":"Avalon"},"geometry":{"type":"Polygon","coordinates":[[[-53.148,47.781],[-53.195,47.773],[-53.214,47.83],[-53.373,47.777],[-53.394,47.566],[-53.511,47.453],[-53.505,47.404],[-53.732,47.412],[-53.765,47.454],[-53.863,47.437],[-53.841,47.412],[-53.929,47.384],[-53.88,47.351],[-53.954,47.305],[-53.995,47.298],[-54.018,47.219],[-54.06,47.161],[-54.099,47.065],[-54.142,47.02],[-54.195,46.885],[-54.185,46.842],[-54.108,46.805],[-54.031,46.816],[-53.963,46.849],[-53.899,46.897],[-53.868,46.947],[-53.81,46.987],[-53.782,47.032],[-53.723,47.049],[-53.683,47.113],[-53.64,47.109],[-53.599,47.182],[-53.53,47.167],[-53.591,47.083],[-53.576,47.062],[-53.645,47.004],[-53.579,46.965],[-53.551,46.925],[-53.603,46.892],[-53.654,46.835],[-53.665,46.792],[-53.611,46.756],[-53.644,46.725],[-53.618,46.637],[-53.582,46.614],[-53.524,46.618],[-53.402,46.712],[-53.37,46.727],[-53.261,46.686],[-53.217,46.635],[-53.173,46.629],[-53.091,46.646],[-53.036,46.746],[-52.95,46.789],[-52.939,46.874],[-52.899,46.936],[-52.899,46.999],[-52.851,47.073],[-52.893,47.074],[-52.851,47.149],[-52.848,47.21],[-52.798,47.244],[-52.856,47.274],[-52.839,47.33],[-52.808,47.354],[-52.873,47.404],[-52.906,47.379],[-52.965,47.428],[-53.037,47.45],[-53.012,47.476],[-52.932,47.481],[-52.917,47.507],[-52.854,47.51],[-52.834,47.532],[-52.897,47.584],[-52.918,47.545],[-52.957,47.534],[-53.084,47.471],[-53.106,47.446],[-53.224,47.463],[-53.182,47.532],[-53.266,47.58],[-53.274,47.622],[-53.195,47.652],[-53.175,47.718],[-53.184,47.758],[-53.148,47.781]]]}},{"type":"Feature","properties":{"name":"Calgary Shepard"},"geometry":{"type":"Polygon","coordinates":[[[-113.865,51.038],[-114.004,51.031],[-114.025,50.987],[-113.989,50.92],[-114.01,50.895],[-113.973,50.855],[-113.86,50.855],[-113.865,50.98],[-113.912,51.016],[-113.865,51.038]]]}},{"type":"Feature","properties":{"name":"Prince Albert"},"geometry":{"type":"Polygon","coordinates":[[[-103.023,52.93],[-103.027,53.192],[-102.915,53.193],[-102.968,53.231],[-103.025,53.298],[-103.036,53.366],[-103.037,53.775],[-103.157,53.72],[-103.211,53.728],[-103.39,53.687],[-103.433,53.641],[-103.568,53.637],[-103.678,53.612],[-103.674,53.546],[-103.747,53.533],[-103.869,53.473],[-103.937,53.469],[-104.008,53.396],[-104.069,53.431],[-104.069,53.511],[-104.659,53.511],[-105.101,53.511],[-105.101,53.627],[-105.765,53.627],[-105.765,53.453],[-105.961,53.452],[-105.987,53.409],[-105.986,53.356],[-106.152,53.365],[-106.443,53.366],[-106.442,53.191],[-106.443,53.107],[-106.268,53.104],[-106.384,53.032],[-106.295,53.017],[-106.167,53.04],[-106.125,52.962],[-106.004,52.978],[-106.003,52.913],[-106.09,52.847],[-106.136,52.756],[-106.119,52.723],[-106.065,52.706],[-105.776,52.711],[-105.776,52.755],[-105.486,52.755],[-105.487,52.668],[-105.028,52.667],[-104.308,52.667],[-103.745,52.667],[-103.745,52.929],[-103.023,52.93]]]}},{"type":"Feature","properties":{"name":"Renfrew--Nipissing--Pembroke"},"geometry":{"type":"Polygon","coordinates":[[[-77.85,46.208],[-77.988,46.247],[-78.043,46.243],[-78.135,46.275],[-78.26,46.274],[-78.31,46.253],[-78.403,46.293],[-78.412,46.273],[-78.328,46.121],[-78.509,46.073],[-78.503,46.055],[-78.682,46.007],[-78.616,45.888],[-78.445,45.932],[-78.248,45.579],[-78.315,45.561],[-78.178,45.31],[-77.691,45.438],[-77.636,45.312],[-77.544,45.144],[-77.216,45.237],[-77.137,45.099],[-76.971,45.145],[-76.981,45.183],[-76.929,45.211],[-76.895,45.194],[-76.815,45.221],[-76.77,45.142],[-76.584,45.264],[-76.483,45.323],[-76.354,45.411],[-76.296,45.465],[-76.362,45.457],[-76.434,45.492],[-76.604,45.532],[-76.659,45.561],[-76.67,45.626],[-76.712,45.665],[-76.704,45.721],[-76.77,45.733],[-76.766,45.811],[-76.779,45.871],[-76.895,45.898],[-76.928,45.892],[-76.912,45.81],[-76.985,45.786],[-77.082,45.836],[-77.19,45.864],[-77.236,45.921],[-77.278,45.949],[-77.276,46.009],[-77.566,46.159],[-77.675,46.198],[-77.698,46.183],[-77.85,46.208]]]}},{"type":"Feature","properties":{"name":"Winnipeg South"},"geometry":{"type":"Polygon","coordinates":[[[-97.049,49.793],[-97.093,49.838],[-97.143,49.822],[-97.222,49.814],[-97.22,49.714],[-97.083,49.753],[-97.049,49.793]]]}},{"type":"Feature","properties":{"name":"Port Moody--Coquitlam"},"geometry":{"type":"Polygon","coordinates":[[[-122.805,49.219],[-122.791,49.274],[-122.821,49.281],[-122.822,49.352],[-122.864,49.382],[-122.894,49.331],[-122.893,49.292],[-122.893,49.246],[-122.893,49.242],[-122.876,49.22],[-122.812,49.22],[-122.805,49.219]]]}},{"type":"Feature","properties":{"name":"Moncton--Riverview--Dieppe"},"geometry":{"type":"Polygon","coordinates":[[[-64.731,46.068],[-64.708,46.104],[-64.745,46.177],[-64.866,46.16],[-64.906,46.133],[-64.882,46.089],[-64.898,46.05],[-64.856,46.052],[-64.823,46.07],[-64.791,46.074],[-64.765,46.093],[-64.731,46.068]]]}},{"type":"Feature","properties":{"name":"Medicine Hat--Cardston--Warner"},"geometry":{"type":"Polygon","coordinates":[[[-110.003,50.835],[-110.081,50.793],[-110.052,50.751],[-110.14,50.719],[-110.13,50.679],[-110.196,50.631],[-110.278,50.618],[-110.282,50.703],[-110.815,50.708],[-111.064,50.703],[-111.389,50.703],[-111.379,50.572],[-111.379,50.223],[-111.37,50.136],[-111.645,50.135],[-111.612,50.095],[-111.628,50.069],[-111.578,50.043],[-111.588,49.998],[-111.657,49.977],[-111.695,49.946],[-111.679,49.908],[-111.63,49.873],[-111.631,49.53],[-111.766,49.546],[-111.834,49.567],[-111.969,49.567],[-112.082,49.597],[-112.184,49.597],[-112.218,49.611],[-112.308,49.611],[-112.308,49.567],[-112.556,49.567],[-112.578,49.538],[-112.735,49.538],[-112.805,49.552],[-112.912,49.604],[-112.99,49.712],[-112.969,49.729],[-113.038,49.768],[-113.104,49.731],[-113.17,49.728],[-113.197,49.683],[-113.288,49.65],[-113.283,49.613],[-113.237,49.582],[-113.273,49.543],[-113.292,49.487],[-113.346,49.426],[-113.394,49.407],[-113.469,49.352],[-113.554,49.343],[-113.548,49.294],[-113.637,49.216],[-113.644,49.177],[-113.715,49.124],[-113.731,49.021],[-113.661,48.998],[-112.943,48.998],[-112.411,48.999],[-111.546,48.997],[-110.993,48.998],[-110.441,48.999],[-110.005,49],[-110.004,49.533],[-110.004,49.96],[-110.008,50.281],[-110.005,50.339],[-110.003,50.835]]]}},{"type":"Feature","properties":{"name":"Calgary Centre"},"geometry":{"type":"Polygon","coordinates":[[[-114.115,51.048],[-114.141,51.009],[-114.071,50.994],[-114.025,50.987],[-114.004,51.031],[-114.019,51.044],[-114.115,51.048]]]}},{"type":"Feature","properties":{"name":"York--Simcoe"},"geometry":{"type":"Polygon","coordinates":[[[-79.156,44.263],[-79.242,44.46],[-79.458,44.43],[-79.509,44.422],[-79.513,44.21],[-79.712,44.166],[-79.67,44.013],[-79.506,44.049],[-79.42,44.068],[-79.276,44.101],[-79.328,44.223],[-79.156,44.263]]]}},{"type":"Feature","properties":{"name":"University--Rosedale"},"geometry":{"type":"Polygon","coordinates":[[[-79.362,43.689],[-79.385,43.694],[-79.429,43.671],[-79.421,43.649],[-79.384,43.656],[-79.36,43.67],[-79.362,43.689]]]}},{"type":"Feature","properties":{"name":"Ottawa--Vanier"},"geometry":{"type":"Polygon","coordinates":[[[-75.601,45.412],[-75.57,45.477],[-75.692,45.453],[-75.704,45.43],[-75.663,45.417],[-75.601,45.412]]]}},{"type":"Feature","properties":{"name":"Brampton West"},"geometry":{"type":"Polygon","coordinates":[[[-79.787,43.706],[-79.83,43.729],[-79.889,43.675],[-79.825,43.627],[-79.771,43.676],[-79.777,43.699],[-79.787,43.706]]]}},{"type":"Feature","properties":{"name":"Mississauga--Streetsville"},"geometry":{"type":"Polygon","coordinates":[[[-79.697,43.587],[-79.737,43.641],[-79.79,43.602],[-79.81,43.589],[-79.763,43.552],[-79.693,43.57],[-79.697,43.587]]]}},{"type":"Feature","properties":{"name":"Edmonton West"},"geometry":{"type":"Polygon","coordinates":[[[-113.591,53.581],[-113.713,53.57],[-113.689,53.512],[-113.689,53.403],[-113.644,53.396],[-113.658,53.425],[-113.587,53.501],[-113.591,53.581]]]}},{"type":"Feature","properties":{"name":"Calgary Forest Lawn"},"geometry":{"type":"Polygon","coordinates":[[[-113.865,51.038],[-113.912,51.06],[-113.912,51.11],[-113.935,51.082],[-114.034,51.082],[-114.019,51.044],[-114.004,51.031],[-113.865,51.038]]]}},{"type":"Feature","properties":{"name":"Etobicoke Centre"},"geometry":{"type":"Polygon","coordinates":[[[-79.512,43.663],[-79.526,43.702],[-79.591,43.669],[-79.609,43.646],[-79.564,43.627],[-79.506,43.663],[-79.512,43.663]]]}},{"type":"Feature","properties":{"name":"Vaughan--Woodbridge"},"geometry":{"type":"Polygon","coordinates":[[[-79.546,43.828],[-79.549,43.847],[-79.679,43.819],[-79.639,43.75],[-79.581,43.763],[-79.535,43.773],[-79.546,43.828]]]}},{"type":"Feature","properties":{"name":"Malpeque"},"geometry":{"type":"Polygon","coordinates":[[[-63.032,46.3],[-63.074,46.418],[-63.19,46.413],[-63.27,46.423],[-63.312,46.49],[-63.418,46.503],[-63.465,46.476],[-63.492,46.525],[-63.62,46.559],[-63.656,46.543],[-63.718,46.556],[-63.747,46.498],[-63.695,46.455],[-63.746,46.44],[-63.741,46.393],[-63.795,46.32],[-63.706,46.278],[-63.701,46.252],[-63.617,46.215],[-63.526,46.203],[-63.487,46.215],[-63.45,46.186],[-63.248,46.129],[-63.155,46.17],[-63.196,46.276],[-63.101,46.301],[-63.082,46.271],[-63.032,46.3]]]}},{"type":"Feature","properties":{"name":"Timmins--James Bay"},"geometry":{"type":"Polygon","coordinates":[[[-79.524,51.471],[-79.639,51.407],[-79.682,51.406],[-79.686,51.349],[-79.745,51.329],[-79.69,51.285],[-79.79,51.16],[-79.859,51.165],[-79.924,51.192],[-79.978,51.239],[-80.052,51.257],[-80.113,51.291],[-80.18,51.293],[-80.314,51.315],[-80.426,51.35],[-80.428,51.449],[-80.45,51.495],[-80.513,51.548],[-80.582,51.713],[-80.695,51.821],[-80.88,51.895],[-80.972,52.002],[-81.033,52.019],[-81.095,52.058],[-81.155,52.042],[-81.34,52.099],[-81.475,52.218],[-81.47,52.261],[-81.56,52.296],[-81.511,52.324],[-81.544,52.363],[-81.525,52.423],[-81.562,52.463],[-81.643,52.496],[-81.757,52.603],[-81.86,52.653],[-81.918,52.704],[-81.943,52.777],[-82.11,52.891],[-82.236,52.926],[-82.279,53.01],[-82.283,53.1],[-82.252,53.18],[-82.216,53.217],[-82.112,53.265],[-82.11,53.306],[-82.162,53.458],[-82.205,53.551],[-82.2,53.653],[-82.12,53.775],[-82.124,53.827],[-82.204,53.996],[-82.255,54.064],[-82.346,54.128],[-82.408,54.193],[-82.432,54.277],[-82.424,54.346],[-82.343,54.499],[-82.323,54.506],[-82.288,54.654],[-82.195,54.804],[-82.213,54.874],[-82.252,54.876],[-82.272,55.05],[-82.253,55.11],[-82.334,55.101],[-82.309,55.054],[-82.413,55.08],[-82.415,55.109],[-82.715,55.162],[-82.751,55.132],[-82.813,55.13],[-82.88,55.157],[-82.922,55.21],[-82.973,55.226],[-83.154,55.196],[-83.22,55.212],[-83.338,55.199],[-83.418,55.223],[-83.482,55.219],[-83.647,55.264],[-83.707,55.232],[-83.883,55.294],[-83.976,55.287],[-84.079,55.25],[-84.174,55.275],[-84.389,55.264],[-84.512,55.232],[-84.795,55.235],[-84.972,55.28],[-85.096,55.26],[-85.132,55.332],[-85.2,55.343],[-85.23,55.373],[-85.353,55.385],[-85.434,55.418],[-85.576,55.506],[-85.644,55.558],[-85.729,55.593],[-85.773,55.594],[-85.967,55.661],[-86.269,55.709],[-86.375,55.764],[-86.545,55.806],[-86.548,55.227],[-86.55,54.827],[-86.551,54.402],[-86.553,53.97],[-86.553,53.179],[-86.552,52.993],[-86.56,52.497],[-86.548,51.52],[-86.548,50.508],[-86.549,49.97],[-86.054,49.969],[-85.772,49.971],[-85.333,49.97],[-84.33,49.969],[-83.376,49.97],[-82.477,49.97],[-82.076,49.971],[-81.273,49.97],[-81.275,49.632],[-81.271,49.45],[-81.272,49.059],[-81.339,49.059],[-81.336,48.711],[-81.727,48.711],[-82.638,48.712],[-82.641,48.451],[-81.857,48.45],[-81.857,48.104],[-81.456,48.103],[-81.074,48.103],[-81.074,47.842],[-81.073,47.322],[-80.272,47.32],[-80.272,47.407],[-79.76,47.407],[-79.76,47.581],[-79.631,47.581],[-79.631,47.48],[-79.584,47.451],[-79.547,47.518],[-79.517,47.533],[-79.517,47.996],[-79.518,48.526],[-79.518,49.008],[-79.518,49.304],[-79.518,49.832],[-79.518,50.195],[-79.518,50.945],[-79.516,51.461],[-79.524,51.471]]]}},{"type":"Feature","properties":{"name":"Saint John--Rothesay"},"geometry":{"type":"Polygon","coordinates":[[[-65.849,45.22],[-65.892,45.269],[-65.879,45.316],[-65.848,45.336],[-65.916,45.373],[-65.936,45.404],[-65.999,45.418],[-66.03,45.345],[-66.171,45.305],[-66.239,45.285],[-66.239,45.181],[-66.215,45.145],[-66.145,45.183],[-66.151,45.22],[-66.021,45.271],[-66.009,45.217],[-65.889,45.2],[-65.849,45.22]]]}},{"type":"Feature","properties":{"name":"Brome--Missisquoi"},"geometry":{"type":"Polygon","coordinates":[[[-72.146,45.428],[-72.238,45.45],[-72.249,45.375],[-72.463,45.375],[-72.463,45.307],[-72.588,45.307],[-72.622,45.333],[-72.762,45.341],[-72.784,45.3],[-72.851,45.299],[-72.882,45.265],[-72.995,45.338],[-73.049,45.325],[-73.05,45.267],[-73.092,45.196],[-73.132,45.206],[-73.229,45.186],[-73.25,45.169],[-73.252,45.137],[-73.312,45.086],[-73.335,45.011],[-73.191,45.014],[-73.149,45.084],[-73.077,45.058],[-73.091,45.015],[-72.635,45.015],[-72.555,45.008],[-72.255,45.004],[-72.294,45.105],[-72.241,45.161],[-72.102,45.161],[-72.105,45.385],[-72.146,45.428]]]}},{"type":"Feature","properties":{"name":"Northwest Territories"},"geometry":{"type":"MultiPolygon","coordinates":[[[[-109.833,75.934],[-110.032,75.898],[-109.917,75.854],[-109.832,75.864],[-109.833,75.934]]],[[[-130.783,69.623],[-130.808,69.558],[-130.676,69.57],[-130.706,69.61],[-130.783,69.623]]],[[[-122.961,76.054],[-122.913,76.018],[-122.707,76.045],[-122.82,76.068],[-122.961,76.054]]],[[[-130.89,69.511],[-130.943,69.469],[-130.882,69.411],[-130.811,69.419],[-130.89,69.511]]],[[[-135.45,69.393],[-135.414,69.344],[-135.289,69.367],[-135.45,69.393]]],[[[-113.83,77.159],[-113.843,77.106],[-113.625,77.131],[-113.83,77.159]]],[[[-109.845,72.485],[-110.086,72.562],[-110.221,72.551],[-110.009,72.507],[-109.845,72.457],[-109.845,72.485]]],[[[-116.724,70.562],[-116.684,70.539],[-116.381,70.51],[-116.322,70.534],[-116.535,70.551],[-116.598,70.572],[-116.724,70.562]]],[[[-124.311,73.648],[-124.357,73.62],[-124.341,73.569],[-124.101,73.571],[-124.156,73.606],[-124.311,73.648]]],[[[-122.646,75.925],[-122.568,75.895],[-122.324,75.864],[-122.343,75.924],[-122.646,75.925]]],[[[-128.203,70.625],[-128.271,70.637],[-128.319,70.569],[-128.297,70.548],[-128.147,70.555],[-128.109,70.593],[-128.203,70.625]]],[[[-128.95,69.957],[-129.004,69.934],[-129.1,69.85],[-128.955,69.829],[-128.971,69.887],[-128.904,69.907],[-128.95,69.957]]],[[[-117.232,70.592],[-117.279,70.559],[-117.157,70.535],[-116.867,70.548],[-117.107,70.586],[-117.232,70.592]]],[[[-112.258,70.364],[-112.257,70.337],[-111.996,70.28],[-111.829,70.304],[-112.198,70.367],[-112.258,70.364]]],[[[-120.998,75.942],[-121.021,75.821],[-121.238,75.784],[-121.288,75.755],[-121.05,75.734],[-120.991,75.757],[-120.871,75.856],[-120.861,75.938],[-120.998,75.942]]],[[[-109.843,72.667],[-109.886,72.686],[-110.125,72.732],[-110.233,72.642],[-110.064,72.656],[-109.897,72.594],[-109.844,72.54],[-109.843,72.667]]],[[[-109.835,76.507],[-109.959,76.496],[-110.112,76.45],[-110.382,76.432],[-110.328,76.336],[-110.354,76.32],[-109.986,76.242],[-109.834,76.246],[-109.835,76.507]]],[[[-114.619,76.867],[-114.813,76.82],[-114.846,76.764],[-114.398,76.727],[-114.259,76.735],[-114.095,76.718],[-113.903,76.727],[-113.605,76.714],[-113.483,76.758],[-113.457,76.828],[-113.816,76.896],[-114.036,76.898],[-114.132,76.883],[-114.619,76.867]]],[[[-109.841,72.926],[-109.903,72.977],[-110.391,73.012],[-110.592,73.011],[-110.724,72.974],[-110.682,72.925],[-110.457,72.837],[-110.231,72.83],[-110.134,72.769],[-109.842,72.725],[-109.841,72.926]]],[[[-114.351,78.078],[-114.744,78.015],[-114.817,77.981],[-115.106,77.952],[-115.04,77.918],[-114.742,77.828],[-114.562,77.797],[-114.459,77.746],[-114.288,77.709],[-113.901,77.726],[-113.739,77.757],[-113.552,77.828],[-113.672,77.84],[-113.721,77.898],[-113.996,77.928],[-114.025,77.987],[-114.234,77.982],[-114.345,78.038],[-114.351,78.078]]],[[[-117.711,76.128],[-117.786,76.117],[-117.93,76.05],[-118.11,76.025],[-118.152,75.978],[-118.336,75.978],[-118.709,75.893],[-118.741,75.855],[-118.886,75.817],[-118.946,75.769],[-119.312,75.665],[-119.377,75.599],[-119.213,75.576],[-118.977,75.566],[-118.907,75.578],[-118.727,75.519],[-118.522,75.53],[-118.294,75.578],[-117.941,75.755],[-117.878,75.828],[-117.716,75.923],[-117.549,75.991],[-117.445,76.096],[-117.711,76.128]]],[[[-109.832,78.644],[-109.946,78.682],[-110.414,78.766],[-111.147,78.691],[-111.269,78.659],[-111.367,78.595],[-111.571,78.561],[-112.248,78.547],[-113.208,78.41],[-113.22,78.352],[-113.321,78.335],[-113.177,78.27],[-112.744,78.338],[-112.493,78.365],[-112.022,78.388],[-111.864,78.357],[-111.783,78.277],[-111.412,78.277],[-111.412,78.329],[-111.221,78.324],[-111.296,78.389],[-111.127,78.392],[-110.928,78.365],[-110.827,78.321],[-110.357,78.275],[-109.995,78.328],[-109.831,78.301],[-109.832,78.644]]],[[[-109.831,78.111],[-110.304,78.118],[-110.725,78.106],[-110.74,78.071],[-110.992,78.099],[-111.507,78.074],[-111.707,78.028],[-112.055,78.025],[-112.262,77.997],[-112.533,77.993],[-113.066,77.901],[-113.202,77.899],[-113.312,77.846],[-113.291,77.768],[-113.169,77.746],[-113.262,77.671],[-113.057,77.628],[-113.193,77.565],[-113.097,77.532],[-112.954,77.526],[-112.918,77.468],[-112.719,77.45],[-112.597,77.468],[-112.46,77.383],[-112.029,77.329],[-111.404,77.407],[-111.209,77.44],[-111.051,77.422],[-110.817,77.432],[-110.487,77.47],[-110.193,77.517],[-110.057,77.566],[-110.146,77.598],[-110.054,77.621],[-110.109,77.684],[-110.043,77.77],[-110.239,77.786],[-110.42,77.769],[-110.652,77.768],[-110.746,77.814],[-110.893,77.828],[-110.908,77.867],[-110.4,77.901],[-110.251,77.901],[-109.831,77.937],[-109.831,78.111]]],[[[-118.812,77.363],[-118.953,77.323],[-119.214,77.313],[-119.376,77.19],[-119.796,77.106],[-119.954,77.02],[-120.098,77.002],[-120.066,76.972],[-120.154,76.931],[-120.414,76.882],[-120.342,76.82],[-120.494,76.791],[-120.588,76.749],[-120.798,76.736],[-120.878,76.704],[-121.075,76.677],[-121.186,76.639],[-121.492,76.459],[-121.836,76.426],[-121.987,76.45],[-122.358,76.402],[-122.612,76.335],[-122.615,76.276],[-122.751,76.233],[-122.843,76.181],[-122.792,76.145],[-122.617,76.182],[-122.439,76.1],[-122.508,76.057],[-122.667,76.013],[-122.683,75.981],[-122.591,75.942],[-122.367,75.931],[-122.146,75.986],[-122.098,76.039],[-121.908,76.059],[-121.638,76.017],[-121.509,76.009],[-121.469,75.973],[-121.292,75.909],[-121.226,75.981],[-121.092,76.007],[-120.933,76.011],[-121.046,76.084],[-121.016,76.161],[-120.839,76.185],[-120.648,76.16],[-120.727,76.13],[-120.712,76.032],[-120.547,76.01],[-120.389,75.969],[-120.462,75.935],[-120.481,75.836],[-120.295,75.813],[-120.079,75.854],[-119.915,75.851],[-119.713,75.892],[-119.679,75.968],[-119.468,76.012],[-119.57,76.086],[-119.787,76.108],[-119.549,76.195],[-119.714,76.267],[-119.622,76.321],[-119.462,76.318],[-119.427,76.248],[-119.339,76.234],[-119.293,76.139],[-119.101,76.089],[-118.953,76.156],[-118.855,76.177],[-118.928,76.254],[-118.767,76.288],[-118.643,76.289],[-118.537,76.336],[-118.56,76.386],[-118.66,76.457],[-118.941,76.484],[-118.895,76.535],[-118.722,76.546],[-118.575,76.503],[-118.398,76.559],[-118.31,76.559],[-118.336,76.659],[-118.45,76.679],[-118.398,76.733],[-118.259,76.737],[-118.252,76.785],[-117.99,76.761],[-117.791,76.829],[-117.737,76.793],[-117.78,76.725],[-117.931,76.685],[-117.954,76.569],[-117.904,76.535],[-118.02,76.486],[-118.009,76.411],[-117.622,76.308],[-117.529,76.273],[-117.307,76.259],[-117.058,76.308],[-116.939,76.347],[-116.91,76.387],[-116.978,76.421],[-116.955,76.462],[-117.037,76.506],[-117.038,76.547],[-116.849,76.55],[-116.779,76.574],[-116.494,76.569],[-116.061,76.623],[-115.974,76.688],[-115.864,76.7],[-115.989,76.771],[-115.987,76.83],[-116.191,76.854],[-116.37,76.935],[-116.255,76.95],[-115.937,76.9],[-115.724,76.946],[-116.242,77.045],[-116.381,77.129],[-116.245,77.154],[-116.272,77.204],[-116.087,77.195],[-115.816,77.233],[-115.783,77.256],[-115.51,77.272],[-115.431,77.339],[-115.858,77.445],[-116.112,77.468],[-116.066,77.507],[-116.223,77.52],[-116.424,77.561],[-116.684,77.54],[-116.863,77.478],[-117.056,77.448],[-116.961,77.407],[-116.607,77.392],[-116.836,77.32],[-116.926,77.343],[-117.228,77.291],[-117.43,77.331],[-117.616,77.333],[-117.738,77.369],[-118.087,77.36],[-118.812,77.363]]],[[[-109.831,75.534],[-109.981,75.546],[-110.39,75.543],[-110.446,75.577],[-110.707,75.574],[-110.976,75.529],[-111.326,75.559],[-111.399,75.615],[-111.341,75.641],[-111.394,75.682],[-111.312,75.715],[-111.431,75.824],[-111.776,75.839],[-111.925,75.807],[-112.072,75.819],[-112.17,75.85],[-111.982,75.889],[-111.732,75.902],[-111.767,75.953],[-111.99,76.004],[-112.391,76.043],[-112.501,76.105],[-112.501,76.145],[-112.404,76.181],[-112.716,76.2],[-112.851,76.258],[-112.998,76.272],[-113.14,76.255],[-113.323,76.267],[-113.43,76.239],[-113.696,76.204],[-113.914,76.194],[-113.984,76.247],[-114.179,76.344],[-114.07,76.363],[-114.06,76.424],[-114.169,76.478],[-114.479,76.504],[-114.659,76.494],[-114.889,76.512],[-114.929,76.487],[-115.56,76.439],[-115.874,76.361],[-115.807,76.333],[-115.9,76.305],[-115.87,76.26],[-115.708,76.24],[-115.161,76.227],[-115.024,76.213],[-115.002,76.163],[-115.202,76.191],[-115.722,76.191],[-116.086,76.206],[-116.396,76.172],[-116.602,76.112],[-116.676,76.068],[-116.641,76.027],[-116.497,76.026],[-116.524,75.983],[-116.675,75.973],[-116.725,75.901],[-116.419,75.876],[-116.344,75.883],[-115.933,75.877],[-115.77,75.895],[-115.229,75.886],[-114.872,75.912],[-114.919,75.867],[-115.121,75.871],[-115.4,75.845],[-115.798,75.836],[-115.99,75.817],[-116.304,75.807],[-116.809,75.805],[-116.956,75.774],[-117.153,75.672],[-117.222,75.597],[-117.144,75.581],[-116.425,75.565],[-116.125,75.578],[-115.659,75.65],[-115.123,75.681],[-115.297,75.626],[-115.587,75.589],[-115.997,75.491],[-116.236,75.485],[-117.022,75.486],[-117.257,75.474],[-117.56,75.354],[-117.665,75.251],[-117.51,75.205],[-117.312,75.176],[-116.982,75.153],[-116.684,75.119],[-116.54,75.193],[-116.455,75.181],[-116.247,75.217],[-116.227,75.179],[-116.302,75.125],[-116.253,75.065],[-115.968,75.011],[-115.674,74.971],[-115.511,75.033],[-115.591,75.086],[-115.595,75.147],[-115.419,75.102],[-115.28,75.135],[-115.166,75.125],[-115.211,75.076],[-115.179,74.996],[-115.035,74.964],[-114.816,74.992],[-114.419,75.074],[-114.279,75.172],[-114.388,75.226],[-114.14,75.235],[-114.033,75.346],[-114.069,75.407],[-114.034,75.475],[-113.86,75.376],[-113.494,75.425],[-113.389,75.413],[-113.587,75.364],[-113.794,75.329],[-113.917,75.18],[-113.95,75.075],[-113.906,75.053],[-113.66,75.057],[-113.532,75.078],[-113.243,75.08],[-112.986,75.097],[-112.768,75.126],[-112.688,75.164],[-112.728,75.206],[-112.675,75.266],[-112.566,75.243],[-112.611,75.202],[-112.424,75.184],[-112.395,75.128],[-112.136,75.129],[-112.059,75.148],[-111.884,75.139],[-111.826,75.161],[-111.543,75.177],[-111.459,75.167],[-111.294,75.2],[-111.166,75.265],[-111.004,75.229],[-111.039,75.17],[-111.258,75.129],[-111.288,75.085],[-111.47,75.053],[-111.682,74.993],[-112.094,75.01],[-112.422,75.002],[-112.852,74.983],[-113.061,74.953],[-113.214,74.906],[-113.199,74.848],[-113.35,74.862],[-113.566,74.845],[-114.09,74.786],[-114.439,74.697],[-114.436,74.667],[-114.226,74.584],[-113.759,74.467],[-113.525,74.428],[-113.208,74.41],[-112.91,74.403],[-112.46,74.419],[-111.973,74.477],[-111.68,74.5],[-111.401,74.572],[-111.276,74.57],[-110.766,74.682],[-110.564,74.713],[-110.606,74.759],[-110.563,74.791],[-110.41,74.805],[-110.357,74.846],[-110.105,74.839],[-109.831,74.876],[-109.831,75.534]]],[[[-124.723,74.353],[-124.691,74.289],[-124.554,74.28],[-124.527,74.221],[-124.392,74.149],[-124.462,74.108],[-124.356,74.062],[-124.356,74.028],[-124.182,73.932],[-124.194,73.881],[-123.958,73.855],[-123.824,73.827],[-123.768,73.77],[-123.882,73.706],[-124.052,73.668],[-124.057,73.531],[-124.115,73.507],[-124.288,73.494],[-124.407,73.426],[-124.378,73.382],[-124.463,73.37],[-124.551,73.288],[-124.542,73.25],[-124.761,73.165],[-124.866,73.086],[-124.818,73.047],[-124.546,72.999],[-124.463,72.943],[-124.593,72.905],[-124.76,72.898],[-125.129,72.86],[-125.032,72.834],[-124.965,72.76],[-125.009,72.724],[-124.952,72.686],[-125.101,72.637],[-124.963,72.609],[-125.022,72.57],[-125.317,72.478],[-125.41,72.381],[-125.502,72.338],[-125.484,72.277],[-125.679,72.234],[-125.642,72.185],[-125.754,72.142],[-125.693,72.086],[-125.755,72.004],[-125.75,71.957],[-125.274,71.985],[-125.141,71.922],[-124.615,71.795],[-124.368,71.769],[-124.183,71.735],[-123.97,71.669],[-123.846,71.588],[-123.811,71.535],[-123.627,71.498],[-123.544,71.402],[-123.432,71.223],[-123.328,71.166],[-123.1,71.079],[-122.781,71.088],[-122.669,71.155],[-122.508,71.21],[-122.238,71.252],[-122.016,71.312],[-121.899,71.399],[-121.753,71.45],[-121.837,71.492],[-121.586,71.473],[-121.521,71.428],[-121.401,71.382],[-121.312,71.383],[-120.655,71.489],[-120.467,71.568],[-120.37,71.699],[-120.445,71.743],[-120.388,71.893],[-120.448,71.936],[-120.414,71.971],[-120.241,72.044],[-120.168,72.091],[-120.126,72.162],[-120.19,72.227],[-120.118,72.239],[-119.777,72.229],[-119.65,72.282],[-119.438,72.325],[-119.313,72.38],[-119.233,72.515],[-119.159,72.546],[-119.154,72.626],[-118.712,72.748],[-118.523,72.759],[-118.455,72.801],[-118.185,72.868],[-118.002,72.899],[-117.649,72.99],[-117.446,73.053],[-117.223,73.065],[-117.212,73.086],[-116.99,73.124],[-116.73,73.189],[-116.654,73.222],[-116.204,73.296],[-115.804,73.342],[-115.634,73.383],[-115.414,73.46],[-115.292,73.483],[-115.321,73.539],[-115.606,73.645],[-115.733,73.676],[-116.275,73.867],[-116.706,74.027],[-117.203,74.184],[-117.386,74.225],[-117.622,74.252],[-118.055,74.282],[-118.168,74.279],[-118.769,74.211],[-118.872,74.163],[-118.783,74.139],[-118.807,74.082],[-118.963,74.006],[-119.171,73.994],[-119.117,74.073],[-119.056,74.083],[-119.104,74.208],[-119.45,74.23],[-119.614,74.139],[-119.708,74.153],[-119.625,74.216],[-119.678,74.242],[-120.094,74.276],[-120.633,74.369],[-120.936,74.429],[-121.118,74.526],[-121.561,74.56],[-121.743,74.552],[-122.174,74.489],[-122.519,74.465],[-122.863,74.463],[-123.236,74.45],[-123.484,74.426],[-124.075,74.405],[-124.723,74.353]]],[[[-109.845,72.444],[-110.002,72.445],[-110.096,72.463],[-110.187,72.514],[-110.368,72.56],[-110.41,72.52],[-110.623,72.575],[-110.734,72.564],[-110.818,72.509],[-110.931,72.489],[-110.942,72.449],[-111.074,72.394],[-111.076,72.338],[-111.276,72.39],[-111.313,72.456],[-111.587,72.367],[-111.549,72.313],[-111.703,72.337],[-111.862,72.336],[-111.726,72.402],[-111.49,72.445],[-111.389,72.494],[-111.471,72.504],[-111.248,72.567],[-111.18,72.666],[-111.307,72.748],[-111.552,72.806],[-111.815,72.838],[-112.022,72.893],[-112.197,72.895],[-112.366,72.918],[-112.628,72.975],[-113.005,73.012],[-113.23,72.989],[-113.36,72.928],[-113.447,72.857],[-113.605,72.776],[-113.577,72.755],[-113.41,72.749],[-113.51,72.703],[-113.807,72.648],[-113.945,72.66],[-114.06,72.65],[-114.363,72.557],[-114.515,72.573],[-114.587,72.611],[-114.452,72.632],[-114.292,72.683],[-114.363,72.741],[-114.228,72.799],[-114.002,72.809],[-113.94,72.829],[-114.012,72.869],[-113.99,72.935],[-114.015,73.004],[-113.944,73.031],[-113.943,73.157],[-114.018,73.231],[-114.201,73.326],[-114.47,73.376],[-114.71,73.375],[-114.877,73.32],[-115.244,73.276],[-115.406,73.226],[-115.732,73.186],[-116.079,73.125],[-116.144,73.127],[-116.448,73.061],[-116.553,73.059],[-116.801,72.986],[-117.15,72.94],[-117.321,72.925],[-117.419,72.889],[-117.615,72.782],[-117.834,72.713],[-117.999,72.687],[-118.166,72.642],[-118.251,72.596],[-118.496,72.509],[-118.545,72.464],[-118.543,72.395],[-118.454,72.358],[-118.17,72.354],[-118.078,72.303],[-118.084,72.243],[-118.583,72.169],[-118.71,72.062],[-118.862,72.02],[-119.054,71.919],[-119.114,71.85],[-119.121,71.764],[-119.077,71.671],[-118.898,71.594],[-118.854,71.662],[-118.488,71.66],[-118.385,71.627],[-118.328,71.583],[-118.185,71.622],[-118.04,71.678],[-117.781,71.604],[-117.764,71.533],[-118.057,71.552],[-118.207,71.521],[-118.307,71.473],[-118.236,71.395],[-117.996,71.378],[-117.817,71.389],[-117.513,71.383],[-117.474,71.44],[-117.64,71.475],[-117.493,71.494],[-117.388,71.457],[-117.397,71.392],[-117.177,71.407],[-117.016,71.442],[-116.81,71.439],[-116.684,71.471],[-116.548,71.475],[-116.293,71.51],[-116.171,71.501],[-115.63,71.565],[-115.466,71.501],[-115.784,71.493],[-115.953,71.471],[-116.043,71.417],[-115.698,71.394],[-115.737,71.371],[-116.071,71.361],[-116.24,71.37],[-116.817,71.281],[-116.828,71.254],[-117.051,71.246],[-117.232,71.218],[-117.561,71.183],[-117.811,71.168],[-118.055,71.116],[-118.231,71.062],[-118.326,71.046],[-118.411,70.999],[-118.247,70.878],[-118.046,70.8],[-117.687,70.709],[-117.705,70.653],[-117.509,70.602],[-117.331,70.627],[-116.94,70.619],[-116.731,70.606],[-116.347,70.641],[-116.229,70.634],[-116.172,70.592],[-116.04,70.573],[-115.92,70.596],[-115.681,70.609],[-115.65,70.595],[-115.363,70.613],[-115.272,70.601],[-114.946,70.61],[-114.787,70.638],[-114.742,70.623],[-114.507,70.643],[-114.428,70.677],[-114.327,70.688],[-114.13,70.677],[-113.968,70.721],[-113.725,70.699],[-113.57,70.648],[-113.442,70.683],[-113.165,70.644],[-113.059,70.601],[-112.935,70.582],[-112.639,70.563],[-112.539,70.529],[-112.435,70.541],[-112.158,70.514],[-112.077,70.494],[-111.98,70.388],[-111.837,70.364],[-111.638,70.369],[-111.493,70.357],[-111.482,70.288],[-111.658,70.273],[-111.822,70.284],[-111.971,70.269],[-112.118,70.287],[-112.266,70.274],[-112.327,70.231],[-112.506,70.234],[-112.523,70.199],[-112.754,70.22],[-112.789,70.236],[-113.006,70.24],[-113.253,70.283],[-113.489,70.281],[-113.628,70.269],[-114.013,70.288],[-114.129,70.317],[-114.322,70.327],[-114.513,70.323],[-114.892,70.287],[-115.103,70.288],[-115.516,70.255],[-116.156,70.214],[-116.208,70.2],[-116.455,70.183],[-116.982,70.122],[-117.36,70.04],[-117.39,69.977],[-117.34,69.936],[-117.259,69.791],[-117.14,69.726],[-116.99,69.692],[-116.466,69.703],[-116.755,69.786],[-116.924,69.88],[-117.014,69.957],[-117.023,70],[-116.354,69.999],[-114.5,70],[-113.844,70],[-112.825,70.003],[-112.818,69.847],[-112.518,69.848],[-112.511,70.002],[-111.999,70.001],[-109.862,69.998],[-109.858,70.53],[-109.856,70.881],[-109.852,71.452],[-109.847,72.078],[-109.845,72.444]]],[[[-120.725,69.574],[-120.767,69.608],[-120.942,69.665],[-121.128,69.688],[-121.259,69.72],[-121.398,69.773],[-121.533,69.769],[-121.735,69.804],[-121.922,69.817],[-122.092,69.814],[-122.341,69.826],[-122.432,69.807],[-122.711,69.822],[-122.79,69.793],[-122.943,69.816],[-123.042,69.809],[-123.129,69.768],[-123.087,69.673],[-123.16,69.607],[-123.129,69.553],[-123.212,69.479],[-123.362,69.475],[-123.382,69.415],[-123.466,69.385],[-123.714,69.333],[-123.846,69.333],[-123.942,69.392],[-124.028,69.38],[-124.146,69.335],[-124.347,69.338],[-124.497,69.368],[-124.545,69.403],[-124.438,69.431],[-124.451,69.474],[-124.255,69.555],[-124.194,69.634],[-124.04,69.679],[-124.095,69.719],[-124.21,69.724],[-124.293,69.695],[-124.469,69.708],[-124.512,69.725],[-124.441,69.836],[-124.439,69.908],[-124.494,70.007],[-124.366,70.006],[-124.368,70.081],[-124.503,70.13],[-124.506,70.18],[-124.575,70.187],[-124.757,70.115],[-124.633,70.102],[-124.626,70.067],[-124.894,70.041],[-124.987,70.067],[-125.206,70.015],[-125.194,69.959],[-125.1,69.967],[-125.028,70.001],[-124.828,69.998],[-124.82,69.968],[-124.953,69.911],[-125.034,69.808],[-125.178,69.765],[-124.871,69.726],[-124.868,69.671],[-124.938,69.645],[-124.97,69.731],[-125.049,69.743],[-125.207,69.704],[-125.388,69.675],[-125.409,69.591],[-125.265,69.591],[-125.295,69.523],[-125.136,69.49],[-125.525,69.502],[-125.587,69.478],[-125.62,69.422],[-125.427,69.452],[-125.184,69.448],[-125.152,69.417],[-125.183,69.373],[-125.351,69.379],[-125.371,69.342],[-125.462,69.311],[-125.607,69.337],[-125.698,69.384],[-125.797,69.372],[-125.929,69.392],[-126.264,69.515],[-126.669,69.721],[-126.726,69.762],[-126.914,70.004],[-127.074,70.167],[-127.176,70.238],[-127.385,70.357],[-127.535,70.419],[-127.737,70.486],[-128.008,70.563],[-128.161,70.49],[-128.212,70.387],[-128.125,70.346],[-128.064,70.283],[-127.816,70.247],[-127.567,70.234],[-127.69,70.195],[-127.923,70.182],[-128.142,70.156],[-127.927,70.088],[-128,70.07],[-128.219,70.142],[-128.343,70.123],[-128.401,70.064],[-128.296,69.98],[-128.316,69.938],[-128.417,69.925],[-128.614,69.868],[-128.665,69.819],[-128.777,69.78],[-128.815,69.746],[-128.96,69.729],[-129.147,69.686],[-129.15,69.795],[-129.189,69.84],[-129.342,69.837],[-129.596,69.81],[-129.712,69.772],[-129.973,69.735],[-130.087,69.701],[-130.344,69.682],[-130.442,69.611],[-130.46,69.565],[-130.595,69.495],[-130.575,69.475],[-130.641,69.407],[-130.854,69.352],[-130.995,69.381],[-130.943,69.425],[-131.116,69.512],[-131.297,69.496],[-131.383,69.459],[-131.387,69.416],[-131.561,69.434],[-131.654,69.398],[-131.884,69.413],[-131.846,69.369],[-131.73,69.377],[-131.782,69.32],[-132.052,69.219],[-132.288,69.178],[-132.424,69.106],[-132.58,69.116],[-132.685,69.069],[-132.801,69.069],[-132.885,69.045],[-132.865,68.972],[-132.776,68.932],[-132.845,68.898],[-132.723,68.858],[-132.527,68.897],[-132.409,68.846],[-132.5,68.793],[-132.696,68.812],[-132.951,68.806],[-133.159,68.81],[-133.201,68.843],[-133.384,68.843],[-133.295,68.777],[-133.335,68.741],[-133.502,68.795],[-133.514,68.817],[-133.425,68.872],[-133.358,68.854],[-133.252,68.897],[-133.211,69.03],[-133.124,69.046],[-132.917,69.032],[-132.912,69.103],[-132.772,69.25],[-132.598,69.272],[-132.465,69.251],[-132.081,69.38],[-132.146,69.399],[-132.055,69.501],[-131.892,69.515],[-131.78,69.553],[-131.585,69.548],[-131.442,69.571],[-131.337,69.561],[-131.233,69.598],[-131.119,69.605],[-130.97,69.546],[-130.856,69.573],[-130.771,69.663],[-130.616,69.683],[-130.564,69.759],[-130.481,69.759],[-130.344,69.818],[-130.076,69.862],[-129.95,69.905],[-129.54,69.992],[-129.434,70.04],[-129.414,70.081],[-129.616,70.166],[-129.745,70.176],[-129.791,70.125],[-129.866,70.118],[-129.878,70.058],[-130.098,70.054],[-130.157,70.037],[-130.4,70.101],[-130.536,70.089],[-130.633,70.11],[-130.723,70.064],[-130.802,70.082],[-130.904,70.066],[-130.924,70.027],[-131.04,70],[-131.089,69.887],[-131.207,69.884],[-131.241,69.919],[-131.423,69.941],[-131.436,69.89],[-131.647,69.862],[-131.842,69.766],[-131.976,69.751],[-131.974,69.712],[-132.172,69.684],[-132.396,69.73],[-132.549,69.732],[-132.531,69.68],[-132.346,69.675],[-132.472,69.622],[-132.672,69.649],[-132.71,69.632],[-132.901,69.647],[-132.982,69.571],[-132.966,69.443],[-133.116,69.395],[-133.355,69.382],[-133.518,69.395],[-133.634,69.375],[-133.708,69.32],[-133.914,69.323],[-133.922,69.397],[-133.787,69.486],[-133.962,69.495],[-134.01,69.545],[-134.132,69.525],[-134.229,69.587],[-134.182,69.611],[-134.229,69.657],[-134.465,69.689],[-134.428,69.623],[-134.496,69.523],[-134.426,69.468],[-134.476,69.437],[-134.588,69.436],[-134.706,69.469],[-134.825,69.481],[-135.04,69.47],[-135.305,69.422],[-135.245,69.32],[-135.26,69.268],[-135.431,69.319],[-135.659,69.301],[-135.745,69.319],[-135.854,69.294],[-135.87,69.263],[-136.008,69.2],[-135.984,69.139],[-135.892,69.078],[-135.717,69.036],[-135.708,68.982],[-135.783,68.964],[-135.362,68.736],[-135.269,68.7],[-135.326,68.661],[-135.423,68.682],[-135.6,68.757],[-135.735,68.764],[-135.788,68.801],[-135.95,68.833],[-136.457,68.893],[-136.469,68.88],[-136.469,68.87],[-136.469,68.87],[-136.465,68.303],[-136.458,67.813],[-136.449,67.649],[-136.29,67.634],[-136.2,67.562],[-136.219,67.513],[-136.179,67.458],[-136.222,67.405],[-136.14,67.366],[-136.087,67.301],[-136.137,67.233],[-136.235,67.173],[-136.192,67.144],[-136.232,67.107],[-136.164,67],[-135.513,67],[-134.575,67],[-133.83,67],[-133.847,66.984],[-134.014,66.986],[-134.118,66.957],[-134.001,66.909],[-133.943,66.905],[-133.76,66.801],[-133.846,66.723],[-133.748,66.679],[-133.793,66.649],[-133.718,66.625],[-133.677,66.583],[-133.588,66.55],[-133.69,66.528],[-133.693,66.503],[-133.61,66.436],[-133.734,66.44],[-133.768,66.366],[-133.835,66.317],[-133.786,66.295],[-133.626,66.299],[-133.554,66.257],[-133.549,66.17],[-133.658,66.122],[-133.691,66.071],[-133.599,66.057],[-133.658,65.96],[-133.595,65.936],[-133.526,65.954],[-133.405,65.939],[-133.269,65.996],[-133.128,66.031],[-132.921,66.02],[-132.912,66.002],[-133.021,65.919],[-132.909,65.884],[-132.837,65.9],[-132.799,65.951],[-132.657,66.016],[-132.54,66.015],[-132.495,65.972],[-132.378,65.989],[-132.35,65.952],[-132.531,65.906],[-132.596,65.857],[-132.564,65.83],[-132.414,65.789],[-132.313,65.74],[-132.168,65.602],[-132.283,65.501],[-132.275,65.458],[-132.376,65.402],[-132.537,65.35],[-132.566,65.284],[-132.657,65.278],[-132.748,65.227],[-132.773,65.183],[-132.657,65.141],[-132.509,65.174],[-132.543,65.09],[-132.336,65.061],[-132.414,64.984],[-132.49,64.962],[-132.462,64.902],[-132.587,64.835],[-132.546,64.77],[-132.464,64.789],[-132.357,64.783],[-132.216,64.743],[-132.124,64.704],[-132.038,64.696],[-131.938,64.59],[-131.855,64.538],[-131.685,64.521],[-131.676,64.486],[-131.825,64.425],[-131.858,64.381],[-131.676,64.377],[-131.624,64.354],[-131.559,64.383],[-131.451,64.392],[-131.38,64.436],[-131.296,64.447],[-131.147,64.404],[-131.068,64.361],[-131.027,64.305],[-131.074,64.273],[-130.983,64.251],[-130.944,64.186],[-130.859,64.172],[-130.955,64.113],[-130.809,64.04],[-130.776,63.976],[-130.631,63.948],[-130.443,63.891],[-130.339,63.813],[-130.144,63.861],[-130.138,63.799],[-130.101,63.754],[-130.216,63.718],[-130.318,63.714],[-130.34,63.691],[-130.269,63.645],[-130.106,63.688],[-130.081,63.608],[-129.962,63.61],[-129.96,63.566],[-129.897,63.553],[-129.785,63.446],[-129.874,63.457],[-129.909,63.418],[-129.866,63.367],[-130.058,63.304],[-130.13,63.267],[-130.014,63.236],[-129.988,63.199],[-129.91,63.192],[-129.813,63.104],[-129.741,63.061],[-129.613,63.073],[-129.589,63.042],[-129.675,62.926],[-129.75,62.881],[-129.743,62.838],[-129.665,62.814],[-129.567,62.681],[-129.439,62.578],[-129.387,62.571],[-129.324,62.525],[-129.212,62.505],[-129.174,62.445],[-129.285,62.4],[-129.189,62.362],[-129.256,62.328],[-129.27,62.258],[-129.163,62.204],[-129.2,62.139],[-129.129,62.099],[-128.945,62.119],[-128.921,62.095],[-128.82,62.087],[-128.809,62.048],[-128.73,62.043],[-128.669,62.109],[-128.55,62.116],[-128.348,62.015],[-128.35,61.974],[-128.249,61.937],[-128.15,61.838],[-128.021,61.824],[-127.986,61.792],[-128.047,61.729],[-127.882,61.668],[-127.767,61.594],[-127.669,61.583],[-127.623,61.532],[-127.469,61.485],[-127.238,61.5],[-127.192,61.461],[-127.103,61.458],[-127.091,61.368],[-127.029,61.361],[-127.033,61.322],[-126.996,61.222],[-126.961,61.168],[-127.012,61.138],[-127.072,61.067],[-127.042,61.031],[-126.966,61.05],[-126.897,61.041],[-126.907,61.007],[-126.854,60.932],[-126.856,60.87],[-126.825,60.831],[-126.845,60.775],[-126.813,60.759],[-126.693,60.769],[-126.639,60.731],[-126.486,60.8],[-126.387,60.766],[-126.283,60.759],[-126.198,60.782],[-126.211,60.834],[-126.063,60.851],[-126.057,60.795],[-125.967,60.789],[-125.921,60.849],[-125.832,60.881],[-125.67,60.803],[-125.534,60.812],[-125.375,60.766],[-125.264,60.768],[-125.148,60.833],[-124.967,60.849],[-124.826,60.837],[-124.837,60.899],[-124.766,60.958],[-124.633,60.927],[-124.539,60.939],[-124.496,60.803],[-124.449,60.765],[-124.492,60.728],[-124.599,60.688],[-124.571,60.641],[-124.447,60.573],[-124.394,60.519],[-124.389,60.458],[-124.198,60.446],[-124.214,60.365],[-124.124,60.206],[-124.03,60.148],[-124.001,60.109],[-123.789,60],[-123,60],[-122.5,60],[-121.75,60],[-121,60],[-120,60],[-119.5,60],[-118.75,60],[-118,60],[-117,60],[-116.5,60],[-115.567,60],[-114.5,60],[-113.75,60],[-112.75,60],[-112.25,60],[-111.25,60],[-110.75,60],[-110,60],[-109.5,60],[-108.75,60],[-108,60],[-107.25,60],[-106.5,60],[-105.5,60],[-105,60],[-104,60],[-103.25,60],[-102.75,60],[-102,60],[-102,60.406],[-102,64.189],[-104.474,64.431],[-104.875,64.466],[-106.583,64.593],[-108.838,64.732],[-109.025,64.831],[-109.443,65],[-110.538,65.446],[-111.6,65.449],[-112.583,65.447],[-114.314,66.055],[-117.038,66.92],[-117.065,66.929],[-118.594,67.199],[-119.333,67.411],[-120.631,67.78],[-120.591,68.249],[-120.606,68.623],[-120.725,69.574]]]]}},{"type":"Feature","properties":{"name":"Mount Royal"},"geometry":{"type":"Polygon","coordinates":[[[-73.621,45.524],[-73.649,45.53],[-73.651,45.527],[-73.683,45.465],[-73.668,45.457],[-73.625,45.489],[-73.621,45.524]]]}},{"type":"Feature","properties":{"name":"Portage--Lisgar"},"geometry":{"type":"Polygon","coordinates":[[[-97.444,49.923],[-97.603,50.012],[-97.732,50.043],[-97.735,50.064],[-97.93,50.084],[-98.01,50.068],[-98.015,50.307],[-98.069,50.293],[-98.108,50.25],[-98.2,50.216],[-98.32,50.188],[-98.382,50.185],[-98.5,50.205],[-98.56,50.236],[-98.56,49.887],[-98.551,49.798],[-98.779,49.798],[-98.779,49.621],[-98.745,49.621],[-98.733,49.532],[-99.089,49.532],[-99.088,49.355],[-98.818,49.355],[-98.772,49.31],[-98.725,49.296],[-98.703,49.2],[-98.672,49.177],[-98.673,49],[-98.033,49],[-97.325,49.001],[-97.325,49.089],[-97.46,49.089],[-97.459,49.266],[-97.369,49.266],[-97.35,49.354],[-97.188,49.355],[-97.188,49.488],[-97.177,49.524],[-97.254,49.532],[-97.226,49.576],[-97.163,49.621],[-97.163,49.708],[-97.22,49.714],[-97.222,49.814],[-97.234,49.814],[-97.454,49.806],[-97.444,49.923]]]}},{"type":"Feature","properties":{"name":"Toronto Centre"},"geometry":{"type":"Polygon","coordinates":[[[-79.36,43.67],[-79.384,43.656],[-79.349,43.653],[-79.36,43.67]]]}},{"type":"Feature","properties":{"name":"Montmagny--L'Islet--Kamouraska--Rivière-du-Loup"},"geometry":{"type":"MultiPolygon","coordinates":[[[[-70.046,46.464],[-70.019,46.591],[-70.133,46.524],[-70.046,46.464]]],[[[-69.391,47.298],[-69.589,47.431],[-69.304,47.626],[-69.333,47.646],[-69.2,47.739],[-69.111,47.756],[-68.981,47.851],[-68.929,47.84],[-68.86,47.794],[-68.848,47.864],[-68.888,47.889],[-68.951,47.895],[-68.992,47.956],[-69.116,47.858],[-69.186,47.888],[-69.114,47.983],[-69.166,48.018],[-69.207,47.989],[-69.276,48.037],[-69.269,48.084],[-69.359,48.019],[-69.444,47.989],[-69.549,47.878],[-69.551,47.844],[-69.648,47.732],[-69.707,47.7],[-69.779,47.62],[-69.856,47.581],[-69.898,47.53],[-69.939,47.527],[-70.034,47.469],[-70.057,47.431],[-70.053,47.376],[-70.112,47.332],[-70.193,47.309],[-70.234,47.249],[-70.317,47.161],[-70.454,47.064],[-70.475,47.028],[-70.548,46.989],[-70.618,46.984],[-70.783,46.907],[-70.771,46.855],[-70.704,46.806],[-70.679,46.835],[-70.628,46.802],[-70.579,46.836],[-70.324,46.658],[-70.296,46.677],[-70.163,46.582],[-70.19,46.564],[-70.133,46.525],[-70.019,46.592],[-69.997,46.696],[-69.734,46.959],[-69.391,47.298]]]]}},{"type":"Feature","properties":{"name":"Waterloo"},"geometry":{"type":"Polygon","coordinates":[[[-80.422,43.478],[-80.468,43.484],[-80.482,43.531],[-80.626,43.48],[-80.574,43.433],[-80.543,43.443],[-80.422,43.478]]]}},{"type":"Feature","properties":{"name":"Bécancour--Nicolet--Saurel"},"geometry":{"type":"Polygon","coordinates":[[[-72.038,46.558],[-72.106,46.561],[-72.207,46.507],[-72.235,46.43],[-72.332,46.397],[-72.447,46.376],[-72.56,46.295],[-72.668,46.241],[-72.668,46.194],[-72.802,46.139],[-72.873,46.131],[-72.941,46.085],[-73.017,46.062],[-73.141,46.047],[-73.181,45.981],[-73.165,45.969],[-73.204,45.875],[-73.124,45.818],[-73.059,45.889],[-72.935,45.872],[-72.898,45.908],[-72.854,45.878],[-72.753,45.943],[-72.805,45.981],[-72.734,46.032],[-72.657,46.006],[-72.588,46.016],[-72.565,46.062],[-72.518,46.098],[-72.482,46.04],[-72.354,46.059],[-72.305,46.033],[-72.163,46.123],[-72.186,46.195],[-72.177,46.221],[-72.119,46.261],[-72.082,46.25],[-72.015,46.305],[-71.945,46.293],[-71.892,46.327],[-71.975,46.387],[-71.881,46.451],[-72.038,46.558]]]}},{"type":"Feature","properties":{"name":"Desnethé--Missinippi--Churchill River"},"geometry":{"type":"Polygon","coordinates":[[[-102,60],[-102.75,60],[-103.25,60],[-104,60],[-105,60],[-105.5,60],[-106.5,60],[-107.25,60],[-108,60],[-108.75,60],[-109.5,60],[-110,60],[-110,59.307],[-110,58.976],[-110,58.507],[-110,57.943],[-110,57.381],[-110,56.403],[-110,55.873],[-110,55.331],[-110.006,54.748],[-110.006,54.239],[-110.006,53.802],[-109.599,53.802],[-108.683,53.802],[-108.683,53.715],[-108.512,53.715],[-108.512,53.628],[-108.157,53.628],[-108.23,53.536],[-108.208,53.492],[-108.217,53.439],[-107.775,53.439],[-107.76,53.366],[-107.76,53.234],[-107.735,53.191],[-106.94,53.192],[-106.869,53.177],[-106.867,53.105],[-106.724,53.104],[-106.711,53.192],[-106.442,53.191],[-106.443,53.366],[-106.152,53.365],[-105.986,53.356],[-105.987,53.409],[-105.961,53.452],[-105.765,53.453],[-105.765,53.627],[-105.101,53.627],[-105.101,53.511],[-104.659,53.511],[-104.069,53.511],[-104.069,53.431],[-104.008,53.396],[-103.937,53.469],[-103.869,53.473],[-103.747,53.533],[-103.674,53.546],[-103.678,53.612],[-103.568,53.637],[-103.433,53.641],[-103.39,53.687],[-103.211,53.728],[-103.157,53.72],[-103.037,53.775],[-103.036,53.366],[-103.025,53.298],[-102.968,53.231],[-102.915,53.193],[-103.027,53.192],[-103.023,52.93],[-102.396,52.929],[-102.306,53.052],[-102.256,53.075],[-102.143,53.205],[-102.098,53.298],[-102.074,53.434],[-102.087,53.522],[-102.125,53.586],[-102.102,53.621],[-101.988,53.629],[-101.838,53.71],[-101.771,53.711],[-101.771,54.064],[-101.81,54.064],[-101.81,54.414],[-101.847,54.414],[-101.847,54.763],[-101.885,54.763],[-101.885,55.112],[-101.924,55.112],[-101.924,55.46],[-101.964,55.46],[-101.964,55.809],[-102.004,55.809],[-102.008,56.5],[-102.007,57.083],[-102.005,57.178],[-102.006,58.314],[-102.007,59.001],[-102.007,59.752],[-102,60]]]}},{"type":"Feature","properties":{"name":"Alfred-Pellan"},"geometry":{"type":"Polygon","coordinates":[[[-73.668,45.578],[-73.636,45.631],[-73.579,45.661],[-73.533,45.695],[-73.554,45.7],[-73.603,45.688],[-73.613,45.692],[-73.685,45.685],[-73.693,45.682],[-73.726,45.679],[-73.752,45.66],[-73.717,45.593],[-73.668,45.578]]]}},{"type":"Feature","properties":{"name":"Chilliwack--Hope"},"geometry":{"type":"Polygon","coordinates":[[[-120.848,49],[-120.826,49.025],[-120.895,49.078],[-120.963,49.095],[-120.858,49.134],[-120.903,49.175],[-120.891,49.206],[-120.821,49.247],[-120.824,49.295],[-120.906,49.306],[-120.936,49.276],[-121.001,49.278],[-121.045,49.331],[-121.098,49.354],[-121.099,49.441],[-121.054,49.471],[-121.082,49.514],[-121.048,49.532],[-121.038,49.587],[-120.971,49.628],[-121.007,49.656],[-121.01,49.634],[-121.088,49.593],[-121.158,49.597],[-121.244,49.494],[-121.261,49.454],[-121.307,49.436],[-121.324,49.38],[-121.413,49.398],[-121.598,49.355],[-121.672,49.304],[-121.679,49.272],[-121.732,49.214],[-121.773,49.205],[-121.854,49.222],[-121.934,49.225],[-122.022,49.181],[-122.099,49.127],[-122.08,49.106],[-122.094,49.017],[-122.117,49.002],[-121.996,49],[-121.5,49],[-120.848,49]]]}},{"type":"Feature","properties":{"name":"Lac-Saint-Jean"},"geometry":{"type":"Polygon","coordinates":[[[-70.838,52.27],[-70.917,52.251],[-71.14,52.17],[-71.162,52.128],[-71.263,52.054],[-71.246,52.021],[-71.315,51.967],[-71.329,51.919],[-71.378,51.854],[-71.531,51.834],[-71.571,51.814],[-71.578,51.748],[-71.604,51.695],[-71.61,51.607],[-71.581,51.587],[-71.591,51.495],[-71.665,51.477],[-71.711,51.376],[-71.749,51.35],[-71.864,51.349],[-71.874,51.278],[-71.937,51.271],[-71.989,51.23],[-71.996,51.178],[-72.074,51.149],[-72.143,51.069],[-72.159,51.023],[-72.221,51.026],[-72.266,50.95],[-72.348,50.886],[-72.438,50.782],[-72.522,50.747],[-72.561,50.748],[-72.56,50.823],[-72.607,50.833],[-72.628,50.773],[-72.673,50.748],[-72.726,50.78],[-72.749,50.821],[-72.875,50.806],[-72.937,50.761],[-72.935,50.716],[-73.028,50.663],[-73.046,50.703],[-73.138,50.752],[-73.221,50.707],[-73.338,50.577],[-73.388,50.484],[-73.502,50.384],[-73.602,50.346],[-73.686,50.212],[-73.772,50.216],[-73.786,50.074],[-73.807,50.032],[-73.892,49.957],[-73.913,49.896],[-74.005,49.806],[-74.086,49.77],[-74.123,49.692],[-74.177,49.677],[-74.193,49.613],[-74.249,49.571],[-74.26,49.512],[-74.311,49.479],[-74.35,49.502],[-74.393,49.469],[-74.412,49.422],[-74.399,49.366],[-74.43,49.326],[-74.308,49.261],[-74.241,49.283],[-74.25,49.151],[-74.327,48.987],[-74.327,48.936],[-74.444,48.929],[-74.004,48.649],[-73.016,47.999],[-72.123,47.999],[-72.074,47.95],[-71.38,47.95],[-71.408,48],[-71.508,48.071],[-71.546,48.116],[-71.64,48.19],[-71.554,48.387],[-71.577,48.391],[-71.534,48.486],[-71.534,48.533],[-71.617,48.544],[-71.625,48.588],[-71.544,48.786],[-71.507,48.775],[-71.464,48.834],[-71.448,48.886],[-71.375,48.941],[-71.337,48.989],[-71.333,49.031],[-71.273,49.104],[-71.256,49.197],[-71.258,49.283],[-71.207,49.382],[-71.204,49.424],[-71.17,49.492],[-71.212,49.538],[-71.186,49.631],[-71.198,49.723],[-71.163,49.834],[-71.267,49.89],[-71.23,49.984],[-71.197,50.006],[-71.218,50.075],[-71.288,50.162],[-71.263,50.2],[-71.287,50.275],[-71.35,50.332],[-71.344,50.454],[-71.277,50.5],[-71.288,50.563],[-71.243,50.597],[-71.284,50.641],[-71.285,50.685],[-71.322,50.75],[-71.284,50.835],[-71.318,50.918],[-71.347,50.933],[-71.33,51.023],[-71.359,51.069],[-71.427,51.13],[-71.434,51.166],[-71.486,51.194],[-71.508,51.231],[-71.463,51.259],[-71.442,51.301],[-71.47,51.389],[-71.446,51.436],[-71.453,51.482],[-71.423,51.515],[-71.43,51.579],[-71.411,51.626],[-71.324,51.699],[-71.297,51.764],[-71.307,51.795],[-71.235,51.868],[-71.227,51.904],[-71.144,52.003],[-71.066,52.14],[-70.971,52.174],[-70.898,52.236],[-70.838,52.27]]]}},{"type":"Feature","properties":{"name":"Vancouver Quadra"},"geometry":{"type":"Polygon","coordinates":[[[-123.15,49.278],[-123.244,49.28],[-123.253,49.251],[-123.141,49.202],[-123.153,49.268],[-123.15,49.278]]]}},{"type":"Feature","properties":{"name":"Prince George--Peace River--Northern Rockies"},"geometry":{"type":"Polygon","coordinates":[[[-123.789,60],[-124.5,60],[-125.5,60],[-126.5,60],[-127,60],[-127.725,60],[-127.729,59.896],[-127.661,59.855],[-127.769,59.828],[-127.803,59.785],[-127.798,59.695],[-127.728,59.63],[-127.593,59.597],[-127.533,59.534],[-127.494,59.53],[-127.343,59.379],[-127.28,59.282],[-127.227,59.242],[-127.171,59.14],[-127.113,59.12],[-127.028,59.133],[-126.972,59.103],[-126.979,59.05],[-126.943,58.972],[-127.059,58.851],[-127.021,58.807],[-126.949,58.809],[-126.834,58.722],[-126.907,58.661],[-126.744,58.667],[-126.606,58.585],[-126.552,58.579],[-126.487,58.605],[-126.303,58.598],[-126.285,58.549],[-126.208,58.493],[-126.071,58.449],[-126.06,58.42],[-125.931,58.395],[-125.857,58.413],[-125.823,58.369],[-125.717,58.307],[-125.552,58.32],[-125.48,58.309],[-125.439,58.341],[-125.329,58.278],[-125.289,58.303],[-125.201,58.239],[-125.16,58.244],[-124.952,58.231],[-124.926,58.253],[-124.83,58.207],[-124.884,58.164],[-124.861,58.125],[-124.919,58.074],[-124.982,57.981],[-125.095,58.019],[-125.204,58.022],[-125.251,58.005],[-125.451,57.972],[-125.489,57.941],[-125.594,57.914],[-125.653,57.922],[-125.7,57.868],[-125.747,57.866],[-125.797,57.966],[-125.916,57.981],[-126.044,57.967],[-126.078,57.914],[-126.183,57.945],[-126.229,57.934],[-126.269,57.856],[-126.316,57.862],[-126.385,57.926],[-126.604,57.96],[-126.703,58.027],[-126.951,57.989],[-126.971,57.933],[-126.888,57.867],[-126.869,57.785],[-126.959,57.797],[-126.981,57.761],[-126.918,57.699],[-126.853,57.688],[-126.87,57.64],[-126.796,57.566],[-126.988,57.53],[-127.057,57.507],[-127.15,57.536],[-127.145,57.578],[-127.181,57.598],[-127.272,57.603],[-127.342,57.549],[-127.303,57.447],[-127.374,57.418],[-127.48,57.336],[-127.491,57.303],[-127.467,57.21],[-127.522,57.171],[-127.697,57.141],[-127.73,57.11],[-127.733,57.02],[-127.677,56.977],[-127.561,56.977],[-127.545,56.931],[-127.604,56.889],[-127.564,56.862],[-127.603,56.834],[-127.523,56.773],[-127.533,56.741],[-127.416,56.677],[-127.222,56.746],[-127.129,56.626],[-127.101,56.614],[-126.993,56.632],[-126.902,56.692],[-126.811,56.68],[-126.717,56.766],[-126.675,56.772],[-126.488,56.665],[-126.418,56.655],[-126.332,56.677],[-126.231,56.647],[-126.143,56.577],[-126.142,56.53],[-126.193,56.481],[-126.102,56.425],[-126.1,56.393],[-126.196,56.35],[-126.116,56.272],[-125.981,56.246],[-125.956,56.143],[-125.866,56.145],[-125.657,56.229],[-125.653,56.169],[-125.575,56.169],[-125.404,56.253],[-125.245,56.251],[-125.189,56.295],[-125.119,56.304],[-125.064,56.263],[-125.042,56.203],[-124.924,56.244],[-124.833,56.224],[-124.715,56.134],[-124.661,56.116],[-124.484,56.13],[-124.498,56.067],[-124.399,55.951],[-124.374,55.879],[-124.334,55.832],[-124.357,55.787],[-124.308,55.706],[-124.192,55.683],[-124.123,55.64],[-124.093,55.569],[-124.05,55.541],[-123.928,55.554],[-123.885,55.504],[-123.907,55.429],[-123.852,55.34],[-123.742,55.288],[-123.646,55.307],[-123.494,55.314],[-123.413,55.235],[-123.392,55.171],[-123.419,55.148],[-123.396,55.103],[-123.416,55.033],[-123.515,55.017],[-123.55,54.958],[-123.62,54.955],[-123.691,54.923],[-123.794,54.995],[-123.811,55.038],[-123.863,55.047],[-123.904,55.02],[-123.98,55.012],[-124.051,54.951],[-124.023,54.868],[-123.927,54.862],[-123.92,54.832],[-123.948,54.767],[-123.881,54.738],[-123.778,54.659],[-123.78,54.593],[-123.82,54.581],[-123.848,54.512],[-123.986,54.43],[-123.933,54.38],[-123.853,54.376],[-123.819,54.337],[-123.741,54.322],[-123.644,54.33],[-123.554,54.306],[-123.52,54.252],[-123.52,54.154],[-123.566,54.106],[-123.485,54.071],[-123.587,54.058],[-123.585,54.024],[-123.535,53.987],[-123.491,54.003],[-123.371,53.967],[-123.273,53.987],[-123.205,53.916],[-123.125,53.903],[-123.086,53.859],[-123.002,53.876],[-122.963,53.9],[-122.934,53.967],[-122.877,53.978],[-122.782,53.924],[-122.736,53.807],[-122.708,53.775],[-122.727,53.674],[-122.671,53.645],[-122.666,53.595],[-122.397,53.591],[-122.357,53.524],[-122.183,53.525],[-122.163,53.457],[-121.814,53.457],[-121.571,53.453],[-121.555,53.439],[-121.288,53.446],[-121.228,53.385],[-121.073,53.393],[-120.998,53.383],[-121.018,53.33],[-120.787,53.257],[-120.715,53.265],[-120.627,53.214],[-120.467,53.149],[-120.417,53.1],[-120.425,53.068],[-120.488,53.055],[-120.434,52.973],[-120.377,52.965],[-120.338,52.927],[-120.227,52.918],[-120.17,52.925],[-120.143,52.877],[-120.061,52.824],[-120.025,52.758],[-119.768,52.66],[-119.677,52.696],[-119.616,52.689],[-119.578,52.648],[-119.531,52.632],[-119.193,52.637],[-119.056,52.633],[-119.034,52.595],[-118.928,52.569],[-118.886,52.474],[-118.924,52.463],[-118.948,52.391],[-118.926,52.354],[-118.868,52.344],[-118.788,52.305],[-118.882,52.264],[-118.847,52.207],[-118.803,52.177],[-118.716,52.161],[-118.64,52.17],[-118.582,52.193],[-118.564,52.258],[-118.502,52.282],[-118.493,52.312],[-118.395,52.335],[-118.354,52.366],[-118.29,52.339],[-118.226,52.38],[-118.255,52.45],[-118.236,52.49],[-118.333,52.58],[-118.354,52.634],[-118.29,52.678],[-118.343,52.709],[-118.343,52.739],[-118.422,52.776],[-118.4,52.824],[-118.444,52.852],[-118.448,52.885],[-118.544,52.908],[-118.614,52.884],[-118.613,52.936],[-118.66,52.964],[-118.655,53.035],[-118.759,53.066],[-118.732,53.119],[-118.787,53.159],[-118.916,53.212],[-118.947,53.239],[-119.024,53.232],[-118.999,53.193],[-119.047,53.145],[-119.12,53.162],[-119.146,53.191],[-119.233,53.182],[-119.34,53.287],[-119.356,53.34],[-119.406,53.368],[-119.669,53.368],[-119.725,53.389],[-119.791,53.479],[-119.899,53.519],[-119.862,53.549],[-119.911,53.601],[-119.854,53.608],[-119.749,53.593],[-119.713,53.615],[-119.797,53.708],[-119.908,53.711],[-119.888,53.779],[-119.942,53.776],[-120,53.806],[-120,54.269],[-120,54.587],[-120,55.119],[-120,55.778],[-120.001,56.249],[-120,56.771],[-120,57.25],[-120,57.514],[-120,58.149],[-120,58.734],[-120,60],[-121,60],[-121.75,60],[-122.5,60],[-123,60],[-123.789,60]]]}},{"type":"Feature","properties":{"name":"Calgary Heritage"},"geometry":{"type":"Polygon","coordinates":[[[-114.071,50.994],[-114.141,51.009],[-114.141,51.008],[-114.141,50.921],[-114.21,50.921],[-114.21,50.892],[-114.094,50.89],[-114.068,50.935],[-114.071,50.994]]]}},{"type":"Feature","properties":{"name":"Shefford"},"geometry":{"type":"Polygon","coordinates":[[[-72.146,45.428],[-72.149,45.509],[-72.299,45.589],[-72.314,45.597],[-72.344,45.598],[-72.402,45.528],[-72.406,45.449],[-72.455,45.451],[-72.449,45.494],[-72.586,45.498],[-72.607,45.538],[-72.691,45.524],[-72.773,45.525],[-72.817,45.473],[-72.861,45.478],[-72.925,45.452],[-72.958,45.475],[-73.073,45.476],[-73.12,45.403],[-73.16,45.378],[-73.088,45.356],[-73.045,45.386],[-72.995,45.338],[-72.882,45.265],[-72.851,45.299],[-72.784,45.3],[-72.762,45.341],[-72.622,45.333],[-72.588,45.307],[-72.463,45.307],[-72.463,45.375],[-72.249,45.375],[-72.238,45.45],[-72.146,45.428]]]}},{"type":"Feature","properties":{"name":"Elmwood--Transcona"},"geometry":{"type":"Polygon","coordinates":[[[-97.025,49.931],[-97.11,49.926],[-97.109,49.903],[-97.027,49.871],[-96.956,49.886],[-96.965,49.916],[-97.025,49.931]]]}},{"type":"Feature","properties":{"name":"La Pointe-de-l'Île"},"geometry":{"type":"Polygon","coordinates":[[[-73.509,45.576],[-73.487,45.639],[-73.509,45.699],[-73.547,45.592],[-73.509,45.576]]]}},{"type":"Feature","properties":{"name":"West Nova"},"geometry":{"type":"Polygon","coordinates":[[[-64.743,45.171],[-64.95,45.103],[-65.077,45.035],[-65.16,45.003],[-65.227,44.964],[-65.448,44.864],[-65.511,44.824],[-65.64,44.77],[-65.742,44.711],[-65.731,44.668],[-65.626,44.713],[-65.62,44.658],[-65.7,44.615],[-65.759,44.604],[-65.757,44.661],[-65.785,44.691],[-65.914,44.616],[-65.952,44.608],[-66.119,44.49],[-66.129,44.444],[-65.983,44.557],[-65.937,44.579],[-65.862,44.588],[-65.879,44.533],[-66.02,44.446],[-66.064,44.386],[-66.109,44.354],[-66.155,44.197],[-66.179,44.18],[-66.214,44.098],[-66.178,44.073],[-66.153,43.991],[-66.167,43.911],[-66.139,43.794],[-66.028,43.73],[-65.963,43.737],[-65.958,43.801],[-65.915,43.813],[-65.888,43.767],[-65.842,43.767],[-65.814,43.688],[-65.764,43.672],[-65.78,43.596],[-65.724,43.601],[-65.611,43.64],[-65.649,43.747],[-65.569,43.922],[-65.557,43.921],[-65.398,44.229],[-65.332,44.312],[-65.18,44.422],[-65.152,44.461],[-65.062,44.455],[-64.983,44.51],[-64.529,44.841],[-64.619,44.905],[-64.648,44.972],[-64.636,45.023],[-64.688,45.065],[-64.712,45.145],[-64.743,45.171]]]}},{"type":"Feature","properties":{"name":"Bellechasse--Les Etchemins--Lévis"},"geometry":{"type":"Polygon","coordinates":[[[-70.783,46.907],[-70.841,46.884],[-70.925,46.875],[-70.987,46.835],[-71.163,46.832],[-71.204,46.778],[-71.278,46.743],[-71.153,46.742],[-71.124,46.719],[-71.119,46.63],[-71.049,46.621],[-71.042,46.59],[-70.923,46.578],[-70.837,46.513],[-70.814,46.528],[-70.744,46.494],[-70.662,46.425],[-70.512,46.32],[-70.514,46.282],[-70.468,46.275],[-70.372,46.213],[-70.287,46.237],[-70.268,46.221],[-70.209,46.329],[-70.148,46.359],[-70.089,46.411],[-70.057,46.415],[-70.046,46.464],[-70.133,46.524],[-70.133,46.525],[-70.19,46.564],[-70.163,46.582],[-70.296,46.677],[-70.324,46.658],[-70.579,46.836],[-70.628,46.802],[-70.679,46.835],[-70.704,46.806],[-70.771,46.855],[-70.783,46.907]]]}},{"type":"Feature","properties":{"name":"Mission--Matsqui--Fraser Canyon"},"geometry":{"type":"Polygon","coordinates":[[[-122.53,51.209],[-122.59,51.177],[-122.602,51.143],[-122.579,51.103],[-122.626,51.08],[-122.675,51.099],[-122.743,51.159],[-122.823,51.145],[-122.905,51.184],[-123.033,51.201],[-123.05,51.15],[-123.147,51.123],[-123.182,51.072],[-123.235,51.058],[-123.243,51],[-123.452,50.981],[-123.662,50.88],[-123.758,50.883],[-123.73,50.843],[-123.72,50.801],[-123.563,50.798],[-123.503,50.78],[-123.439,50.797],[-123.321,50.731],[-123.236,50.723],[-123.164,50.635],[-123.081,50.594],[-123.019,50.601],[-122.957,50.549],[-122.928,50.601],[-122.861,50.619],[-122.833,50.646],[-122.729,50.656],[-122.629,50.653],[-122.61,50.6],[-122.504,50.567],[-122.467,50.591],[-122.419,50.553],[-122.338,50.521],[-122.287,50.475],[-122.304,50.431],[-122.397,50.411],[-122.485,50.443],[-122.525,50.415],[-122.439,50.335],[-122.366,50.312],[-122.374,50.262],[-122.353,50.231],[-122.275,50.224],[-122.316,50.187],[-122.258,50.123],[-122.638,50.123],[-122.734,50.151],[-122.788,50.131],[-122.802,50.055],[-122.765,50.023],[-122.679,50.023],[-122.68,49.981],[-122.768,49.933],[-122.747,49.891],[-122.608,49.861],[-122.639,49.775],[-122.485,49.778],[-122.432,49.734],[-122.475,49.695],[-122.446,49.636],[-122.297,49.663],[-122.293,49.611],[-122.237,49.587],[-122.103,49.609],[-122.072,49.581],[-122.08,49.542],[-122.131,49.513],[-122.146,49.456],[-122.218,49.459],[-122.283,49.416],[-122.301,49.356],[-122.41,49.353],[-122.424,49.264],[-122.426,49.169],[-122.426,49.076],[-122.381,49.058],[-122.293,49.059],[-122.25,49.082],[-122.169,49.071],[-122.099,49.127],[-122.022,49.181],[-121.934,49.225],[-121.854,49.222],[-121.773,49.205],[-121.732,49.214],[-121.679,49.272],[-121.672,49.304],[-121.598,49.355],[-121.413,49.398],[-121.324,49.38],[-121.307,49.436],[-121.261,49.454],[-121.244,49.494],[-121.158,49.597],[-121.088,49.593],[-121.01,49.634],[-121.007,49.656],[-121.019,49.637],[-121.156,49.617],[-121.171,49.648],[-121.126,49.68],[-121.186,49.727],[-121.212,49.779],[-121.18,49.822],[-121.124,49.826],[-121.164,49.881],[-121.22,49.894],[-121.286,49.872],[-121.324,49.899],[-121.269,49.962],[-121.291,50.011],[-121.328,50.038],[-121.309,50.067],[-121.321,50.127],[-121.22,50.189],[-121.146,50.2],[-121.14,50.227],[-120.97,50.228],[-120.966,50.273],[-120.914,50.314],[-120.89,50.363],[-120.958,50.388],[-121.073,50.389],[-121.071,50.432],[-121.141,50.433],[-121.138,50.535],[-121.235,50.534],[-121.209,50.578],[-121.096,50.579],[-121.017,50.549],[-121.009,50.576],[-121.065,50.601],[-121.011,50.678],[-120.91,50.662],[-120.911,50.744],[-121.05,50.838],[-121.049,50.925],[-121.626,50.925],[-121.627,50.996],[-121.915,50.997],[-121.914,50.987],[-122.165,50.99],[-122.197,51.018],[-122.306,51.044],[-122.376,51.107],[-122.465,51.114],[-122.471,51.157],[-122.53,51.209]]]}},{"type":"Feature","properties":{"name":"York South--Weston"},"geometry":{"type":"Polygon","coordinates":[[[-79.465,43.692],[-79.473,43.725],[-79.508,43.718],[-79.538,43.713],[-79.526,43.702],[-79.512,43.663],[-79.46,43.667],[-79.465,43.692]]]}},{"type":"Feature","properties":{"name":"Berthier--Maskinongé"},"geometry":{"type":"Polygon","coordinates":[[[-72.704,46.424],[-72.775,46.481],[-72.766,46.546],[-72.87,46.621],[-72.851,46.634],[-72.91,46.724],[-72.995,46.746],[-72.988,46.683],[-73.033,46.654],[-73.064,46.706],[-73.11,46.704],[-73.179,46.751],[-73.133,46.789],[-73.133,46.833],[-73.207,46.844],[-73.244,46.882],[-73.312,46.871],[-73.42,46.885],[-73.454,46.784],[-73.463,46.707],[-73.438,46.67],[-73.436,46.599],[-73.361,46.618],[-73.283,46.533],[-73.333,46.498],[-73.455,46.586],[-73.563,46.518],[-73.518,46.488],[-73.683,46.389],[-73.556,46.3],[-73.64,46.266],[-73.567,46.204],[-73.48,46.173],[-73.487,46.141],[-73.404,46.118],[-73.412,46.07],[-73.261,46.045],[-73.279,46.014],[-73.392,45.905],[-73.312,45.848],[-73.27,45.887],[-73.191,45.989],[-73.177,46.076],[-73.154,46.106],[-73.068,46.151],[-72.991,46.168],[-72.986,46.203],[-72.9,46.238],[-72.812,46.259],[-72.729,46.291],[-72.666,46.277],[-72.616,46.294],[-72.702,46.356],[-72.74,46.401],[-72.704,46.424]]]}},{"type":"Feature","properties":{"name":"Laval--Les Îles"},"geometry":{"type":"Polygon","coordinates":[[[-73.809,45.555],[-73.835,45.579],[-73.881,45.548],[-73.873,45.521],[-73.767,45.513],[-73.739,45.532],[-73.809,45.555]]]}},{"type":"Feature","properties":{"name":"Guelph"},"geometry":{"type":"Polygon","coordinates":[[[-80.246,43.579],[-80.327,43.534],[-80.26,43.512],[-80.227,43.478],[-80.153,43.501],[-80.246,43.579]]]}},{"type":"Feature","properties":{"name":"Foothills"},"geometry":{"type":"Polygon","coordinates":[[[-114.295,51.089],[-114.581,51.092],[-114.698,51.133],[-114.729,51.049],[-114.925,51.078],[-114.978,51.059],[-114.978,51.008],[-115.436,51.009],[-115.363,50.929],[-115.37,50.899],[-115.433,50.846],[-115.367,50.785],[-115.336,50.723],[-115.282,50.663],[-115.294,50.611],[-115.24,50.589],[-115.231,50.545],[-115.085,50.59],[-115.014,50.571],[-114.857,50.393],[-114.766,50.351],[-114.798,50.326],[-114.752,50.275],[-114.77,50.25],[-114.725,50.19],[-114.733,50.119],[-114.666,50.051],[-114.657,49.968],[-114.694,49.943],[-114.692,49.896],[-114.64,49.828],[-114.633,49.734],[-114.668,49.704],[-114.663,49.644],[-114.746,49.619],[-114.733,49.576],[-114.691,49.554],[-114.62,49.547],[-114.595,49.503],[-114.598,49.413],[-114.567,49.377],[-114.488,49.347],[-114.448,49.264],[-114.393,49.257],[-114.402,49.213],[-114.346,49.194],[-114.175,49.164],[-114.153,49.1],[-114.081,49.06],[-114.068,48.999],[-113.661,48.998],[-113.731,49.021],[-113.715,49.124],[-113.644,49.177],[-113.637,49.216],[-113.548,49.294],[-113.554,49.343],[-113.469,49.352],[-113.394,49.407],[-113.346,49.426],[-113.292,49.487],[-113.273,49.543],[-113.237,49.582],[-113.283,49.613],[-113.288,49.65],[-113.197,49.683],[-113.17,49.728],[-113.104,49.731],[-113.038,49.768],[-113.144,49.797],[-113.169,49.789],[-113.231,49.85],[-113.233,49.91],[-113.277,49.908],[-113.277,50.048],[-113.277,50.136],[-113.321,50.2],[-113.386,50.212],[-113.443,50.251],[-113.558,50.369],[-113.564,50.421],[-113.598,50.456],[-113.598,50.572],[-113.49,50.572],[-113.49,50.799],[-113.699,50.804],[-113.806,50.824],[-113.86,50.855],[-113.973,50.855],[-114.071,50.849],[-114.094,50.89],[-114.21,50.892],[-114.21,50.921],[-114.141,50.921],[-114.141,51.008],[-114.234,51.009],[-114.234,51.082],[-114.295,51.089]]]}},{"type":"Feature","properties":{"name":"Kitchener Centre"},"geometry":{"type":"Polygon","coordinates":[[[-80.392,43.45],[-80.422,43.478],[-80.543,43.443],[-80.514,43.419],[-80.392,43.45]]]}},{"type":"Feature","properties":{"name":"Oakville North--Burlington"},"geometry":{"type":"Polygon","coordinates":[[[-79.697,43.508],[-79.727,43.527],[-79.773,43.485],[-79.833,43.384],[-79.788,43.367],[-79.757,43.395],[-79.775,43.408],[-79.695,43.481],[-79.697,43.508]]]}},{"type":"Feature","properties":{"name":"Banff--Airdrie"},"geometry":{"type":"Polygon","coordinates":[[[-114.843,51.707],[-114.905,51.682],[-114.961,51.691],[-114.993,51.621],[-115.574,51.619],[-115.669,51.694],[-115.743,51.711],[-115.769,51.738],[-115.837,51.762],[-115.923,51.754],[-115.948,51.807],[-116.022,51.894],[-116.08,51.913],[-116.197,51.834],[-116.277,51.825],[-116.325,51.787],[-116.41,51.834],[-116.509,51.815],[-116.606,51.883],[-116.604,51.969],[-116.645,51.983],[-116.72,52.062],[-116.757,52.054],[-116.823,52.104],[-116.971,52.149],[-116.963,52.176],[-117.073,52.222],[-117.135,52.223],[-117.197,52.181],[-117.285,52.163],[-117.317,52.194],[-117.299,52.094],[-117.197,51.98],[-117.103,51.957],[-117.019,51.891],[-117.034,51.86],[-116.964,51.795],[-116.976,51.76],[-116.921,51.71],[-116.81,51.705],[-116.819,51.736],[-116.744,51.807],[-116.682,51.812],[-116.643,51.787],[-116.65,51.754],[-116.581,51.697],[-116.595,51.662],[-116.471,51.605],[-116.453,51.561],[-116.391,51.546],[-116.394,51.506],[-116.361,51.471],[-116.292,51.462],[-116.282,51.407],[-116.311,51.385],[-116.268,51.312],[-116.112,51.253],[-116.008,51.222],[-116.037,51.17],[-116.004,51.125],[-115.924,51.083],[-115.868,51.089],[-115.789,51.072],[-115.767,51.039],[-115.649,50.998],[-115.593,50.893],[-115.649,50.874],[-115.643,50.842],[-115.578,50.841],[-115.551,50.797],[-115.436,50.756],[-115.391,50.706],[-115.336,50.723],[-115.367,50.785],[-115.433,50.846],[-115.37,50.899],[-115.363,50.929],[-115.436,51.009],[-114.978,51.008],[-114.978,51.059],[-114.925,51.078],[-114.729,51.049],[-114.698,51.133],[-114.581,51.092],[-114.295,51.089],[-114.281,51.101],[-114.258,51.154],[-114.211,51.198],[-114.095,51.212],[-114.071,51.212],[-114.002,51.184],[-113.912,51.183],[-113.912,51.154],[-113.772,51.154],[-113.772,51.242],[-113.826,51.3],[-113.826,51.459],[-113.896,51.46],[-113.896,51.489],[-114.072,51.489],[-114.189,51.475],[-114.189,51.446],[-114.704,51.446],[-114.71,51.649],[-114.782,51.649],[-114.781,51.708],[-114.843,51.707]]]}},{"type":"Feature","properties":{"name":"Hamilton Mountain"},"geometry":{"type":"Polygon","coordinates":[[[-79.816,43.229],[-79.879,43.245],[-79.912,43.207],[-79.82,43.2],[-79.816,43.229]]]}},{"type":"Feature","properties":{"name":"Parkdale--High Park"},"geometry":{"type":"Polygon","coordinates":[[[-79.428,43.642],[-79.46,43.667],[-79.512,43.663],[-79.506,43.663],[-79.471,43.632],[-79.427,43.63],[-79.428,43.642]]]}},{"type":"Feature","properties":{"name":"Wellington--Halton Hills"},"geometry":{"type":"Polygon","coordinates":[[[-79.889,43.675],[-80.14,43.862],[-80.251,43.761],[-80.388,43.858],[-80.47,43.784],[-80.449,43.769],[-80.558,43.69],[-80.383,43.564],[-80.374,43.533],[-80.306,43.472],[-80.283,43.421],[-80.27,43.387],[-80.205,43.398],[-80.079,43.418],[-80.034,43.471],[-80.16,43.561],[-80.086,43.629],[-79.939,43.525],[-79.895,43.564],[-79.859,43.545],[-79.81,43.589],[-79.79,43.602],[-79.825,43.627],[-79.889,43.675]],[[-80.246,43.579],[-80.153,43.501],[-80.227,43.478],[-80.26,43.512],[-80.327,43.534],[-80.246,43.579]]]}},{"type":"Feature","properties":{"name":"Souris--Moose Mountain"},"geometry":{"type":"Polygon","coordinates":[[[-101.477,50.485],[-101.565,50.491],[-101.633,50.52],[-101.706,50.515],[-101.787,50.477],[-101.826,50.53],[-101.935,50.518],[-102.018,50.553],[-102.069,50.555],[-102.245,50.5],[-102.363,50.539],[-102.506,50.532],[-102.619,50.567],[-102.727,50.636],[-102.796,50.651],[-102.917,50.641],[-103.034,50.585],[-103.118,50.531],[-103.244,50.529],[-103.244,50.397],[-103.552,50.396],[-104.48,50.397],[-104.481,50.222],[-104.463,50.222],[-104.463,49.872],[-104.445,49.785],[-105.123,49.785],[-105.665,49.785],[-105.665,49.523],[-105.638,49.47],[-105.429,49.438],[-105.369,49.389],[-105.369,49.348],[-105.504,49.348],[-105.503,49.261],[-105.638,49.261],[-105.638,49.179],[-105.612,49.173],[-105.612,49],[-105.087,48.999],[-104.575,48.999],[-103.741,48.999],[-103.32,48.999],[-102.723,48.999],[-102.006,48.999],[-101.362,48.999],[-101.362,49.178],[-101.391,49.178],[-101.393,49.533],[-101.418,49.533],[-101.418,49.887],[-101.447,49.894],[-101.447,50.064],[-101.447,50.241],[-101.477,50.241],[-101.477,50.485]]]}},{"type":"Feature","properties":{"name":"Nunavut"},"geometry":{"type":"MultiPolygon","coordinates":[[[[-106.671,73.677],[-106.835,73.566],[-107.012,73.488],[-106.678,73.447],[-106.414,73.397],[-106.258,73.326],[-106.079,73.285],[-106.041,73.184],[-105.893,73.164],[-105.892,73.132],[-105.791,73.107],[-105.742,73.056],[-105.597,72.997],[-105.416,72.943],[-105.433,72.926],[-105.27,72.875],[-105.185,72.915],[-105.137,72.975],[-104.974,73.008],[-104.909,73.106],[-104.671,73.225],[-104.556,73.309],[-104.491,73.417],[-104.524,73.459],[-104.447,73.549],[-104.51,73.597],[-104.649,73.635],[-104.743,73.636],[-104.836,73.675],[-105.024,73.715],[-105.085,73.752],[-105.308,73.77],[-105.512,73.77],[-105.7,73.737],[-106.286,73.733],[-106.487,73.719],[-106.671,73.677]]],[[[-67.604,70.181],[-67.759,70.228],[-67.792,70.258],[-68.045,70.308],[-68.164,70.288],[-68.328,70.231],[-68.321,70.141],[-68.221,70.111],[-68.342,70.069],[-68.448,70.072],[-68.667,69.958],[-68.899,69.957],[-69.09,69.932],[-69.225,69.877],[-69.321,69.816],[-69.479,69.781],[-69.585,69.81],[-69.731,69.811],[-69.821,69.765],[-69.883,69.785],[-69.756,69.842],[-69.574,69.839],[-69.455,69.818],[-69.394,69.838],[-69.26,69.93],[-69.123,69.982],[-68.88,70.02],[-68.761,70.072],[-68.777,70.104],[-68.643,70.158],[-68.681,70.209],[-68.831,70.214],[-69.104,70.174],[-69.188,70.196],[-69.455,70.174],[-69.653,70.144],[-69.78,70.089],[-69.813,69.995],[-69.921,70.083],[-69.843,70.148],[-69.644,70.206],[-69.397,70.26],[-68.917,70.298],[-68.712,70.327],[-68.654,70.349],[-68.683,70.423],[-68.515,70.381],[-68.295,70.511],[-68.352,70.578],[-69.003,70.701],[-69.083,70.668],[-69.121,70.631],[-69.204,70.589],[-69.252,70.575],[-69.317,70.568],[-69.431,70.538],[-69.472,70.515],[-69.542,70.519],[-69.673,70.494],[-69.747,70.449],[-69.86,70.439],[-70.176,70.467],[-69.98,70.483],[-69.774,70.475],[-69.722,70.515],[-69.561,70.523],[-69.498,70.518],[-69.386,70.555],[-69.301,70.573],[-69.249,70.578],[-69.192,70.596],[-69.125,70.631],[-69.097,70.667],[-69.009,70.706],[-69.124,70.723],[-69.211,70.782],[-69.408,70.771],[-69.498,70.781],[-69.644,70.749],[-69.683,70.686],[-69.78,70.718],[-69.943,70.661],[-70.106,70.622],[-70.393,70.616],[-70.339,70.544],[-70.402,70.537],[-70.487,70.605],[-70.423,70.642],[-70.293,70.64],[-70.185,70.658],[-69.993,70.723],[-69.79,70.832],[-69.769,70.862],[-69.89,70.881],[-70.234,70.795],[-70.352,70.787],[-70.597,70.729],[-70.842,70.645],[-71.009,70.63],[-71.1,70.466],[-71.194,70.359],[-71.255,70.23],[-71.297,70.214],[-71.34,70.134],[-71.452,70.135],[-71.305,70.24],[-71.269,70.288],[-71.322,70.304],[-71.235,70.419],[-71.174,70.545],[-71.464,70.587],[-71.52,70.53],[-71.655,70.48],[-71.736,70.498],[-71.583,70.559],[-71.61,70.615],[-71.461,70.619],[-71.198,70.59],[-71.139,70.614],[-71.119,70.663],[-70.891,70.713],[-70.754,70.767],[-70.712,70.843],[-70.655,70.854],[-70.518,70.933],[-70.564,70.968],[-70.605,71.056],[-70.781,71.121],[-70.997,71.053],[-71.213,71.008],[-71.286,70.906],[-71.391,70.878],[-71.564,70.874],[-71.944,70.792],[-72.211,70.768],[-72.318,70.677],[-72.387,70.686],[-72.34,70.745],[-72.184,70.834],[-72.348,70.883],[-72.27,70.966],[-72.171,70.969],[-72.085,71.085],[-71.879,71.115],[-71.522,71.063],[-71.327,71.184],[-71.146,71.251],[-71.301,71.379],[-71.434,71.42],[-71.548,71.493],[-71.824,71.541],[-71.928,71.57],[-72.148,71.585],[-72.44,71.63],[-72.557,71.66],[-72.67,71.533],[-72.851,71.507],[-72.754,71.438],[-72.806,71.417],[-72.978,71.412],[-72.936,71.331],[-72.994,71.239],[-73.193,71.216],[-73.235,71.238],[-73.043,71.263],[-73.047,71.289],[-73.251,71.322],[-73.321,71.348],[-73.516,71.295],[-73.649,71.166],[-73.673,71.255],[-73.495,71.341],[-73.504,71.371],[-73.385,71.386],[-73.422,71.44],[-73.516,71.427],[-73.648,71.446],[-73.608,71.52],[-73.562,71.545],[-73.664,71.595],[-73.746,71.591],[-73.85,71.538],[-73.906,71.48],[-73.879,71.451],[-73.963,71.418],[-73.974,71.324],[-74.045,71.332],[-74.038,71.444],[-73.878,71.619],[-73.801,71.66],[-73.611,71.722],[-73.635,71.771],[-73.741,71.777],[-73.953,71.764],[-74.093,71.735],[-74.296,71.725],[-74.33,71.685],[-74.533,71.649],[-74.545,71.594],[-74.74,71.531],[-74.702,71.422],[-74.833,71.451],[-74.798,71.499],[-74.86,71.544],[-74.708,71.587],[-74.614,71.659],[-74.666,71.694],[-74.786,71.679],[-74.865,71.627],[-75.124,71.581],[-75.188,71.594],[-74.947,71.648],[-74.812,71.737],[-74.713,71.735],[-74.655,71.771],[-74.228,71.83],[-74.168,71.872],[-74.202,71.919],[-74.117,71.963],[-74.247,72.078],[-74.616,72.092],[-75.003,72.127],[-75.082,72.113],[-75.205,72.017],[-75.501,71.994],[-75.505,72.02],[-75.29,72.037],[-75.211,72.075],[-75.488,72.126],[-75.755,72.11],[-76.018,72.049],[-76.056,72.07],[-75.913,72.105],[-75.687,72.142],[-75.483,72.15],[-75.271,72.116],[-75.032,72.187],[-74.926,72.244],[-75.047,72.326],[-75.185,72.468],[-75.186,72.5],[-75.403,72.527],[-75.544,72.558],[-75.8,72.59],[-76.126,72.593],[-76.651,72.641],[-76.636,72.679],[-76.756,72.728],[-76.963,72.751],[-77.558,72.763],[-77.789,72.708],[-77.96,72.703],[-78.177,72.655],[-78.412,72.591],[-78.546,72.511],[-78.551,72.438],[-78.417,72.387],[-78.175,72.335],[-77.933,72.304],[-78.023,72.284],[-78.154,72.291],[-78.419,72.335],[-78.454,72.244],[-78.526,72.234],[-78.526,72.353],[-78.599,72.366],[-78.821,72.32],[-78.747,72.282],[-78.877,72.237],[-78.839,72.207],[-78.395,72.107],[-78.313,72.002],[-78.261,71.98],[-78.083,71.96],[-77.845,71.842],[-77.958,71.848],[-78.014,71.909],[-78.127,71.946],[-78.374,71.968],[-78.469,72.092],[-78.521,72.114],[-78.754,72.155],[-78.883,72.145],[-78.864,72.083],[-78.929,72.023],[-78.842,71.983],[-78.594,71.936],[-78.683,71.919],[-79.067,71.974],[-79.128,72.005],[-79.007,72.091],[-78.998,72.153],[-78.947,72.199],[-79.02,72.291],[-79.085,72.335],[-79.293,72.402],[-79.472,72.311],[-79.7,72.248],[-79.577,72.346],[-79.756,72.42],[-79.682,72.469],[-79.791,72.506],[-79.865,72.482],[-79.873,72.421],[-80.061,72.385],[-80.167,72.329],[-79.832,72.148],[-80.025,72.195],[-80.119,72.27],[-80.213,72.306],[-80.284,72.269],[-80.244,72.22],[-80.294,72.182],[-80.486,72.182],[-80.32,72.081],[-80.388,72.041],[-80.822,71.981],[-80.818,72.046],[-81.074,72.045],[-80.96,72.092],[-80.748,72.107],[-80.609,72.067],[-80.553,72.097],[-80.861,72.177],[-80.804,72.272],[-80.669,72.345],[-80.502,72.381],[-80.467,72.458],[-80.556,72.517],[-80.745,72.451],[-80.974,72.44],[-80.726,72.534],[-80.566,72.575],[-80.537,72.632],[-80.356,72.703],[-80.224,72.732],[-80.306,72.805],[-80.497,72.832],[-80.538,72.892],[-80.637,72.929],[-80.644,73],[-80.508,73.089],[-80.603,73.162],[-80.976,73.219],[-81.18,73.258],[-81.204,73.283],[-81.146,73.387],[-81.195,73.445],[-81.202,73.523],[-81.282,73.592],[-81.421,73.64],[-81.447,73.687],[-81.6,73.731],[-81.714,73.724],[-81.995,73.735],[-82.309,73.722],[-82.712,73.726],[-82.88,73.708],[-83.058,73.654],[-83.188,73.665],[-83.265,73.642],[-83.642,73.593],[-83.698,73.572],[-84.008,73.511],[-83.73,73.467],[-83.614,73.408],[-84.161,73.482],[-84.624,73.407],[-84.573,73.328],[-84.676,73.316],[-84.771,73.39],[-84.985,73.352],[-85.13,73.31],[-85.173,73.226],[-84.932,73.188],[-84.711,73.133],[-84.458,73.117],[-84.207,73.072],[-84.239,73.052],[-84.533,73.066],[-84.826,73.089],[-85.043,73.141],[-85.164,73.149],[-85.236,73.063],[-85.426,73.136],[-85.527,73.026],[-85.148,73.012],[-84.926,72.979],[-84.812,72.933],[-84.57,72.901],[-84.704,72.877],[-84.93,72.898],[-85.103,72.946],[-85.359,72.979],[-85.563,72.972],[-85.7,72.904],[-85.643,72.883],[-85.677,72.821],[-85.686,72.639],[-85.651,72.605],[-85.51,72.586],[-85.605,72.557],[-85.515,72.46],[-85.315,72.406],[-85.034,72.399],[-84.84,72.45],[-84.874,72.372],[-84.786,72.36],[-84.941,72.287],[-84.778,72.257],[-84.657,72.183],[-84.841,72.194],[-84.961,72.249],[-85.311,72.266],[-85.472,72.207],[-85.385,72.154],[-85.553,72.065],[-85.756,72.049],[-85.782,72.013],[-85.943,72.025],[-85.977,71.986],[-85.811,71.964],[-85.554,71.903],[-85.429,71.81],[-85.556,71.8],[-85.237,71.671],[-84.977,71.655],[-84.866,71.636],[-84.822,71.683],[-84.624,71.676],[-84.632,71.586],[-84.539,71.548],[-84.519,71.464],[-84.565,71.44],[-84.702,71.439],[-84.794,71.345],[-84.774,71.264],[-84.684,71.218],[-84.787,71.199],[-84.811,71.061],[-84.733,70.996],[-84.795,70.928],[-84.967,70.944],[-84.91,71.01],[-84.98,71.044],[-84.985,71.114],[-84.859,71.082],[-84.85,71.169],[-84.924,71.192],[-85.099,71.188],[-85.115,71.157],[-85.314,71.174],[-85.511,71.153],[-85.737,71.148],[-85.892,71.1],[-86.079,71.061],[-86.181,71.023],[-86.53,70.979],[-86.723,70.98],[-86.782,71.011],[-86.397,71.039],[-86.234,71.06],[-86.199,71.105],[-86.062,71.124],[-85.941,71.186],[-85.748,71.193],[-85.496,71.176],[-85.397,71.259],[-85.28,71.248],[-85.096,71.295],[-84.835,71.272],[-84.854,71.342],[-84.92,71.351],[-84.915,71.422],[-85.048,71.446],[-85.203,71.452],[-85.257,71.48],[-85.387,71.49],[-85.674,71.603],[-85.71,71.638],[-85.826,71.674],[-86.008,71.77],[-86.114,71.791],[-86.218,71.883],[-86.354,71.968],[-86.419,72.058],[-86.419,72.18],[-86.457,72.206],[-86.408,72.3],[-86.25,72.387],[-86.259,72.445],[-86.374,72.52],[-86.537,72.58],[-86.704,72.663],[-86.731,72.71],[-86.7,72.836],[-86.627,72.891],[-86.44,72.973],[-86.284,73.077],[-86.292,73.108],[-86.127,73.257],[-85.874,73.385],[-85.58,73.49],[-85.033,73.648],[-84.937,73.668],[-84.858,73.734],[-84.99,73.793],[-85.103,73.812],[-85.349,73.824],[-85.55,73.821],[-85.748,73.84],[-86.136,73.856],[-86.637,73.85],[-87.078,73.797],[-87.219,73.792],[-87.59,73.737],[-88.019,73.648],[-88.264,73.578],[-88.553,73.46],[-88.649,73.434],[-88.854,73.338],[-88.811,73.311],[-88.957,73.295],[-89.028,73.234],[-89.134,73.19],[-89.247,73.102],[-89.34,72.959],[-89.307,72.878],[-89.41,72.832],[-89.33,72.771],[-89.541,72.778],[-89.568,72.697],[-89.476,72.68],[-89.596,72.622],[-89.733,72.619],[-89.783,72.558],[-89.769,72.486],[-89.893,72.448],[-89.833,72.399],[-89.961,72.342],[-89.948,72.255],[-89.887,72.194],[-89.795,72.173],[-89.638,72.188],[-89.607,72.143],[-89.812,72.116],[-90.005,72.067],[-89.958,72.029],[-90.025,71.956],[-90.098,71.917],[-90.02,71.903],[-89.944,71.831],[-89.811,71.767],[-89.858,71.688],[-89.999,71.637],[-90.006,71.597],[-89.94,71.512],[-89.991,71.459],[-89.871,71.392],[-89.869,71.349],[-89.637,71.309],[-89.573,71.311],[-89.248,71.286],[-89.132,71.293],[-88.599,71.243],[-88.152,71.228],[-88.003,71.256],[-87.844,71.269],[-87.858,71.194],[-87.761,71.141],[-87.327,71.049],[-87.279,71.025],[-87.358,70.952],[-87.831,70.949],[-88.053,70.936],[-88.289,70.951],[-88.351,71.006],[-88.472,71.034],[-88.741,71.047],[-89.188,71.032],[-89.228,71.072],[-89.429,71.091],[-89.451,71.055],[-89.341,71.008],[-89.224,70.989],[-89.19,70.946],[-89.421,70.913],[-89.338,70.807],[-88.985,70.664],[-89.003,70.631],[-88.854,70.527],[-88.676,70.464],[-88.369,70.428],[-88.139,70.394],[-87.984,70.341],[-88.239,70.334],[-87.914,70.267],[-87.861,70.243],[-87.751,70.248],[-87.51,70.331],[-86.983,70.286],[-86.973,70.365],[-87.137,70.399],[-87.09,70.449],[-86.984,70.429],[-86.89,70.38],[-86.902,70.343],[-86.829,70.327],[-86.658,70.333],[-86.675,70.375],[-86.619,70.418],[-86.523,70.411],[-86.582,70.363],[-86.533,70.298],[-86.563,70.241],[-86.475,70.216],[-86.302,70.129],[-86.108,70.076],[-85.972,70.061],[-85.844,70.013],[-85.717,70],[-85.537,70.017],[-85.28,69.988],[-85.368,70.041],[-85.644,70.084],[-85.347,70.11],[-85.24,70.091],[-85.085,70.088],[-84.941,70.067],[-84.85,70.079],[-84.812,70.033],[-84.652,70.006],[-84.432,70.008],[-84.307,69.988],[-84,69.986],[-83.935,69.971],[-83.647,69.959],[-83.348,69.986],[-83.311,70.007],[-83.071,70.019],[-82.784,69.929],[-82.73,69.938],[-82.642,69.887],[-82.504,69.868],[-82.298,69.868],[-82.3,69.822],[-82.206,69.799],[-82.139,69.815],[-82.091,69.862],[-81.85,69.861],[-81.726,69.951],[-81.928,69.983],[-82.092,70.068],[-81.957,70.068],[-81.906,70.031],[-81.775,69.983],[-81.601,69.97],[-81.54,69.929],[-81.454,69.932],[-81.403,69.891],[-81.246,69.838],[-81.155,69.828],[-81.1,69.783],[-80.9,69.725],[-80.752,69.764],[-80.782,69.798],[-80.961,69.881],[-81.122,69.936],[-81.169,69.992],[-81.303,70.039],[-81.393,70.012],[-81.505,70.056],[-81.707,70.081],[-81.754,70.136],[-81.418,70.1],[-81.098,70.092],[-80.96,70.064],[-80.843,70.08],[-80.657,70.047],[-80.556,70.054],[-80.435,70.009],[-80.326,69.988],[-80.219,70.022],[-79.913,69.995],[-79.811,69.949],[-79.78,69.897],[-79.677,69.861],[-79.585,69.864],[-79.405,69.899],[-79.047,69.888],[-78.801,69.897],[-78.655,69.975],[-78.69,70.04],[-78.747,70.08],[-78.747,70.172],[-78.871,70.256],[-78.919,70.308],[-79.018,70.345],[-79.108,70.308],[-79.233,70.316],[-79.273,70.35],[-79.382,70.38],[-79.441,70.366],[-79.586,70.406],[-79.57,70.44],[-79.386,70.459],[-79.339,70.44],[-79.159,70.421],[-79.134,70.517],[-79.007,70.594],[-78.993,70.654],[-78.87,70.6],[-78.94,70.562],[-79.037,70.548],[-79.045,70.467],[-78.758,70.444],[-78.679,70.377],[-78.514,70.376],[-78.468,70.357],[-78.543,70.312],[-78.465,70.286],[-78.345,70.205],[-78.16,70.203],[-77.976,70.252],[-77.796,70.246],[-77.674,70.203],[-77.654,70.097],[-77.695,70],[-77.662,69.851],[-77.68,69.823],[-77.638,69.755],[-77.516,69.769],[-77.526,69.83],[-77.275,69.855],[-77.189,69.829],[-76.93,69.811],[-76.898,69.747],[-76.807,69.755],[-76.838,69.691],[-76.995,69.698],[-77.161,69.659],[-77.145,69.624],[-76.932,69.606],[-76.713,69.564],[-76.535,69.509],[-76.398,69.451],[-76.381,69.415],[-76.172,69.427],[-75.926,69.364],[-75.883,69.33],[-75.762,69.314],[-75.588,69.239],[-75.567,69.192],[-75.61,69.08],[-75.735,69.086],[-75.942,69.015],[-76.066,69.011],[-76.107,69.037],[-76.344,69.067],[-76.593,69.036],[-76.646,68.941],[-76.61,68.886],[-76.505,68.884],[-76.562,68.808],[-76.658,68.761],[-76.673,68.725],[-76.586,68.677],[-76.415,68.68],[-76.068,68.758],[-75.95,68.821],[-75.753,68.848],[-75.573,68.891],[-75.509,68.947],[-75.586,68.98],[-75.587,69.016],[-75.437,69.015],[-75.354,68.953],[-75.152,68.887],[-75.071,68.926],[-75.021,69.004],[-74.951,69.051],[-74.861,69.072],[-74.745,69.131],[-74.782,69.238],[-74.614,69.239],[-74.585,69.211],[-74.721,69.158],[-74.779,69.069],[-74.637,69.045],[-74.641,69.024],[-74.936,69.001],[-74.878,68.969],[-74.874,68.929],[-74.67,68.939],[-74.65,68.873],[-74.802,68.853],[-74.89,68.806],[-74.788,68.782],[-74.67,68.784],[-74.673,68.824],[-74.554,68.809],[-74.716,68.77],[-74.721,68.742],[-74.476,68.65],[-74.487,68.596],[-74.415,68.592],[-74.373,68.551],[-74.222,68.523],[-74.012,68.543],[-73.922,68.52],[-73.891,68.566],[-74.069,68.658],[-74.181,68.736],[-74.041,68.732],[-73.826,68.695],[-73.729,68.627],[-73.755,68.575],[-73.721,68.525],[-73.871,68.494],[-73.893,68.446],[-73.95,68.421],[-73.837,68.373],[-73.85,68.347],[-73.722,68.309],[-73.558,68.306],[-73.374,68.259],[-73.272,68.293],[-73.123,68.226],[-73.029,68.244],[-72.967,68.171],[-72.969,68.111],[-72.91,68.07],[-72.942,67.999],[-72.891,67.96],[-72.937,67.93],[-72.782,67.882],[-72.574,67.765],[-72.566,67.739],[-72.659,67.682],[-72.57,67.626],[-72.482,67.624],[-72.448,67.544],[-72.471,67.49],[-72.421,67.474],[-72.331,67.35],[-72.369,67.32],[-72.18,67.271],[-72.247,67.246],[-72.276,67.155],[-72.346,67.107],[-72.452,67.081],[-72.649,67.08],[-72.819,67.015],[-72.842,66.945],[-72.94,66.875],[-73.007,66.785],[-72.983,66.741],[-73.203,66.692],[-73.382,66.622],[-73.429,66.556],[-73.485,66.529],[-73.711,66.454],[-73.809,66.398],[-73.994,66.319],[-74.408,66.197],[-74.463,66.148],[-74.411,66.072],[-74.223,65.972],[-74.017,65.839],[-73.871,65.811],[-73.733,65.766],[-73.685,65.713],[-73.73,65.677],[-73.625,65.637],[-73.513,65.492],[-73.515,65.441],[-73.879,65.54],[-73.968,65.506],[-74.066,65.537],[-74.214,65.525],[-74.173,65.489],[-74.312,65.463],[-74.356,65.409],[-74.532,65.33],[-74.627,65.33],[-74.758,65.378],[-74.885,65.394],[-74.994,65.366],[-75.121,65.374],[-75.088,65.317],[-75.12,65.262],[-75.25,65.249],[-75.438,65.274],[-75.591,65.283],[-75.622,65.342],[-75.716,65.308],[-75.911,65.331],[-76.048,65.274],[-76.375,65.334],[-76.666,65.402],[-76.778,65.398],[-76.803,65.423],[-76.922,65.429],[-76.941,65.402],[-77.106,65.411],[-77.147,65.449],[-77.337,65.472],[-77.427,65.433],[-77.287,65.374],[-77.36,65.364],[-77.469,65.379],[-77.518,65.323],[-77.305,65.195],[-77.497,65.129],[-77.597,65.145],[-77.758,65.083],[-77.894,65.051],[-77.96,65.049],[-78.139,64.963],[-78.124,64.893],[-78.077,64.817],[-78.221,64.7],[-78.134,64.6],[-78.186,64.571],[-78.062,64.533],[-78.069,64.5],[-77.965,64.475],[-78.034,64.431],[-77.948,64.406],[-77.836,64.415],[-77.752,64.349],[-77.638,64.361],[-77.493,64.356],[-77.485,64.314],[-77.367,64.29],[-77.364,64.239],[-77.211,64.285],[-77.142,64.286],[-76.975,64.248],[-76.815,64.232],[-76.834,64.209],[-76.647,64.192],[-76.644,64.22],[-76.725,64.252],[-76.734,64.291],[-76.632,64.28],[-76.552,64.304],[-76.494,64.273],[-76.31,64.27],[-76.272,64.317],[-76.346,64.335],[-76.163,64.372],[-76.072,64.362],[-75.979,64.408],[-75.871,64.38],[-75.73,64.363],[-75.699,64.382],[-75.818,64.418],[-75.76,64.476],[-75.811,64.561],[-75.809,64.605],[-75.598,64.541],[-75.506,64.55],[-75.296,64.486],[-75.206,64.446],[-75.098,64.469],[-74.957,64.416],[-74.763,64.385],[-74.685,64.391],[-74.493,64.452],[-74.619,64.501],[-74.622,64.541],[-74.467,64.565],[-74.563,64.627],[-74.678,64.673],[-74.804,64.7],[-74.865,64.761],[-75.028,64.784],[-74.993,64.809],[-74.854,64.77],[-74.805,64.796],[-74.703,64.766],[-74.69,64.81],[-74.735,64.836],[-74.616,64.874],[-74.547,64.831],[-74.638,64.777],[-74.666,64.71],[-74.511,64.619],[-74.424,64.611],[-74.382,64.567],[-74.294,64.625],[-74.18,64.655],[-74.094,64.714],[-74.032,64.665],[-74.077,64.628],[-74.019,64.602],[-74.152,64.57],[-74.024,64.431],[-74.116,64.389],[-74.098,64.327],[-73.971,64.361],[-73.983,64.425],[-73.845,64.48],[-73.886,64.547],[-73.838,64.566],[-73.762,64.537],[-73.621,64.613],[-73.57,64.581],[-73.684,64.551],[-73.686,64.513],[-73.601,64.5],[-73.609,64.465],[-73.672,64.444],[-73.639,64.388],[-73.659,64.334],[-73.581,64.314],[-73.551,64.399],[-73.499,64.431],[-73.473,64.5],[-73.269,64.547],[-73.301,64.501],[-73.382,64.505],[-73.485,64.399],[-73.369,64.34],[-73.372,64.268],[-73.255,64.258],[-73.204,64.283],[-73.037,64.222],[-73.041,64.204],[-72.897,64.16],[-72.881,64.128],[-72.952,64.071],[-72.872,64.022],[-72.625,63.975],[-72.691,64.026],[-72.594,64.033],[-72.585,63.948],[-72.64,63.929],[-72.584,63.857],[-72.397,63.811],[-72.242,63.865],[-72.167,63.871],[-72.217,63.808],[-72.338,63.76],[-72.297,63.694],[-72.243,63.657],[-72.185,63.669],[-72.164,63.739],[-71.964,63.693],[-71.875,63.688],[-71.777,63.716],[-71.675,63.689],[-71.622,63.643],[-71.552,63.67],[-71.499,63.621],[-71.555,63.586],[-71.445,63.577],[-71.35,63.62],[-71.344,63.557],[-71.397,63.473],[-71.456,63.479],[-71.602,63.409],[-71.788,63.432],[-71.998,63.44],[-72.062,63.397],[-71.872,63.374],[-71.708,63.364],[-71.789,63.322],[-71.767,63.283],[-71.669,63.26],[-71.694,63.232],[-71.602,63.128],[-71.519,63.121],[-71.378,63.044],[-71.184,63.034],[-71.148,63.062],[-70.973,63.064],[-70.996,63.025],[-71.121,63.032],[-71.103,62.975],[-71.011,62.978],[-70.799,62.944],[-70.832,62.903],[-70.58,62.876],[-70.492,62.879],[-70.322,62.794],[-70.171,62.746],[-70.084,62.761],[-69.985,62.755],[-69.99,62.794],[-69.906,62.789],[-69.879,62.754],[-69.615,62.782],[-69.464,62.747],[-69.539,62.724],[-69.501,62.684],[-69.547,62.659],[-69.483,62.621],[-69.454,62.57],[-69.4,62.569],[-69.301,62.531],[-69.201,62.437],[-69.066,62.411],[-69.05,62.389],[-68.913,62.374],[-68.66,62.305],[-68.606,62.26],[-68.134,62.216],[-68.055,62.222],[-67.887,62.191],[-67.788,62.191],[-67.76,62.165],[-67.631,62.152],[-67.553,62.168],[-67.452,62.136],[-67.353,62.157],[-67.293,62.069],[-67.178,62.082],[-67.084,62.05],[-66.969,62.032],[-66.889,62.039],[-66.682,61.989],[-66.584,61.935],[-66.46,61.9],[-66.408,61.901],[-66.301,61.867],[-66.234,61.864],[-66.005,61.885],[-65.939,61.912],[-66.05,62.019],[-66.01,62.053],[-66.037,62.159],[-65.887,62.201],[-65.985,62.255],[-66.035,62.222],[-66.172,62.297],[-66.249,62.327],[-66.349,62.343],[-66.324,62.381],[-66.409,62.436],[-66.489,62.412],[-66.47,62.501],[-66.588,62.565],[-66.584,62.602],[-66.75,62.672],[-66.949,62.669],[-67.019,62.698],[-66.99,62.73],[-67.132,62.837],[-67.256,62.873],[-67.25,62.898],[-67.373,62.963],[-67.475,62.997],[-67.52,63.039],[-67.647,63.033],[-67.745,62.981],[-67.777,63.011],[-67.705,63.05],[-67.572,63.069],[-67.613,63.095],[-67.762,63.081],[-67.887,63.147],[-68.152,63.194],[-68.182,63.238],[-68.266,63.305],[-68.404,63.376],[-68.439,63.421],[-68.524,63.444],[-68.74,63.549],[-68.826,63.651],[-68.894,63.708],[-68.973,63.745],[-68.941,63.765],[-68.766,63.724],[-68.707,63.759],[-68.634,63.762],[-68.433,63.728],[-68.382,63.661],[-68.312,63.635],[-68.201,63.628],[-68.067,63.594],[-68.061,63.555],[-67.919,63.527],[-67.802,63.428],[-67.656,63.378],[-67.622,63.42],[-67.791,63.575],[-67.772,63.637],[-67.665,63.643],[-67.602,63.607],[-67.512,63.522],[-67.5,63.487],[-67.366,63.404],[-67.303,63.406],[-67.283,63.363],[-67.16,63.3],[-66.987,63.263],[-66.87,63.162],[-66.794,63.153],[-66.761,63.102],[-66.647,63.035],[-66.549,63.089],[-66.49,63.081],[-66.397,63.016],[-66.331,62.997],[-66.256,63.003],[-66.099,62.94],[-66.057,63],[-65.871,62.976],[-65.858,62.941],[-65.781,62.907],[-65.714,62.928],[-65.636,62.904],[-65.603,62.834],[-65.549,62.811],[-65.466,62.833],[-65.416,62.821],[-65.303,62.898],[-65.318,62.819],[-65.31,62.692],[-65.197,62.568],[-65.084,62.57],[-64.95,62.628],[-64.945,62.723],[-65.016,62.746],[-65.023,62.781],[-65.163,62.869],[-65.178,62.912],[-65.085,62.952],[-64.825,62.868],[-64.711,62.874],[-64.633,62.896],[-64.66,62.955],[-64.79,62.977],[-64.742,63.104],[-64.76,63.131],[-64.884,63.141],[-64.888,63.18],[-64.959,63.18],[-64.881,63.273],[-64.956,63.387],[-65.065,63.397],[-65.007,63.454],[-65.063,63.516],[-65.065,63.567],[-64.958,63.591],[-64.982,63.633],[-65.071,63.655],[-65.121,63.716],[-65.295,63.797],[-65.18,63.8],[-65.139,63.744],[-65.072,63.693],[-64.969,63.65],[-64.932,63.575],[-64.855,63.552],[-64.814,63.498],[-64.817,63.458],[-64.76,63.355],[-64.702,63.279],[-64.59,63.235],[-64.537,63.294],[-64.473,63.318],[-64.499,63.4],[-64.459,63.433],[-64.502,63.478],[-64.524,63.575],[-64.591,63.598],[-64.488,63.638],[-64.512,63.687],[-64.644,63.731],[-64.747,63.74],[-64.871,63.772],[-64.964,63.812],[-64.793,63.924],[-64.609,63.973],[-64.696,64.024],[-64.888,63.993],[-64.916,64.013],[-65.04,64.003],[-65.01,64.047],[-65.155,64.139],[-65.216,64.193],[-65.321,64.248],[-65.419,64.271],[-65.389,64.31],[-65.311,64.288],[-65.196,64.294],[-65.145,64.337],[-65.169,64.388],[-65.065,64.415],[-65.06,64.481],[-65.208,64.483],[-65.313,64.537],[-65.419,64.496],[-65.651,64.489],[-65.705,64.518],[-65.685,64.593],[-65.556,64.642],[-65.567,64.691],[-65.53,64.722],[-65.643,64.798],[-65.667,64.833],[-65.832,64.883],[-65.945,64.873],[-65.906,64.83],[-65.947,64.772],[-66.053,64.835],[-66.127,64.748],[-66.189,64.756],[-66.166,64.828],[-66.119,64.868],[-66.468,64.94],[-66.445,64.975],[-66.514,65.014],[-66.635,65.039],[-66.62,64.947],[-66.75,64.917],[-66.739,65.011],[-66.877,65.034],[-66.741,65.155],[-66.937,65.164],[-67.07,65.259],[-67.135,65.258],[-67.106,65.316],[-67.132,65.354],[-67.069,65.391],[-67.054,65.452],[-67.285,65.47],[-67.339,65.456],[-67.462,65.495],[-67.398,65.513],[-67.336,65.57],[-67.26,65.588],[-67.265,65.645],[-67.418,65.679],[-67.479,65.646],[-67.549,65.668],[-67.751,65.634],[-67.906,65.557],[-67.946,65.584],[-67.858,65.63],[-67.857,65.683],[-67.987,65.701],[-67.894,65.798],[-68.01,65.775],[-68.085,65.798],[-68.052,65.833],[-68.172,65.855],[-68.116,65.925],[-68.221,65.911],[-68.307,65.947],[-68.198,65.979],[-68.166,66.035],[-68.041,66.006],[-68.011,66.082],[-68.09,66.088],[-68.182,66.13],[-68.248,66.109],[-68.347,66.12],[-68.468,66.198],[-68.574,66.174],[-68.617,66.197],[-68.407,66.222],[-68.254,66.204],[-68.228,66.15],[-67.999,66.104],[-68.018,66.03],[-67.97,65.932],[-67.871,65.896],[-67.739,65.89],[-67.688,65.924],[-67.565,65.898],[-67.429,65.897],[-67.376,65.928],[-67.267,65.93],[-67.225,65.95],[-67.234,66.047],[-67.279,66.109],[-67.42,66.132],[-67.464,66.176],[-67.544,66.175],[-67.598,66.21],[-67.708,66.227],[-67.738,66.261],[-67.698,66.296],[-67.866,66.455],[-67.743,66.507],[-67.637,66.443],[-67.656,66.425],[-67.497,66.389],[-67.417,66.296],[-67.228,66.279],[-67.129,66.32],[-67.195,66.362],[-67.118,66.441],[-67.231,66.477],[-67.303,66.533],[-67.615,66.556],[-67.507,66.589],[-67.442,66.577],[-67.336,66.604],[-67.313,66.566],[-67.059,66.522],[-66.9,66.555],[-66.795,66.558],[-66.765,66.503],[-66.818,66.464],[-66.714,66.433],[-66.719,66.384],[-66.469,66.313],[-66.55,66.264],[-66.454,66.207],[-66.359,66.22],[-66.31,66.248],[-66.209,66.202],[-66.146,66.146],[-65.982,66.11],[-65.814,66.147],[-65.701,66.183],[-65.642,66.165],[-65.903,66.094],[-65.964,66.043],[-65.952,65.968],[-65.854,65.945],[-65.757,65.968],[-65.433,65.973],[-65.074,66.053],[-64.952,66.069],[-64.84,66.102],[-64.848,66.189],[-64.787,66.235],[-64.579,66.316],[-64.467,66.343],[-64.378,66.337],[-64.627,66.258],[-64.762,66.185],[-64.769,66.087],[-64.856,66.026],[-65.063,65.968],[-65.159,65.962],[-65.331,65.919],[-65.402,65.872],[-65.498,65.748],[-65.425,65.708],[-65.454,65.675],[-65.36,65.663],[-65.126,65.683],[-65.136,65.638],[-65.298,65.634],[-65.275,65.569],[-65.148,65.538],[-64.999,65.549],[-65.088,65.499],[-65.153,65.497],[-65.157,65.431],[-65.064,65.372],[-64.985,65.404],[-64.859,65.424],[-64.693,65.422],[-64.675,65.394],[-64.776,65.38],[-64.844,65.321],[-64.903,65.315],[-64.901,65.27],[-64.658,65.244],[-64.692,65.165],[-64.623,65.158],[-64.512,65.115],[-64.449,65.191],[-64.467,65.301],[-64.362,65.348],[-64.349,65.273],[-64.388,65.238],[-64.374,65.183],[-64.264,65.103],[-64.093,65.048],[-64.086,65.113],[-63.9,65.093],[-63.847,64.984],[-63.651,64.937],[-63.607,64.893],[-63.534,64.891],[-63.55,64.97],[-63.487,65.016],[-63.411,65.022],[-63.391,65.056],[-63.452,65.098],[-63.424,65.137],[-63.462,65.177],[-63.391,65.198],[-63.355,65.239],[-63.376,65.31],[-63.479,65.351],[-63.476,65.396],[-63.345,65.441],[-63.474,65.519],[-63.365,65.529],[-63.371,65.625],[-63.506,65.628],[-63.591,65.669],[-63.387,65.688],[-63.403,65.759],[-63.522,65.876],[-63.406,65.851],[-63.305,65.709],[-63.227,65.658],[-63.043,65.626],[-62.961,65.577],[-62.89,65.638],[-62.821,65.604],[-62.661,65.618],[-62.608,65.653],[-62.664,65.698],[-62.76,65.704],[-62.747,65.748],[-62.573,65.711],[-62.584,65.763],[-62.514,65.781],[-62.288,65.798],[-62.369,65.847],[-62.362,65.895],[-62.415,65.966],[-62.492,65.969],[-62.499,66.019],[-62.377,65.995],[-62.322,65.967],[-62.179,66.005],[-62.059,65.995],[-62.002,66.019],[-62.049,66.086],[-62.157,66.095],[-62.179,66.14],[-62.435,66.171],[-62.494,66.219],[-62.619,66.213],[-62.316,66.298],[-62.457,66.364],[-62.475,66.421],[-62.337,66.404],[-62.212,66.41],[-62.22,66.356],[-62.176,66.308],[-62.078,66.326],[-61.895,66.278],[-61.752,66.327],[-61.667,66.318],[-61.602,66.343],[-61.468,66.356],[-61.565,66.416],[-61.696,66.404],[-61.56,66.482],[-61.641,66.511],[-61.794,66.612],[-61.98,66.637],[-61.981,66.662],[-61.712,66.629],[-61.648,66.597],[-61.605,66.545],[-61.531,66.527],[-61.283,66.595],[-61.289,66.676],[-61.468,66.748],[-61.451,66.771],[-61.609,66.843],[-61.622,66.87],[-61.778,66.875],[-61.726,66.93],[-61.905,66.971],[-62.04,66.946],[-62.048,66.996],[-62.006,67.052],[-62.165,67.05],[-62.283,67.026],[-62.257,66.946],[-62.409,66.923],[-62.461,66.83],[-62.577,66.953],[-62.764,66.933],[-62.737,66.867],[-62.761,66.822],[-62.73,66.775],[-62.834,66.778],[-62.813,66.824],[-62.872,66.964],[-62.976,66.943],[-63.12,66.948],[-63.225,66.892],[-63.346,66.88],[-63.312,66.823],[-63.39,66.806],[-63.408,66.887],[-63.484,66.926],[-63.226,66.966],[-63.223,67.015],[-63.271,67.093],[-63.247,67.132],[-63.01,67.167],[-62.954,67.227],[-62.973,67.278],[-63.076,67.33],[-63.289,67.303],[-63.411,67.192],[-63.446,67.228],[-63.573,67.24],[-63.892,67.21],[-63.98,67.178],[-64.164,67.185],[-64.268,67.157],[-64.57,67.121],[-64.616,67.099],[-64.637,67.031],[-64.706,67.023],[-64.686,67.105],[-64.572,67.152],[-64.353,67.176],[-64.175,67.214],[-63.988,67.222],[-63.953,67.269],[-64.062,67.276],[-64.207,67.264],[-64.349,67.228],[-64.599,67.233],[-64.596,67.254],[-64.377,67.253],[-64.343,67.299],[-64.478,67.306],[-64.606,67.339],[-64.23,67.325],[-64.032,67.311],[-63.946,67.344],[-63.951,67.409],[-64.024,67.458],[-64.126,67.489],[-64.08,67.607],[-64.205,67.604],[-64.246,67.629],[-64.204,67.672],[-64.29,67.723],[-64.52,67.812],[-64.629,67.827],[-64.753,67.82],[-64.842,67.783],[-64.943,67.784],[-65.026,67.734],[-65.167,67.691],[-65.189,67.722],[-65.013,67.788],[-65.058,67.839],[-64.946,67.921],[-64.858,67.929],[-64.725,67.982],[-64.941,68.042],[-65.094,68.041],[-65.189,67.953],[-65.426,67.917],[-65.45,67.977],[-65.645,68.001],[-65.724,67.976],[-65.777,67.861],[-65.925,67.827],[-65.962,67.672],[-66.04,67.656],[-65.995,67.743],[-65.998,67.819],[-65.925,67.872],[-66.026,67.963],[-66.179,67.976],[-66.395,67.908],[-66.348,67.966],[-66.229,68.031],[-66.311,68.123],[-66.527,68.149],[-66.674,68.125],[-66.754,68.127],[-66.97,68.026],[-66.976,68.065],[-66.841,68.117],[-66.827,68.192],[-66.765,68.237],[-67.125,68.285],[-67.29,68.224],[-67.332,68.245],[-67.235,68.292],[-67.072,68.334],[-67.267,68.368],[-67.411,68.361],[-67.552,68.303],[-67.59,68.323],[-67.739,68.327],[-67.769,68.347],[-67.518,68.37],[-67.402,68.397],[-67.207,68.397],[-67.026,68.361],[-66.954,68.378],[-66.924,68.424],[-66.815,68.411],[-66.734,68.452],[-66.85,68.464],[-67.009,68.448],[-67.178,68.413],[-67.249,68.433],[-67.344,68.505],[-67.414,68.484],[-67.539,68.515],[-67.675,68.571],[-67.741,68.543],[-68.134,68.537],[-68.136,68.578],[-68.415,68.598],[-68.506,68.625],[-68.635,68.638],[-68.738,68.603],[-68.805,68.642],[-68.624,68.661],[-68.384,68.634],[-68.214,68.662],[-68.102,68.636],[-68.068,68.685],[-68.386,68.735],[-68.67,68.74],[-68.755,68.766],[-68.883,68.773],[-69.269,68.833],[-69.274,68.878],[-69.035,68.84],[-68.928,68.811],[-68.75,68.815],[-68.651,68.791],[-68.512,68.797],[-68.436,68.848],[-68.356,68.833],[-68.108,68.812],[-67.899,68.781],[-67.869,68.811],[-68.104,68.837],[-67.99,68.86],[-68.061,68.947],[-68.193,68.952],[-68.342,68.992],[-68.344,69.018],[-68.127,68.981],[-68.001,69.001],[-67.77,69.012],[-67.758,69.038],[-68.012,69.098],[-68.215,69.154],[-68.434,69.182],[-68.693,69.117],[-68.728,69.144],[-68.55,69.195],[-68.576,69.239],[-68.144,69.205],[-68.089,69.228],[-68.183,69.272],[-68.432,69.271],[-68.418,69.299],[-68.203,69.318],[-67.875,69.227],[-67.647,69.175],[-67.488,69.171],[-67.347,69.196],[-67.225,69.174],[-67.153,69.198],[-67.008,69.188],[-66.773,69.143],[-66.68,69.189],[-66.662,69.242],[-66.764,69.33],[-66.855,69.368],[-67.03,69.407],[-67.2,69.462],[-67.771,69.49],[-67.855,69.467],[-67.999,69.467],[-68.335,69.531],[-68.547,69.584],[-68.736,69.596],[-68.941,69.566],[-69.023,69.54],[-69.23,69.509],[-69.328,69.507],[-69.681,69.553],[-69.544,69.561],[-69.343,69.533],[-69.229,69.54],[-69.135,69.567],[-68.691,69.652],[-68.49,69.629],[-68.358,69.628],[-68.234,69.682],[-68.197,69.719],[-68.07,69.772],[-67.789,69.782],[-67.405,69.72],[-67.208,69.719],[-67.127,69.738],[-67.171,69.783],[-67.248,69.97],[-67.348,69.992],[-67.374,70.056],[-67.604,70.181]]],[[[-78.698,52.452],[-78.792,52.441],[-78.762,52.404],[-78.698,52.452]]],[[[-79.342,52.098],[-79.482,52.053],[-79.549,52.013],[-79.644,52.005],[-79.653,51.953],[-79.625,51.906],[-79.584,51.922],[-79.463,51.933],[-79.378,51.925],[-79.323,51.959],[-79.324,52.021],[-79.249,52.059],[-79.342,52.098]]],[[[-79.998,53.389],[-80.083,53.364],[-80.093,53.319],[-80.055,53.232],[-80.016,53.225],[-79.943,53.256],[-79.959,53.32],[-79.903,53.357],[-79.998,53.389]]],[[[-81.105,53.184],[-81.174,53.184],[-81.312,53.212],[-81.433,53.194],[-81.5,53.211],[-81.625,53.2],[-81.793,53.168],[-81.829,53.174],[-81.912,53.144],[-81.983,53.092],[-82.051,53.022],[-82.043,53.001],[-81.947,52.961],[-81.77,52.928],[-81.55,52.869],[-81.298,52.838],[-81.054,52.748],[-80.969,52.741],[-80.77,52.697],[-80.715,52.667],[-80.669,52.735],[-80.669,52.775],[-80.728,52.841],[-80.757,52.923],[-80.825,53.001],[-80.94,53.075],[-80.959,53.107],[-81.084,53.16],[-81.105,53.184]]],[[[-79.861,53.174],[-79.927,53.122],[-79.908,53.068],[-79.798,53.086],[-79.811,53.169],[-79.861,53.174]]],[[[-77.209,55.657],[-77.335,55.585],[-77.303,55.577],[-77.209,55.657]]],[[[-79.046,54.938],[-79.437,54.884],[-79.48,54.869],[-79.66,54.842],[-79.628,54.813],[-79.328,54.854],[-79.244,54.892],[-79.205,54.887],[-79.062,54.912],[-79.046,54.938]]],[[[-76.637,56.717],[-76.633,56.654],[-76.659,56.589],[-76.624,56.585],[-76.637,56.717]]],[[[-76.705,57.199],[-76.74,57.176],[-76.71,57.136],[-76.692,57.065],[-76.646,57.067],[-76.705,57.199]]],[[[-79.748,57.612],[-79.835,57.535],[-79.74,57.509],[-79.71,57.551],[-79.748,57.612]]],[[[-76.837,57.431],[-76.761,57.282],[-76.731,57.304],[-76.765,57.393],[-76.837,57.431]]],[[[-79.869,56.874],[-79.969,56.833],[-79.959,56.77],[-79.865,56.79],[-79.834,56.828],[-79.869,56.874]]],[[[-79.818,56.958],[-79.847,56.928],[-79.815,56.827],[-79.74,56.816],[-79.772,56.914],[-79.818,56.958]]],[[[-76.754,56.181],[-76.771,56.105],[-76.707,56.131],[-76.754,56.181]]],[[[-79.254,56.627],[-79.284,56.574],[-79.329,56.372],[-79.393,56.226],[-79.427,56.196],[-79.537,56.195],[-79.479,56.308],[-79.424,56.442],[-79.458,56.447],[-79.503,56.322],[-79.543,56.261],[-79.607,56.215],[-79.693,56.175],[-79.761,56.124],[-79.862,56.01],[-80.012,55.924],[-80.021,55.901],[-79.935,55.878],[-79.913,55.837],[-79.861,55.828],[-79.802,55.898],[-79.705,55.973],[-79.569,56.105],[-79.518,56.132],[-79.463,56.102],[-79.568,56.002],[-79.689,55.868],[-79.596,55.886],[-79.544,55.857],[-79.462,55.876],[-79.342,55.986],[-79.292,56.05],[-79.237,56.153],[-79.16,56.233],[-79.097,56.208],[-79.054,56.346],[-78.983,56.358],[-78.928,56.312],[-78.923,56.427],[-79.037,56.423],[-79.116,56.473],[-79.122,56.531],[-79.263,56.554],[-79.254,56.627]]],[[[-79.481,56.444],[-79.532,56.428],[-79.629,56.269],[-79.559,56.289],[-79.481,56.444]]],[[[-78.68,56.438],[-78.768,56.414],[-78.828,56.355],[-78.811,56.265],[-78.893,56.194],[-78.932,56.114],[-78.885,56.107],[-78.806,56.137],[-78.776,56.168],[-78.701,56.173],[-78.659,56.212],[-78.649,56.269],[-78.652,56.412],[-78.68,56.438]]],[[[-79.541,56.539],[-79.624,56.394],[-79.725,56.35],[-79.864,56.375],[-79.856,56.328],[-79.893,56.314],[-80.03,56.315],[-80.055,56.241],[-80.109,56.201],[-80.048,56.171],[-79.721,56.286],[-79.616,56.359],[-79.526,56.513],[-79.541,56.539]]],[[[-79.591,56.795],[-79.557,56.707],[-79.594,56.654],[-79.506,56.645],[-79.486,56.684],[-79.517,56.778],[-79.591,56.795]]],[[[-80.042,59.871],[-80.142,59.822],[-80.101,59.762],[-80.026,59.779],[-79.936,59.835],[-79.949,59.862],[-80.042,59.871]]],[[[-80.216,59.738],[-80.256,59.718],[-80.233,59.678],[-80.154,59.721],[-80.216,59.738]]],[[[-67.608,58.39],[-67.597,58.348],[-67.672,58.328],[-67.655,58.294],[-67.582,58.295],[-67.513,58.324],[-67.608,58.39]]],[[[-64.431,60.378],[-64.552,60.432],[-64.58,60.465],[-64.659,60.491],[-64.728,60.479],[-64.793,60.492],[-64.863,60.447],[-64.764,60.378],[-64.62,60.349],[-64.517,60.311],[-64.534,60.341],[-64.431,60.378]]],[[[-78.254,60.825],[-78.376,60.818],[-78.45,60.796],[-78.602,60.776],[-78.662,60.707],[-78.595,60.709],[-78.489,60.737],[-78.392,60.745],[-78.28,60.787],[-78.254,60.825]]],[[[-69.947,61.039],[-70.024,60.998],[-69.942,60.968],[-69.947,61.039]]],[[[-67.99,60.575],[-68.118,60.596],[-68.235,60.584],[-68.327,60.435],[-68.383,60.376],[-68.436,60.262],[-68.414,60.212],[-68.327,60.199],[-68.188,60.236],[-68.065,60.295],[-67.959,60.301],[-67.955,60.336],[-67.886,60.38],[-67.827,60.455],[-67.839,60.49],[-67.9,60.507],[-67.99,60.575]]],[[[-65.707,61.836],[-65.77,61.823],[-65.746,61.771],[-65.662,61.746],[-65.707,61.836]]],[[[-65.853,61.832],[-65.939,61.791],[-65.88,61.767],[-65.764,61.759],[-65.853,61.832]]],[[[-64.703,61.658],[-64.925,61.667],[-65.013,61.695],[-65.234,61.682],[-65.396,61.66],[-65.465,61.632],[-65.45,61.577],[-65.266,61.506],[-65.183,61.498],[-65.163,61.47],[-65.031,61.401],[-64.933,61.392],[-64.968,61.351],[-64.829,61.332],[-64.765,61.366],[-64.767,61.414],[-64.704,61.42],[-64.711,61.459],[-64.652,61.509],[-64.703,61.538],[-64.622,61.592],[-64.766,61.614],[-64.703,61.658]]],[[[-89.943,74.062],[-90.166,74.059],[-90.216,74.012],[-89.963,73.998],[-89.89,74.045],[-89.943,74.062]]],[[[-104.212,75.445],[-104.504,75.413],[-104.742,75.289],[-104.692,75.277],[-104.82,75.177],[-104.915,75.128],[-104.597,75.056],[-104.229,75.03],[-103.855,75.062],[-103.591,75.169],[-103.664,75.217],[-103.757,75.234],[-103.742,75.299],[-103.96,75.408],[-104.212,75.445]]],[[[-97.428,74.632],[-97.6,74.55],[-97.785,74.499],[-97.661,74.464],[-97.368,74.515],[-97.272,74.608],[-97.428,74.632]]],[[[-95.608,74.652],[-95.68,74.648],[-95.835,74.593],[-95.788,74.562],[-95.483,74.503],[-95.235,74.509],[-95.338,74.597],[-95.499,74.647],[-95.608,74.652]]],[[[-94.895,75.639],[-95.099,75.613],[-95.346,75.563],[-95.601,75.554],[-95.796,75.505],[-95.817,75.45],[-95.945,75.442],[-95.966,75.375],[-96.1,75.293],[-96.069,75.241],[-96.241,75.247],[-96.376,75.216],[-96.59,75.081],[-96.625,74.995],[-96.51,75.016],[-96.374,75.006],[-96.391,74.934],[-96.314,74.908],[-96.132,74.934],[-95.965,74.866],[-95.821,74.827],[-95.672,74.828],[-95.463,74.803],[-95.27,74.807],[-95.059,74.754],[-95.079,74.683],[-94.929,74.672],[-94.847,74.694],[-94.72,74.645],[-94.538,74.628],[-94.243,74.655],[-94.199,74.636],[-93.948,74.649],[-93.724,74.643],[-93.486,74.676],[-93.413,74.79],[-93.39,74.882],[-93.417,74.973],[-93.522,75.045],[-93.47,75.139],[-93.577,75.204],[-93.498,75.276],[-93.618,75.308],[-93.645,75.358],[-93.89,75.418],[-94.014,75.477],[-94.31,75.59],[-94.502,75.619],[-94.895,75.639]]],[[[-96.295,75.652],[-96.405,75.641],[-96.366,75.588],[-96.891,75.53],[-97.015,75.503],[-97.014,75.46],[-96.842,75.357],[-96.681,75.42],[-96.546,75.434],[-96.418,75.528],[-96.122,75.462],[-96.006,75.511],[-95.91,75.577],[-96.295,75.652]]],[[[-100.306,75.63],[-100.603,75.61],[-100.978,75.57],[-100.88,75.548],[-100.294,75.595],[-100.306,75.63]]],[[[-96.47,75.787],[-96.62,75.798],[-96.691,75.748],[-96.519,75.749],[-96.47,75.787]]],[[[-78.882,76.106],[-79.1,76.118],[-79.153,76.064],[-79.285,76.017],[-79.556,75.944],[-79.548,75.856],[-79.58,75.823],[-79.212,75.87],[-78.872,75.846],[-78.934,75.882],[-79.12,75.917],[-79.152,75.973],[-78.854,76.046],[-78.799,76.089],[-78.882,76.106]]],[[[-94.473,75.979],[-94.718,75.952],[-94.871,75.92],[-94.799,75.89],[-94.814,75.799],[-94.658,75.75],[-94.299,75.759],[-94.276,75.789],[-94.397,75.87],[-94.473,75.979]]],[[[-103.839,75.884],[-103.835,75.857],[-103.588,75.839],[-103.367,75.861],[-103.421,75.891],[-103.839,75.884]]],[[[-102.137,76.001],[-102.543,75.966],[-103.071,75.902],[-103.137,75.846],[-103.285,75.815],[-103.385,75.77],[-103.227,75.748],[-102.872,75.751],[-102.814,75.78],[-102.554,75.781],[-102.436,75.876],[-102.031,75.93],[-101.969,75.955],[-102.137,76.001]]],[[[-102.455,76.098],[-102.824,76.076],[-103.123,76.044],[-103.547,75.981],[-103.896,75.952],[-103.89,75.909],[-103.526,75.9],[-103.219,75.924],[-102.616,75.991],[-102.341,76.014],[-102.284,76.064],[-102.455,76.098]]],[[[-99.703,80.15],[-100.003,80.086],[-100.093,80.035],[-100.154,79.894],[-100.023,79.877],[-99.606,79.899],[-99.279,79.84],[-99.348,79.764],[-98.959,79.728],[-98.83,79.67],[-98.628,79.791],[-98.667,79.854],[-98.76,79.883],[-98.709,79.968],[-98.922,80.05],[-98.858,80.085],[-99.005,80.122],[-99.441,80.107],[-99.703,80.15]]],[[[-95.425,80.701],[-95.955,80.693],[-96.058,80.665],[-95.671,80.658],[-95.195,80.61],[-94.949,80.626],[-95.085,80.697],[-95.425,80.701]]],[[[-91.775,81.604],[-91.904,81.587],[-91.795,81.547],[-91.615,81.541],[-91.492,81.583],[-91.775,81.604]]],[[[-74.542,78.775],[-74.708,78.736],[-74.601,78.702],[-74.279,78.676],[-74.131,78.716],[-74.542,78.775]]],[[[-85.776,79.074],[-86.139,79.017],[-86.28,79.017],[-86.312,78.965],[-86.483,78.897],[-86.295,78.892],[-85.728,78.938],[-85.282,78.984],[-85.162,79.03],[-85.323,79.06],[-85.776,79.074]]],[[[-74.062,83.137],[-74.487,83.118],[-74.647,83.088],[-74.031,83.064],[-73.817,83.096],[-74.062,83.137]]],[[[-94.82,76.117],[-95.066,76.107],[-95.089,76.072],[-94.896,76.052],[-94.82,76.117]]],[[[-103.085,76.318],[-103.487,76.276],[-103.711,76.268],[-104.047,76.233],[-104.253,76.227],[-104.475,76.159],[-104.365,76.095],[-104.12,76.07],[-103.7,76.05],[-103.369,76.043],[-102.824,76.093],[-102.586,76.146],[-102.51,76.226],[-102.725,76.321],[-103.085,76.318]]],[[[-77.608,77.857],[-77.857,77.848],[-77.983,77.821],[-77.833,77.772],[-77.671,77.788],[-77.608,77.857]]],[[[-109.831,77.937],[-109.664,77.967],[-109.565,78.08],[-109.831,78.111],[-109.831,77.937]]],[[[-102.972,78.274],[-103.042,78.264],[-103.302,78.171],[-103.242,78.127],[-103.07,78.125],[-102.945,78.176],[-102.782,78.207],[-102.795,78.253],[-102.972,78.274]]],[[[-94.563,78.285],[-94.686,78.253],[-94.524,78.186],[-94.283,78.186],[-94.436,78.261],[-94.563,78.285]]],[[[-90.883,77.661],[-90.952,77.635],[-91.195,77.608],[-91.227,77.588],[-91.185,77.443],[-91.215,77.407],[-91.018,77.318],[-90.708,77.275],[-90.372,77.202],[-90.144,77.197],[-89.9,77.23],[-89.634,77.332],[-89.722,77.356],[-89.739,77.468],[-90.22,77.612],[-90.398,77.634],[-90.537,77.628],[-90.883,77.661]]],[[[-85.157,77.586],[-85.349,77.586],[-85.496,77.549],[-85.278,77.533],[-85.137,77.498],[-85.116,77.453],[-84.806,77.503],[-84.925,77.525],[-84.982,77.576],[-85.157,77.586]]],[[[-102.071,77.906],[-102.411,77.887],[-102.483,77.869],[-102.523,77.799],[-102.385,77.755],[-102.078,77.688],[-101.74,77.69],[-101.49,77.73],[-101.104,77.718],[-100.896,77.747],[-100.945,77.774],[-101.253,77.855],[-101.75,77.91],[-101.832,77.896],[-102.071,77.906]]],[[[-95.449,77.806],[-95.561,77.786],[-96.047,77.742],[-96.264,77.691],[-96.285,77.598],[-96.068,77.5],[-95.844,77.467],[-95.438,77.479],[-95.248,77.461],[-94.853,77.49],[-94.635,77.474],[-94.423,77.481],[-94.134,77.449],[-93.843,77.457],[-93.56,77.445],[-93.472,77.473],[-93.494,77.553],[-93.41,77.573],[-93.321,77.647],[-93.088,77.665],[-93.233,77.733],[-93.658,77.781],[-93.995,77.743],[-94.035,77.766],[-94.324,77.756],[-94.714,77.794],[-94.98,77.789],[-95.088,77.758],[-95.42,77.744],[-95.449,77.806]]],[[[-104.145,77.169],[-104.392,77.133],[-104.4,77.09],[-104.199,77.081],[-103.961,77.143],[-104.145,77.169]]],[[[-91.007,77.257],[-91.281,77.231],[-91.235,77.182],[-91.015,77.139],[-90.811,77.146],[-90.71,77.185],[-90.809,77.237],[-91.007,77.257]]],[[[-95.528,77.251],[-95.538,77.21],[-95.337,77.166],[-95.19,77.203],[-95.384,77.246],[-95.528,77.251]]],[[[-105.955,77.768],[-106.112,77.73],[-105.907,77.665],[-105.835,77.623],[-105.871,77.552],[-105.697,77.522],[-105.767,77.474],[-105.553,77.381],[-105.565,77.329],[-105.267,77.212],[-105.132,77.179],[-104.931,77.16],[-104.85,77.12],[-104.735,77.115],[-104.608,77.149],[-104.391,77.162],[-104.347,77.237],[-104.459,77.322],[-104.713,77.381],[-104.805,77.421],[-105.017,77.407],[-105.041,77.468],[-104.958,77.498],[-105.001,77.536],[-105.209,77.634],[-105.4,77.694],[-105.708,77.757],[-105.955,77.768]]],[[[-109.831,74.876],[-109.588,74.861],[-109.488,74.872],[-109.303,74.959],[-109.149,74.968],[-108.94,75.004],[-108.897,75.055],[-108.787,75.076],[-108.575,75.05],[-108.483,74.983],[-108.51,74.942],[-108.403,74.922],[-108.12,74.932],[-107.931,74.957],[-107.898,75.004],[-107.717,75.037],[-107.661,74.977],[-107.481,74.946],[-107.184,74.913],[-106.775,74.962],[-106.685,75.006],[-106.519,75.001],[-106.232,75.021],[-105.985,75.058],[-106.082,75.103],[-106.014,75.139],[-105.864,75.147],[-105.878,75.234],[-105.85,75.283],[-105.719,75.307],[-105.622,75.368],[-105.687,75.413],[-105.591,75.439],[-105.605,75.476],[-105.712,75.492],[-105.613,75.538],[-105.455,75.562],[-105.382,75.631],[-105.362,75.715],[-105.429,75.802],[-105.418,75.85],[-105.545,75.929],[-105.651,75.963],[-105.938,76.02],[-106.333,76.063],[-106.541,76.071],[-106.652,76.041],[-106.89,75.94],[-106.843,75.891],[-106.867,75.835],[-106.773,75.802],[-106.923,75.755],[-107.105,75.849],[-107.023,75.899],[-107.395,75.919],[-107.735,75.889],[-107.879,75.8],[-108.022,75.81],[-107.903,75.862],[-107.874,75.905],[-107.608,75.998],[-107.8,76.062],[-107.96,76.071],[-108.168,76.049],[-108.374,76.051],[-108.439,76.098],[-108.347,76.138],[-108.351,76.177],[-108.057,76.231],[-108.04,76.275],[-108.174,76.314],[-108.255,76.392],[-108.569,76.417],[-108.448,76.468],[-108.605,76.514],[-108.484,76.562],[-108.698,76.606],[-108.696,76.647],[-108.55,76.649],[-108.387,76.726],[-108.625,76.805],[-108.784,76.835],[-108.911,76.811],[-109.117,76.827],[-109.338,76.779],[-109.456,76.731],[-109.526,76.631],[-109.705,76.603],[-109.75,76.56],[-109.672,76.528],[-109.835,76.507],[-109.834,76.246],[-109.665,76.227],[-109.266,76.105],[-109.364,76.086],[-109.304,76.043],[-109.522,75.995],[-109.61,75.959],[-109.833,75.934],[-109.832,75.864],[-109.632,75.866],[-109.656,75.807],[-109.501,75.802],[-109.032,75.741],[-108.924,75.7],[-108.787,75.616],[-108.958,75.563],[-108.879,75.48],[-109.103,75.506],[-109.463,75.519],[-109.669,75.536],[-109.831,75.534],[-109.831,74.876]]],[[[-95.687,77.068],[-96.285,77.046],[-96.246,77.008],[-96.48,76.968],[-96.716,76.961],[-96.877,76.918],[-96.817,76.856],[-96.666,76.864],[-96.538,76.811],[-96.675,76.777],[-96.888,76.823],[-96.971,76.739],[-96.898,76.704],[-96.679,76.706],[-96.47,76.69],[-96.399,76.634],[-96.259,76.636],[-96.154,76.579],[-96.049,76.556],[-95.804,76.56],[-95.888,76.522],[-96.067,76.529],[-96.127,76.506],[-95.976,76.427],[-95.782,76.397],[-95.496,76.377],[-95.133,76.363],[-95.053,76.337],[-95.108,76.305],[-95.404,76.292],[-95.397,76.238],[-95.207,76.238],[-95.066,76.22],[-94.763,76.289],[-94.636,76.28],[-94.196,76.281],[-93.951,76.265],[-93.451,76.331],[-93.386,76.358],[-93.086,76.363],[-93.09,76.309],[-92.975,76.246],[-92.79,76.209],[-92.772,76.163],[-92.653,76.128],[-92.63,76.033],[-92.539,75.963],[-92.246,75.892],[-92.141,75.88],[-92.108,75.8],[-92.119,75.717],[-91.996,75.662],[-92.093,75.628],[-92.004,75.593],[-92.189,75.558],[-92.384,75.462],[-92.462,75.367],[-92.415,75.354],[-92.48,75.293],[-92.506,75.217],[-92.339,75.143],[-92.133,75.134],[-92.03,75.092],[-92.232,75.074],[-92.152,74.986],[-92.016,74.897],[-92.068,74.83],[-92.045,74.776],[-91.871,74.74],[-91.651,74.723],[-91.698,74.672],[-91.299,74.628],[-91.111,74.64],[-91.233,74.727],[-91.113,74.742],[-90.884,74.842],[-90.764,74.833],[-90.944,74.756],[-90.994,74.7],[-90.881,74.689],[-90.776,74.714],[-90.71,74.655],[-90.619,74.62],[-90.364,74.596],[-90.226,74.565],[-89.985,74.531],[-89.585,74.539],[-89.174,74.596],[-89.015,74.796],[-88.922,74.776],[-88.941,74.72],[-88.802,74.684],[-88.759,74.779],[-88.662,74.821],[-88.493,74.843],[-88.515,74.786],[-88.462,74.76],[-88.488,74.66],[-88.55,74.629],[-88.59,74.548],[-88.545,74.498],[-88.247,74.48],[-88.156,74.487],[-87.737,74.458],[-87.479,74.47],[-86.966,74.461],[-86.643,74.466],[-86.818,74.552],[-86.433,74.478],[-86.31,74.492],[-86.096,74.56],[-86.124,74.48],[-85.609,74.495],[-85.381,74.559],[-85.346,74.497],[-85.229,74.489],[-85.089,74.507],[-84.983,74.581],[-84.902,74.499],[-84.706,74.53],[-84.645,74.503],[-84.249,74.505],[-83.921,74.547],[-83.593,74.542],[-83.439,74.596],[-83.476,74.644],[-83.369,74.686],[-83.312,74.779],[-83.457,74.804],[-83.58,74.876],[-83.506,74.904],[-83.247,74.812],[-83.094,74.792],[-83.133,74.714],[-83.094,74.637],[-82.95,74.565],[-82.791,74.528],[-82.554,74.519],[-82.452,74.552],[-82.038,74.488],[-81.754,74.471],[-81.531,74.515],[-81.244,74.586],[-81.067,74.586],[-80.945,74.568],[-80.574,74.564],[-80.536,74.582],[-80.305,74.579],[-80.197,74.632],[-80.28,74.67],[-80.17,74.709],[-80.283,74.761],[-80.28,74.806],[-80.195,74.823],[-80.46,74.902],[-80.338,74.938],[-80.284,74.871],[-80.188,74.867],[-79.965,74.813],[-79.7,74.837],[-79.535,74.865],[-79.392,74.87],[-79.581,75.016],[-79.768,75.028],[-80.006,75.003],[-80.105,74.948],[-80.412,75.011],[-80.3,75.063],[-80.129,75.062],[-79.977,75.089],[-79.829,75.173],[-79.728,75.166],[-79.508,75.227],[-79.446,75.284],[-79.587,75.28],[-79.481,75.377],[-79.626,75.402],[-79.715,75.472],[-79.961,75.479],[-80.414,75.455],[-80.427,75.479],[-80.167,75.498],[-79.972,75.532],[-80.08,75.585],[-80.313,75.637],[-80.481,75.653],[-81.013,75.62],[-81.067,75.645],[-81.296,75.651],[-81.331,75.693],[-81.155,75.728],[-81.098,75.766],[-81.298,75.776],[-81.476,75.801],[-82.337,75.838],[-82.656,75.811],[-82.931,75.757],[-83.406,75.743],[-83.555,75.79],[-83.953,75.804],[-84.014,75.769],[-84.189,75.765],[-84.337,75.705],[-84.655,75.684],[-84.659,75.643],[-85.065,75.664],[-85.111,75.631],[-85.333,75.594],[-85.341,75.564],[-85.662,75.579],[-85.838,75.543],[-86.092,75.525],[-86.164,75.506],[-85.88,75.443],[-85.856,75.416],[-86.377,75.421],[-86.597,75.474],[-86.796,75.476],[-87.034,75.525],[-87.118,75.586],[-87.311,75.622],[-87.544,75.563],[-87.684,75.569],[-87.908,75.556],[-88.153,75.498],[-88.188,75.528],[-88.472,75.602],[-88.618,75.667],[-88.755,75.685],[-88.788,75.629],[-88.889,75.62],[-88.88,75.566],[-88.743,75.469],[-88.776,75.435],[-88.97,75.435],[-89.125,75.501],[-89.196,75.585],[-89.433,75.591],[-89.417,75.623],[-89.247,75.629],[-89.166,75.752],[-89.222,75.794],[-89.44,75.843],[-89.809,75.83],[-89.67,75.894],[-89.82,75.935],[-89.849,75.964],[-90.079,75.984],[-90.432,75.961],[-90.45,75.986],[-90.76,75.997],[-90.908,75.923],[-90.99,75.934],[-90.944,76.018],[-90.427,76.031],[-90.204,76.065],[-90.656,76.118],[-91.258,76.166],[-91.18,76.195],[-90.884,76.174],[-90.528,76.165],[-90.349,76.145],[-90.229,76.171],[-89.641,76.167],[-89.302,76.197],[-89.195,76.246],[-89.288,76.298],[-89.742,76.321],[-90.018,76.364],[-90.292,76.39],[-90.897,76.431],[-91.012,76.453],[-91.279,76.457],[-91.524,76.497],[-91.383,76.518],[-91.131,76.48],[-91.031,76.504],[-90.853,76.46],[-90.671,76.452],[-90.492,76.464],[-90.576,76.56],[-90.831,76.595],[-90.84,76.619],[-91.143,76.67],[-91.472,76.693],[-91.943,76.668],[-92.12,76.625],[-92.415,76.599],[-92.482,76.62],[-92.687,76.594],[-92.883,76.623],[-93.108,76.599],[-93.361,76.47],[-93.48,76.506],[-93.31,76.547],[-93.325,76.574],[-93.187,76.679],[-93.184,76.75],[-93.414,76.799],[-93.621,76.866],[-93.659,76.913],[-93.891,76.939],[-94.028,76.894],[-94.287,76.892],[-94.344,76.923],[-94.494,76.935],[-94.627,76.984],[-94.923,76.977],[-95.17,76.994],[-95.419,77.06],[-95.687,77.068]]],[[[-98.747,76.686],[-98.793,76.653],[-98.555,76.65],[-98.546,76.619],[-98.915,76.615],[-99.062,76.581],[-99.005,76.53],[-98.845,76.458],[-99.243,76.48],[-99.552,76.602],[-99.774,76.632],[-99.919,76.612],[-100.205,76.645],[-100.46,76.617],[-100.668,76.572],[-100.788,76.524],[-100.986,76.502],[-100.958,76.474],[-100.658,76.375],[-100.405,76.373],[-100.279,76.386],[-100.084,76.346],[-100.019,76.303],[-100.162,76.28],[-100.324,76.288],[-100.504,76.261],[-100.435,76.218],[-100.159,76.191],[-99.951,76.203],[-99.843,76.15],[-100.026,76.157],[-100.224,76.135],[-100.121,76.109],[-100.067,76.04],[-99.892,75.954],[-99.698,75.959],[-99.707,75.913],[-100.041,75.925],[-100.207,75.986],[-100.3,76.056],[-100.548,76.079],[-100.643,76.104],[-100.599,76.137],[-100.924,76.235],[-101.077,76.242],[-101.11,76.353],[-101.201,76.364],[-101.281,76.415],[-101.494,76.446],[-101.743,76.456],[-101.9,76.448],[-102.035,76.392],[-102.11,76.306],[-102.045,76.269],[-102.167,76.237],[-102.054,76.213],[-101.889,76.228],[-101.533,76.226],[-101.768,76.176],[-101.765,76.147],[-101.916,76.112],[-101.832,76.02],[-101.656,75.976],[-101.501,75.858],[-101.39,75.862],[-101.302,75.78],[-101.433,75.766],[-101.444,75.824],[-101.581,75.834],[-101.869,75.904],[-102.152,75.884],[-102.344,75.837],[-102.36,75.783],[-102.252,75.742],[-102.568,75.717],[-102.663,75.649],[-102.866,75.634],[-102.765,75.553],[-102.542,75.506],[-102.417,75.542],[-102.163,75.558],[-101.995,75.55],[-101.536,75.591],[-101.509,75.605],[-101.125,75.594],[-100.556,75.647],[-100.045,75.668],[-99.636,75.694],[-99.858,75.621],[-99.837,75.586],[-100.026,75.559],[-100.073,75.485],[-100.02,75.456],[-100.601,75.437],[-100.412,75.383],[-100.651,75.347],[-100.514,75.296],[-100.177,75.303],[-100.366,75.26],[-100.465,75.188],[-100.349,75.106],[-100.369,75.031],[-100.27,75.007],[-100.065,74.987],[-99.536,74.978],[-99.469,75.016],[-99.344,74.99],[-99.173,75.004],[-99.01,74.999],[-98.869,75.016],[-98.66,74.993],[-98.322,75.028],[-97.976,75.024],[-97.927,75.061],[-97.954,75.112],[-97.638,75.124],[-97.562,75.157],[-97.809,75.203],[-97.752,75.231],[-98.007,75.291],[-98.059,75.324],[-97.936,75.415],[-97.948,75.459],[-97.723,75.468],[-97.819,75.539],[-97.694,75.569],[-97.384,75.454],[-97.418,75.612],[-97.367,75.692],[-97.615,75.711],[-97.848,75.766],[-97.644,75.797],[-97.602,75.825],[-97.6,75.926],[-97.651,75.984],[-97.593,76.065],[-97.495,76.127],[-97.499,76.203],[-97.715,76.272],[-97.792,76.314],[-97.654,76.42],[-97.673,76.488],[-97.771,76.514],[-98.176,76.54],[-98.507,76.686],[-98.747,76.686]]],[[[-84.146,76.51],[-84.15,76.461],[-83.971,76.422],[-83.905,76.471],[-84.146,76.51]]],[[[-104.239,76.679],[-104.511,76.639],[-104.664,76.602],[-104.675,76.56],[-104.561,76.534],[-104.576,76.491],[-104.429,76.484],[-104.382,76.399],[-104.278,76.36],[-104.296,76.33],[-103.937,76.33],[-103.68,76.312],[-103.328,76.34],[-103.167,76.365],[-103.032,76.409],[-102.994,76.452],[-103.425,76.502],[-103.633,76.536],[-103.63,76.57],[-103.746,76.613],[-104.02,76.672],[-104.239,76.679]]],[[[-100.7,76.76],[-100.999,76.726],[-101.163,76.664],[-101.365,76.65],[-101.702,76.594],[-101.562,76.565],[-101.334,76.559],[-100.784,76.633],[-100.273,76.734],[-100.468,76.761],[-100.7,76.76]]],[[[-99.682,76.754],[-99.869,76.728],[-99.559,76.671],[-99.393,76.706],[-99.587,76.751],[-99.682,76.754]]],[[[-97.228,77.041],[-97.389,77.014],[-97.357,76.971],[-97.114,77.019],[-97.228,77.041]]],[[[-90.016,76.842],[-90.446,76.806],[-90.569,76.778],[-90.594,76.728],[-90.474,76.664],[-90.322,76.618],[-90.216,76.527],[-90.075,76.482],[-89.946,76.504],[-89.77,76.486],[-89.676,76.509],[-89.836,76.548],[-89.881,76.612],[-89.698,76.694],[-89.707,76.742],[-89.894,76.822],[-90.016,76.842]]],[[[-109.831,78.301],[-109.397,78.314],[-109.292,78.38],[-109.316,78.441],[-109.222,78.476],[-109.36,78.559],[-109.585,78.588],[-109.832,78.644],[-109.831,78.301]]],[[[-88.078,78.46],[-88.235,78.437],[-88.254,78.379],[-88.347,78.341],[-88.411,78.261],[-88.251,78.255],[-88.152,78.354],[-88.067,78.4],[-88.078,78.46]]],[[[-98.134,78.82],[-98.302,78.782],[-98.4,78.726],[-98.36,78.671],[-98.117,78.588],[-98.107,78.533],[-98.294,78.533],[-98.418,78.507],[-98.36,78.452],[-98.109,78.385],[-98.016,78.297],[-97.862,78.287],[-97.777,78.241],[-97.598,78.198],[-97.312,78.212],[-97.19,78.172],[-96.884,78.134],[-96.877,78.098],[-97.009,78.073],[-97.458,78.077],[-97.799,78.034],[-97.574,78.01],[-97.306,77.949],[-97.007,77.914],[-97.116,77.877],[-97.129,77.807],[-96.917,77.788],[-96.745,77.846],[-96.476,77.907],[-96.378,77.863],[-96.028,77.879],[-95.727,77.927],[-95.459,77.945],[-95.318,77.97],[-95.127,77.949],[-95.023,78.003],[-94.896,78.109],[-95.091,78.153],[-95.262,78.252],[-95.159,78.29],[-94.853,78.345],[-94.849,78.379],[-95.04,78.431],[-95.418,78.495],[-95.703,78.52],[-95.939,78.478],[-96.302,78.53],[-96.178,78.633],[-96.352,78.62],[-96.528,78.683],[-96.899,78.701],[-97.023,78.743],[-97.507,78.803],[-98.134,78.82]]],[[[-105.411,79.333],[-105.402,79.294],[-105.583,79.223],[-105.648,79.159],[-105.567,79.023],[-105.369,79.01],[-105.13,79.019],[-104.952,79.057],[-104.702,79.036],[-104.69,78.986],[-104.865,78.876],[-104.979,78.852],[-104.962,78.796],[-104.751,78.812],[-104.601,78.849],[-104.468,78.941],[-104.287,78.982],[-104.103,78.983],[-104.015,78.936],[-103.813,78.899],[-104.165,78.82],[-104.183,78.769],[-104.006,78.759],[-103.826,78.795],[-103.697,78.771],[-103.436,78.791],[-103.321,78.734],[-103.504,78.705],[-103.503,78.666],[-103.849,78.668],[-104.014,78.629],[-103.439,78.605],[-103.414,78.537],[-103.536,78.507],[-103.706,78.523],[-103.923,78.517],[-104.172,78.529],[-104.357,78.565],[-104.777,78.582],[-105.013,78.51],[-104.992,78.449],[-104.741,78.361],[-104.433,78.266],[-104.129,78.263],[-103.915,78.247],[-103.824,78.297],[-103.662,78.319],[-103.251,78.35],[-103.154,78.371],[-102.817,78.385],[-102.671,78.377],[-102.815,78.292],[-102.633,78.247],[-102.165,78.295],[-101.97,78.268],[-101.724,78.265],[-101.653,78.242],[-101.427,78.238],[-101.275,78.177],[-101.084,78.202],[-101.006,78.148],[-100.747,78.094],[-100.832,78.066],[-100.765,77.972],[-100.57,77.887],[-100.253,77.815],[-99.854,77.786],[-99.805,77.822],[-99.333,77.83],[-99.158,77.856],[-99.071,77.912],[-99.086,77.982],[-98.916,78.059],[-99.055,78.084],[-99.098,78.12],[-99.422,78.21],[-99.487,78.284],[-99.771,78.298],[-99.754,78.405],[-99.878,78.436],[-99.643,78.481],[-99.64,78.553],[-99.479,78.588],[-99.69,78.607],[-99.805,78.644],[-99.993,78.632],[-99.882,78.706],[-100.003,78.741],[-100.301,78.786],[-100.361,78.837],[-100.598,78.8],[-101.002,78.783],[-101.209,78.805],[-101.12,78.868],[-100.958,78.936],[-101.209,78.96],[-101.597,79.063],[-101.826,79.09],[-101.988,79.086],[-102.155,79.04],[-102.397,79.014],[-102.372,78.957],[-102.718,78.939],[-102.602,79.068],[-102.869,79.168],[-102.908,79.22],[-103.074,79.282],[-103.256,79.307],[-103.384,79.293],[-103.723,79.362],[-103.918,79.374],[-105.192,79.301],[-105.411,79.333]]],[[[-93.522,81.379],[-93.542,81.312],[-94.046,81.365],[-94.251,81.344],[-94.357,81.248],[-94.182,81.215],[-93.708,81.202],[-93.407,81.22],[-93.251,81.21],[-92.993,81.16],[-93.122,81.132],[-93.095,81.094],[-93.298,81.074],[-93.83,81.104],[-94.093,81.088],[-94.102,81.018],[-94.409,80.952],[-94.508,81.036],[-94.891,81.041],[-95.235,81.001],[-95.311,80.924],[-95.21,80.882],[-95.471,80.828],[-95.23,80.782],[-95.115,80.798],[-94.661,80.724],[-94.523,80.602],[-94.351,80.609],[-94.005,80.591],[-94.012,80.552],[-94.76,80.563],[-95.006,80.604],[-95.722,80.576],[-95.962,80.584],[-95.843,80.51],[-96.045,80.486],[-95.783,80.452],[-95.576,80.396],[-95.571,80.358],[-95.952,80.384],[-96.534,80.361],[-96.627,80.334],[-96.257,80.247],[-95.903,80.193],[-95.33,80.119],[-94.97,80.137],[-94.722,80.166],[-94.433,80.228],[-94.385,80.171],[-94.784,80.086],[-94.834,80.051],[-95.144,80.034],[-95.786,80.051],[-96.011,80.076],[-96.223,80.129],[-96.682,80.147],[-96.741,80.085],[-96.624,80.044],[-96.594,79.964],[-96.276,79.938],[-96.627,79.902],[-96.559,79.855],[-96.231,79.796],[-96.22,79.751],[-96.055,79.716],[-95.899,79.653],[-95.537,79.634],[-95.219,79.643],[-94.975,79.668],[-94.758,79.665],[-94.495,79.744],[-94.324,79.672],[-94.543,79.629],[-94.926,79.589],[-95.041,79.591],[-95.393,79.554],[-95.7,79.54],[-95.752,79.429],[-95.56,79.388],[-95.246,79.399],[-95.16,79.359],[-95.19,79.286],[-95.047,79.27],[-94.807,79.301],[-94.656,79.339],[-94.403,79.366],[-94.473,79.399],[-94.393,79.431],[-94.02,79.377],[-94.151,79.342],[-94.109,79.268],[-94.014,79.256],[-93.746,79.283],[-93.476,79.352],[-93.337,79.447],[-93.222,79.438],[-93.351,79.364],[-93.07,79.369],[-92.507,79.461],[-92.407,79.419],[-92.582,79.382],[-92.108,79.342],[-91.793,79.337],[-91.667,79.362],[-91.216,79.384],[-91.212,79.344],[-91.805,79.318],[-91.937,79.297],[-92.506,79.308],[-92.664,79.263],[-92.249,79.206],[-92.011,79.206],[-91.635,79.227],[-90.966,79.248],[-90.713,79.235],[-90.769,79.209],[-91.141,79.206],[-91.234,79.192],[-91.673,79.179],[-92.004,79.155],[-92.394,79.152],[-92.773,79.168],[-92.964,79.158],[-93.165,79.169],[-93.396,79.16],[-93.434,79.122],[-93.638,79.063],[-93.836,79.036],[-94.024,79.031],[-94.297,78.987],[-93.999,78.889],[-93.86,78.828],[-93.597,78.836],[-93.36,78.82],[-93.03,78.74],[-93.243,78.741],[-93.584,78.787],[-93.824,78.773],[-93.589,78.681],[-93.296,78.583],[-92.942,78.604],[-92.72,78.627],[-92.562,78.592],[-92.213,78.574],[-92.002,78.576],[-91.91,78.536],[-92.092,78.52],[-92.421,78.519],[-92.639,78.484],[-92.852,78.503],[-92.983,78.476],[-92.93,78.422],[-92.458,78.306],[-92.23,78.325],[-92.194,78.259],[-92.021,78.203],[-91.847,78.24],[-91.645,78.187],[-91.307,78.164],[-91.212,78.174],[-91.02,78.144],[-90.67,78.135],[-90.343,78.142],[-90.272,78.188],[-90.341,78.224],[-90.346,78.281],[-90.518,78.275],[-90.564,78.32],[-90.253,78.336],[-90.02,78.301],[-89.896,78.215],[-89.684,78.214],[-89.568,78.145],[-89.46,78.173],[-89.565,78.219],[-89.751,78.38],[-89.962,78.452],[-90.111,78.554],[-89.911,78.576],[-89.778,78.494],[-89.396,78.344],[-89.166,78.21],[-89.013,78.169],[-88.808,78.154],[-88.744,78.191],[-88.667,78.325],[-88.536,78.421],[-88.739,78.518],[-88.74,78.611],[-88.556,78.586],[-88.219,78.455],[-88.018,78.478],[-87.862,78.585],[-88.101,78.684],[-88.246,78.816],[-88.173,78.904],[-88.21,78.965],[-88.16,78.996],[-87.972,79.009],[-87.941,78.917],[-88,78.839],[-87.972,78.768],[-87.868,78.696],[-87.602,78.645],[-87.389,78.744],[-87.315,78.803],[-86.977,78.886],[-86.989,79.032],[-86.783,78.96],[-86.58,78.982],[-86.495,79.06],[-85.28,79.183],[-85.182,79.231],[-84.882,79.27],[-85.032,79.366],[-85.261,79.401],[-85.534,79.549],[-85.521,79.578],[-85.699,79.622],[-85.822,79.616],[-85.883,79.501],[-86.136,79.609],[-86.311,79.649],[-86.654,79.663],[-86.787,79.641],[-86.688,79.571],[-86.967,79.609],[-87.174,79.579],[-87.307,79.511],[-87.456,79.546],[-87.427,79.575],[-87.143,79.641],[-87.045,79.735],[-87.069,79.773],[-86.938,79.92],[-87.042,79.937],[-87.248,80.076],[-87.58,80.083],[-87.825,80.062],[-88.029,80.133],[-87.625,80.161],[-87.542,80.183],[-87.535,80.287],[-87.604,80.406],[-88.331,80.44],[-88.607,80.386],[-88.566,80.32],[-88.668,80.28],[-88.552,80.23],[-88.237,80.194],[-88.36,80.171],[-88.287,80.134],[-88.417,80.093],[-88.762,80.138],[-88.995,80.181],[-89.119,80.224],[-89.203,80.293],[-89.043,80.332],[-89.035,80.391],[-89.232,80.396],[-88.999,80.448],[-89.057,80.483],[-89.368,80.54],[-89.821,80.527],[-90.487,80.563],[-90.704,80.593],[-90.545,80.639],[-90.653,80.697],[-90.912,80.725],[-91.129,80.773],[-91.106,80.818],[-91.246,80.837],[-91.686,81.044],[-91.819,81.125],[-91.799,81.162],[-92.06,81.227],[-92.697,81.297],[-93.103,81.355],[-93.522,81.379]]],[[[-64.826,82.907],[-65.23,82.883],[-65.247,82.826],[-65.667,82.85],[-66.51,82.769],[-66.763,82.722],[-66.989,82.717],[-67.49,82.649],[-67.807,82.658],[-68.463,82.637],[-68.347,82.685],[-67.927,82.715],[-66.997,82.796],[-66.556,82.859],[-66.324,82.926],[-66.745,82.936],[-67.119,82.961],[-67.391,82.951],[-67.869,82.961],[-68.42,83.007],[-68.592,83.001],[-68.845,82.927],[-68.996,83.032],[-69.399,83.006],[-69.81,83.111],[-70.628,83.106],[-71.282,83.051],[-71.373,83.009],[-70.885,82.896],[-71.489,82.947],[-71.709,83.005],[-71.55,83.1],[-72.624,83.095],[-72.89,83.046],[-73.229,83.018],[-73.352,82.969],[-73.575,82.943],[-73.105,82.796],[-72.496,82.733],[-72.376,82.677],[-73.215,82.761],[-73.771,82.85],[-73.971,82.959],[-74.498,83.032],[-74.981,83.045],[-75.263,83.016],[-75.693,83.052],[-76.866,83.087],[-77.31,83.066],[-77.414,82.994],[-77.276,82.957],[-76.657,82.879],[-76.516,82.812],[-76.26,82.783],[-76.231,82.695],[-75.587,82.627],[-75.76,82.562],[-76.549,82.668],[-76.652,82.725],[-76.894,82.78],[-77.068,82.854],[-77.817,82.929],[-78.041,82.864],[-78.442,82.859],[-78.498,82.925],[-78.694,82.945],[-79.057,82.918],[-79.348,82.958],[-79.778,82.955],[-80.116,82.927],[-80.342,82.869],[-79.927,82.809],[-79.879,82.753],[-79.223,82.693],[-79.169,82.665],[-80.101,82.728],[-80.437,82.792],[-80.837,82.815],[-81.269,82.822],[-81.534,82.79],[-81.151,82.729],[-81.081,82.684],[-80.778,82.62],[-80.265,82.473],[-80.482,82.446],[-80.765,82.495],[-81.118,82.592],[-81.437,82.633],[-82.141,82.669],[-82.338,82.638],[-82.238,82.571],[-81.878,82.529],[-81.956,82.498],[-82.5,82.496],[-82.583,82.452],[-82.484,82.422],[-82.677,82.393],[-82.587,82.35],[-82.032,82.275],[-81.789,82.226],[-81.378,82.175],[-80.881,82.149],[-80.88,82.097],[-80.366,82.038],[-79.747,82.021],[-79.829,81.992],[-79.686,81.942],[-79.453,81.904],[-79.703,81.886],[-80.037,81.969],[-80.611,81.999],[-81.24,82.088],[-81.675,82.128],[-82.217,82.204],[-82.279,82.233],[-82.608,82.281],[-82.922,82.288],[-82.993,82.221],[-82.742,82.18],[-82.644,82.103],[-82.067,82.086],[-82.057,82.062],[-82.68,82.072],[-82.939,82.086],[-82.951,82.168],[-83.275,82.216],[-83.284,82.262],[-83.66,82.349],[-84.342,82.378],[-84.763,82.407],[-84.744,82.463],[-85.217,82.478],[-85.769,82.452],[-85.496,82.414],[-85.474,82.322],[-85.31,82.277],[-85.588,82.242],[-86.823,82.218],[-86.747,82.144],[-86.628,82.12],[-85.999,82.089],[-85.572,82.043],[-84.801,82.016],[-85.138,81.995],[-85.692,82.001],[-85.771,81.967],[-86.223,82.044],[-86.864,82.05],[-87.14,82.003],[-87.36,82.07],[-87.898,82.099],[-88.112,82.077],[-88.511,82.066],[-88.93,82.011],[-89.372,81.905],[-89.15,81.884],[-89.245,81.832],[-89.472,81.833],[-89.645,81.894],[-89.82,81.905],[-90.574,81.876],[-90.632,81.835],[-91.021,81.824],[-91.058,81.766],[-91.214,81.746],[-91.44,81.765],[-91.677,81.729],[-91.668,81.678],[-91.887,81.626],[-91.454,81.591],[-91.367,81.515],[-90.919,81.556],[-90.923,81.62],[-90.678,81.663],[-90.352,81.649],[-90.145,81.675],[-89.939,81.627],[-89.719,81.603],[-89.908,81.56],[-90.07,81.561],[-90.491,81.491],[-90.76,81.459],[-90.739,81.421],[-90.524,81.413],[-90.299,81.378],[-89.304,81.487],[-88.88,81.539],[-88.478,81.55],[-88.293,81.569],[-88.118,81.542],[-88.781,81.5],[-89.028,81.443],[-89.217,81.421],[-89.509,81.356],[-89.816,81.343],[-89.781,81.301],[-89.497,81.276],[-89.199,81.221],[-89.393,81.212],[-89.918,81.242],[-90.236,81.197],[-90.28,81.174],[-90.096,81.048],[-89.836,81.015],[-89.613,81.006],[-89.086,81.025],[-88.191,81.068],[-87.767,81.055],[-87.454,81.061],[-86.946,81.101],[-86.437,81.118],[-85.933,81.223],[-84.893,81.31],[-84.676,81.274],[-85.339,81.21],[-85.859,81.114],[-85.904,81.09],[-86.315,81.054],[-86.704,80.998],[-87.126,80.982],[-87.523,80.978],[-88.025,81.006],[-88.291,80.998],[-89.143,80.948],[-89.414,80.913],[-89.284,80.853],[-88.633,80.766],[-88.184,80.682],[-87.484,80.623],[-87.162,80.633],[-87.021,80.685],[-87.043,80.719],[-86.578,80.821],[-86.257,80.932],[-85.955,81.001],[-85.67,81.045],[-85.397,81.06],[-85.178,81.05],[-84.956,81.072],[-84.262,81.097],[-83.82,81.104],[-82.825,81.166],[-82.701,81.125],[-83.16,81.12],[-83.574,81.081],[-84.025,81.064],[-84.542,81.033],[-85.272,81.004],[-85.781,80.937],[-85.882,80.887],[-86.467,80.724],[-86.705,80.596],[-86.034,80.53],[-85.507,80.528],[-85.157,80.509],[-84.683,80.527],[-84.492,80.512],[-83.793,80.542],[-83.675,80.63],[-83.784,80.728],[-83.089,80.826],[-83.344,80.754],[-83.536,80.745],[-83.352,80.68],[-82.524,80.743],[-82.491,80.763],[-81.975,80.832],[-81.738,80.816],[-81.877,80.775],[-82.223,80.715],[-82.458,80.714],[-82.792,80.686],[-83.08,80.64],[-83.16,80.562],[-82.86,80.54],[-82.406,80.558],[-81.622,80.599],[-80.937,80.656],[-80.629,80.7],[-80.113,80.752],[-79.464,80.85],[-79.386,80.923],[-79.172,80.968],[-79.375,80.99],[-79.274,81.04],[-79.03,81.087],[-78.679,81.129],[-78.634,81.193],[-78.146,81.303],[-76.823,81.453],[-76.883,81.397],[-77.241,81.344],[-77.56,81.313],[-77.957,81.254],[-78.048,81.211],[-78.351,81.168],[-78.47,81.076],[-78.717,81.039],[-78.955,80.981],[-78.854,80.946],[-78.931,80.853],[-78.05,80.901],[-77.534,80.915],[-77.183,80.89],[-76.678,80.891],[-76.336,80.93],[-75.662,80.975],[-75.652,80.947],[-76.084,80.925],[-76.329,80.93],[-76.533,80.906],[-76.438,80.876],[-76.557,80.838],[-77.542,80.831],[-77.88,80.82],[-78.642,80.768],[-79.142,80.719],[-79.862,80.633],[-79.587,80.598],[-79.081,80.618],[-78.39,80.608],[-78.023,80.596],[-78.169,80.569],[-79.312,80.554],[-79.501,80.543],[-80.212,80.529],[-80.385,80.5],[-80.314,80.465],[-80.632,80.467],[-81.335,80.423],[-81.92,80.394],[-82.02,80.4],[-82.566,80.363],[-83.122,80.336],[-83.129,80.299],[-82.935,80.262],[-82.754,80.191],[-82.282,80.05],[-81.998,79.994],[-81.396,79.94],[-81.67,79.898],[-81.547,79.822],[-81.565,79.781],[-81.455,79.746],[-81.516,79.716],[-81.078,79.693],[-80.938,79.654],[-80.568,79.655],[-80.33,79.686],[-79.933,79.697],[-79.989,79.652],[-80.623,79.6],[-80.59,79.563],[-81.491,79.639],[-81.747,79.626],[-81.675,79.689],[-81.972,79.724],[-82.08,79.85],[-82.655,79.977],[-82.77,80.018],[-83.237,80.111],[-83.556,80.209],[-83.839,80.255],[-84.089,80.271],[-85.337,80.269],[-85.711,80.325],[-86.039,80.333],[-86.448,80.309],[-86.532,80.254],[-86.624,80.124],[-86.519,80.032],[-86.401,80.006],[-86.18,80.007],[-85.646,79.965],[-85.816,79.941],[-86.301,79.975],[-86.44,79.936],[-86.417,79.837],[-86.448,79.778],[-86.316,79.75],[-85.839,79.707],[-85.532,79.704],[-85.134,79.644],[-85.035,79.617],[-84.954,79.525],[-84.858,79.478],[-84.493,79.417],[-84.431,79.321],[-84.293,79.199],[-84.016,79.168],[-83.718,79.07],[-83.711,79.029],[-83.994,79.053],[-84.209,79.121],[-84.561,79.143],[-84.78,79.069],[-84.702,79.02],[-84.204,78.965],[-83.806,78.953],[-83.574,78.935],[-83.263,78.941],[-82.887,78.935],[-82.401,78.895],[-82.117,78.913],[-81.825,79.022],[-81.631,79.005],[-81.761,78.925],[-81.641,78.897],[-81.686,78.85],[-81.889,78.867],[-82.092,78.864],[-82.462,78.836],[-82.976,78.86],[-83.25,78.85],[-83.134,78.802],[-82.655,78.728],[-82.516,78.66],[-82.217,78.589],[-82.371,78.568],[-82.618,78.61],[-82.618,78.631],[-82.817,78.698],[-83.101,78.712],[-83.377,78.779],[-83.489,78.779],[-83.67,78.825],[-84.143,78.854],[-84.564,78.852],[-84.967,78.906],[-85.238,78.914],[-85.371,78.881],[-85.676,78.847],[-86.656,78.788],[-86.852,78.743],[-86.942,78.663],[-87.094,78.581],[-87.079,78.557],[-87.31,78.509],[-87.479,78.446],[-87.519,78.228],[-87.269,78.195],[-87.463,78.171],[-87.461,78.123],[-87.144,78.105],[-86.705,78.12],[-86.518,78.171],[-86.503,78.205],[-86.218,78.202],[-86.081,78.246],[-86.053,78.304],[-85.869,78.32],[-85.928,78.236],[-86.214,78.144],[-86.281,78.087],[-86.134,78.057],[-85.705,78.098],[-85.431,78.106],[-85.201,78.202],[-85.125,78.261],[-84.949,78.343],[-84.948,78.417],[-84.833,78.489],[-84.755,78.491],[-84.857,78.376],[-84.77,78.338],[-84.96,78.23],[-85.072,78.101],[-84.866,78.073],[-85.114,78.055],[-85.66,77.951],[-85.478,77.866],[-85.3,77.903],[-85.202,77.888],[-85.411,77.839],[-85.326,77.801],[-85.155,77.802],[-85.2,77.752],[-85.297,77.742],[-85.29,77.671],[-85.029,77.626],[-84.858,77.58],[-84.861,77.543],[-84.538,77.512],[-84.469,77.525],[-83.956,77.499],[-83.701,77.525],[-83.498,77.58],[-83.185,77.721],[-83.136,77.792],[-82.953,77.875],[-82.79,77.912],[-82.729,77.95],[-82.785,78.01],[-82.554,78.077],[-82.349,78.071],[-82.356,78.037],[-82.588,78.022],[-82.521,77.959],[-82.723,77.821],[-82.891,77.726],[-82.981,77.711],[-83.229,77.573],[-83.434,77.504],[-83.573,77.476],[-83.838,77.461],[-83.662,77.393],[-83.51,77.392],[-83.46,77.356],[-83.813,77.37],[-84.153,77.4],[-84.329,77.386],[-84.561,77.405],[-84.612,77.387],[-84.514,77.296],[-84.763,77.322],[-84.961,77.383],[-85.365,77.393],[-85.465,77.412],[-85.515,77.459],[-85.721,77.434],[-85.798,77.51],[-85.876,77.633],[-85.968,77.7],[-86.185,77.795],[-86.432,77.843],[-86.844,77.886],[-87.053,77.882],[-87.302,77.899],[-87.712,77.858],[-88.158,77.799],[-88.158,77.716],[-88.23,77.661],[-88.18,77.634],[-87.986,77.611],[-87.851,77.554],[-87.683,77.534],[-87.645,77.471],[-87.778,77.429],[-87.729,77.363],[-87.348,77.333],[-87.237,77.309],[-87.135,77.245],[-87.362,77.18],[-87.488,77.107],[-87.698,77.142],[-87.929,77.136],[-88.074,77.11],[-88.264,77.132],[-88.388,77.122],[-88.735,76.999],[-88.968,76.989],[-88.992,76.949],[-89.188,76.925],[-89.528,76.849],[-89.459,76.716],[-89.406,76.675],[-89.603,76.614],[-89.666,76.572],[-89.384,76.529],[-89.428,76.497],[-89.266,76.468],[-89.238,76.438],[-89.008,76.409],[-88.78,76.454],[-88.828,76.5],[-88.733,76.594],[-88.619,76.557],[-88.713,76.412],[-88.483,76.505],[-88.491,76.56],[-88.572,76.634],[-88.707,76.712],[-88.522,76.728],[-88.459,76.657],[-88.502,76.609],[-88.4,76.572],[-88.326,76.49],[-88.427,76.402],[-88.332,76.384],[-87.871,76.367],[-87.621,76.338],[-87.606,76.367],[-87.421,76.415],[-87.546,76.455],[-87.491,76.499],[-87.565,76.518],[-87.576,76.611],[-87.452,76.588],[-87.494,76.537],[-87.392,76.518],[-87.439,76.457],[-87.209,76.447],[-87.113,76.38],[-86.704,76.362],[-86.553,76.479],[-86.422,76.511],[-86.41,76.407],[-86.316,76.376],[-86.002,76.365],[-85.861,76.344],[-85.731,76.351],[-85.461,76.303],[-85.261,76.305],[-85.234,76.279],[-84.929,76.282],[-84.697,76.303],[-84.436,76.3],[-84.432,76.334],[-84.693,76.369],[-84.976,76.422],[-85.063,76.517],[-85.055,76.58],[-85.209,76.632],[-85.142,76.658],[-84.924,76.589],[-84.777,76.486],[-84.635,76.434],[-84.434,76.431],[-84.205,76.451],[-84.183,76.489],[-84.255,76.548],[-84.194,76.616],[-84.065,76.614],[-84.096,76.566],[-83.934,76.495],[-83.797,76.472],[-83.701,76.424],[-83.302,76.409],[-83.174,76.492],[-83.243,76.573],[-83.404,76.629],[-83.431,76.701],[-83.187,76.618],[-83.052,76.501],[-83.137,76.468],[-82.916,76.423],[-82.786,76.381],[-82.604,76.4],[-82.271,76.393],[-82.135,76.442],[-82.247,76.527],[-82.118,76.564],[-82.148,76.587],[-82.45,76.629],[-82.566,76.687],[-82.474,76.7],[-82.365,76.649],[-82.155,76.622],[-81.999,76.583],[-82.101,76.518],[-81.905,76.483],[-81.643,76.466],[-81.455,76.471],[-81.31,76.51],[-80.992,76.483],[-80.755,76.419],[-80.967,76.272],[-81.101,76.213],[-80.966,76.187],[-80.93,76.145],[-80.445,76.193],[-80.208,76.244],[-80.082,76.229],[-79.542,76.311],[-79.383,76.302],[-79.174,76.409],[-78.997,76.419],[-78.876,76.502],[-78.87,76.534],[-78.696,76.589],[-78.587,76.495],[-78.484,76.451],[-78.38,76.461],[-78.355,76.502],[-78.226,76.515],[-78.193,76.575],[-78.033,76.64],[-77.869,76.631],[-77.793,76.673],[-77.796,76.798],[-77.726,76.821],[-77.906,76.865],[-77.831,76.896],[-78.092,77.021],[-78.357,77.008],[-78.391,76.971],[-78.602,76.925],[-78.577,76.862],[-78.752,76.822],[-78.96,76.842],[-78.869,76.935],[-79.009,76.95],[-79.319,76.911],[-79.433,76.938],[-79.244,77.004],[-79.01,77.108],[-79.153,77.2],[-79.295,77.222],[-79.711,77.245],[-80.063,77.202],[-80.287,77.212],[-80.679,77.257],[-81.096,77.289],[-81.795,77.156],[-81.906,77.194],[-81.885,77.24],[-82.114,77.276],[-82.134,77.317],[-81.828,77.285],[-81.51,77.297],[-81.148,77.329],[-81.201,77.365],[-81.557,77.382],[-81.799,77.441],[-81.659,77.537],[-81.479,77.489],[-81.321,77.465],[-81.305,77.426],[-81.036,77.4],[-81.056,77.382],[-80.745,77.328],[-80.388,77.293],[-80,77.274],[-79.668,77.319],[-79.299,77.292],[-79.152,77.292],[-78.951,77.337],[-78.917,77.365],[-78.704,77.389],[-78.819,77.307],[-78.572,77.339],[-78.488,77.367],[-78.255,77.398],[-78.253,77.445],[-77.989,77.493],[-78.029,77.552],[-77.89,77.562],[-77.743,77.607],[-77.851,77.649],[-78.09,77.681],[-77.965,77.756],[-77.979,77.803],[-78.218,77.853],[-78.377,77.869],[-78.481,77.973],[-78.105,77.973],[-78.013,77.955],[-77.474,77.939],[-77.199,77.942],[-76.91,77.902],[-76.749,77.93],[-76.566,77.934],[-76.482,77.989],[-76.214,78.014],[-76.047,77.983],[-75.85,77.975],[-75.661,78.03],[-75.591,78.131],[-76.222,78.137],[-76.753,78.171],[-76.954,78.215],[-76.599,78.249],[-76.183,78.242],[-75.831,78.226],[-75.638,78.199],[-75.484,78.212],[-75.349,78.299],[-75.089,78.311],[-75.085,78.368],[-75.559,78.439],[-76.048,78.46],[-76.179,78.508],[-76.462,78.501],[-76.392,78.542],[-76.104,78.537],[-75.806,78.501],[-75.009,78.531],[-74.809,78.586],[-74.593,78.6],[-74.809,78.639],[-74.825,78.7],[-74.688,78.77],[-74.706,78.817],[-74.89,78.853],[-75.258,78.889],[-76.108,78.878],[-76.27,78.901],[-75.742,78.94],[-75.699,78.969],[-75.997,79],[-76.695,79.025],[-77.215,78.989],[-77.637,78.976],[-77.95,78.895],[-78.028,78.841],[-78.226,78.825],[-77.893,78.963],[-77.674,79.004],[-77.444,79.02],[-77.221,79.061],[-76.887,79.081],[-76.495,79.089],[-76.19,79.074],[-76.186,79.126],[-76.791,79.155],[-76.934,79.147],[-77.304,79.171],[-77.977,79.177],[-77.852,79.208],[-77.228,79.199],[-76.987,79.181],[-76.718,79.196],[-75.965,79.185],[-75.837,79.115],[-75.66,79.074],[-75.106,79.03],[-74.653,79.013],[-74.414,79.036],[-74.586,79.146],[-74.786,79.185],[-74.525,79.2],[-74.551,79.234],[-75.636,79.241],[-75.959,79.231],[-76.126,79.272],[-76.545,79.27],[-76.733,79.281],[-77.317,79.262],[-77.728,79.343],[-77.143,79.334],[-77.293,79.422],[-77.118,79.435],[-76.938,79.358],[-76.083,79.334],[-75.971,79.364],[-76.141,79.395],[-76.222,79.459],[-76.615,79.47],[-76.672,79.517],[-76.212,79.497],[-76.079,79.473],[-76.013,79.428],[-75.449,79.386],[-75.14,79.37],[-74.889,79.378],[-74.856,79.411],[-75.022,79.476],[-74.841,79.483],[-74.607,79.433],[-74.014,79.439],[-73.9,79.468],[-73.833,79.534],[-73.634,79.49],[-73.368,79.501],[-73.116,79.536],[-73.176,79.596],[-73.12,79.628],[-73.403,79.759],[-73.567,79.753],[-74.05,79.794],[-74.711,79.789],[-74.806,79.833],[-74.236,79.888],[-73.899,79.874],[-73.832,79.831],[-73.465,79.827],[-73.06,79.804],[-72.941,79.709],[-72.657,79.67],[-72.356,79.686],[-72.264,79.65],[-71.917,79.697],[-71.465,79.723],[-71.143,79.776],[-70.854,79.886],[-71.134,79.914],[-71.305,79.888],[-71.401,79.928],[-70.908,79.977],[-70.641,79.994],[-70.677,80.018],[-70.481,80.047],[-70.454,80.086],[-70.6,80.129],[-70.751,80.13],[-71.403,80.069],[-72.039,80.056],[-72.32,80.064],[-71.836,80.109],[-71.955,80.141],[-72.403,80.212],[-72.227,80.218],[-71.607,80.104],[-71.137,80.164],[-70.656,80.201],[-70.365,80.184],[-70.111,80.188],[-69.91,80.251],[-70.031,80.287],[-70.372,80.324],[-70.456,80.352],[-70.348,80.41],[-70.47,80.469],[-70.775,80.54],[-70.714,80.556],[-70.328,80.479],[-70.175,80.424],[-70.255,80.347],[-70.057,80.338],[-69.539,80.365],[-69.355,80.396],[-69.062,80.551],[-68.809,80.622],[-68.416,80.71],[-68.286,80.753],[-67.959,80.789],[-67.502,80.894],[-67.578,80.929],[-67.253,80.934],[-66.983,80.974],[-66.561,81.054],[-66.48,81.107],[-66.259,81.144],[-66.102,81.21],[-65.815,81.22],[-65.344,81.272],[-64.668,81.385],[-64.497,81.439],[-64.424,81.494],[-64.5,81.546],[-65.009,81.532],[-65.518,81.499],[-66.824,81.387],[-67.34,81.359],[-67.986,81.292],[-68.638,81.248],[-68.944,81.218],[-69.278,81.203],[-69.569,81.147],[-69.963,81.172],[-68.962,81.26],[-68.341,81.321],[-67.981,81.365],[-67.134,81.45],[-66.757,81.492],[-66.677,81.521],[-67.058,81.563],[-67.726,81.553],[-68,81.532],[-68.36,81.54],[-67.766,81.592],[-67.251,81.6],[-66.509,81.627],[-66.381,81.617],[-65.827,81.627],[-65.66,81.699],[-65.293,81.734],[-64.939,81.748],[-64.727,81.723],[-64.356,81.716],[-64.15,81.743],[-64.112,81.79],[-63.873,81.789],[-63.386,81.862],[-62.804,81.93],[-62.185,82.029],[-61.863,82.102],[-62.061,82.127],[-61.428,82.179],[-61.133,82.245],[-61.116,82.368],[-61.279,82.425],[-61.673,82.488],[-62.128,82.493],[-62.268,82.53],[-62.898,82.514],[-63.084,82.546],[-62.941,82.574],[-63.383,82.603],[-63.231,82.642],[-63.636,82.674],[-63.442,82.76],[-63.574,82.834],[-64.109,82.825],[-64.408,82.765],[-64.709,82.817],[-64.826,82.907]]],[[[-107.992,73.615],[-107.979,73.552],[-107.844,73.544],[-107.557,73.583],[-107.599,73.617],[-107.835,73.626],[-107.992,73.615]]],[[[-97.736,74.126],[-97.967,74.115],[-98.215,74.088],[-98.436,74.047],[-98.776,74.037],[-99.079,73.959],[-99.429,73.912],[-99.383,73.876],[-99.208,73.85],[-98.832,73.849],[-98.596,73.84],[-98.386,73.851],[-98.062,73.899],[-98.004,73.935],[-97.772,73.988],[-97.624,74.057],[-97.644,74.101],[-97.736,74.126]]],[[[-74.678,72.227],[-74.904,72.211],[-74.949,72.175],[-74.785,72.169],[-74.678,72.227]]],[[[-85.871,72.302],[-86.115,72.297],[-86.027,72.254],[-85.882,72.217],[-85.871,72.302]]],[[[-78.982,72.446],[-79.067,72.427],[-79.05,72.361],[-78.744,72.366],[-78.827,72.415],[-78.982,72.446]]],[[[-79.569,72.463],[-79.667,72.433],[-79.584,72.355],[-79.473,72.356],[-79.419,72.423],[-79.569,72.463]]],[[[-95.729,73.15],[-95.855,73.107],[-95.694,73.065],[-95.678,73.115],[-95.729,73.15]]],[[[-96.956,73.276],[-97.101,73.247],[-97.009,73.225],[-96.856,73.227],[-96.956,73.276]]],[[[-95.755,73.025],[-95.784,72.893],[-95.658,72.92],[-95.719,72.95],[-95.755,73.025]]],[[[-96.699,72.904],[-96.879,72.854],[-96.985,72.769],[-96.919,72.738],[-96.714,72.729],[-96.6,72.788],[-96.696,72.83],[-96.658,72.869],[-96.699,72.904]]],[[[-78.095,73.665],[-78.286,73.671],[-78.549,73.66],[-78.943,73.663],[-79.086,73.633],[-79.523,73.637],[-79.601,73.666],[-80.051,73.723],[-80.116,73.692],[-80.419,73.766],[-80.781,73.757],[-80.769,73.67],[-80.892,73.612],[-80.864,73.547],[-80.772,73.515],[-80.86,73.479],[-80.839,73.411],[-80.877,73.342],[-80.765,73.278],[-80.399,73.249],[-80.219,73.252],[-80.124,73.219],[-80.107,73.177],[-80.153,73.064],[-80.111,72.975],[-80.016,72.929],[-80,72.867],[-79.794,72.829],[-79.575,72.756],[-79.348,72.741],[-79.115,72.76],[-78.858,72.81],[-78.421,72.881],[-78.213,72.899],[-78.079,72.892],[-77.715,72.903],[-77.421,72.884],[-77.265,72.859],[-76.833,72.837],[-76.685,72.84],[-76.497,72.817],[-76.218,72.832],[-76.07,72.864],[-76.056,72.927],[-76.328,72.958],[-76.323,73.067],[-76.25,73.093],[-76.418,73.122],[-76.615,73.13],[-76.649,73.174],[-76.577,73.231],[-76.731,73.284],[-76.747,73.324],[-76.914,73.323],[-77.047,73.37],[-77.022,73.398],[-77.146,73.454],[-77.207,73.515],[-77.358,73.528],[-77.413,73.555],[-77.823,73.604],[-78.095,73.665]]],[[[-96.812,73.194],[-97.037,73.149],[-97.119,73.092],[-97.078,72.986],[-96.964,72.933],[-96.83,72.926],[-96.645,72.948],[-96.541,73.044],[-96.563,73.087],[-96.71,73.139],[-96.699,73.165],[-96.812,73.194]]],[[[-62.263,66.266],[-62.422,66.226],[-62.391,66.208],[-62.149,66.206],[-62.263,66.266]]],[[[-62.128,65.927],[-62.276,65.915],[-62.157,65.869],[-62.128,65.927]]],[[[-62.285,65.74],[-62.472,65.726],[-62.431,65.674],[-62.45,65.646],[-62.344,65.621],[-62.204,65.629],[-62.166,65.657],[-62.285,65.74]]],[[[-83.258,66.359],[-83.236,66.306],[-83.273,66.256],[-83.066,66.203],[-82.986,66.2],[-82.91,66.25],[-83.048,66.258],[-83.102,66.308],[-83.194,66.322],[-83.258,66.359]]],[[[-66.861,66.407],[-66.866,66.384],[-66.787,66.341],[-66.63,66.292],[-66.565,66.319],[-66.663,66.359],[-66.781,66.375],[-66.861,66.407]]],[[[-62.1,67.121],[-62.303,67.085],[-62.242,67.064],[-62.073,67.096],[-62.1,67.121]]],[[[-63.099,67.025],[-63.134,66.989],[-63.093,66.953],[-63.008,66.956],[-63.099,67.025]]],[[[-62.956,67.061],[-63.096,67.077],[-63.076,67.022],[-62.98,66.997],[-62.917,67.028],[-62.956,67.061]]],[[[-62.402,67.197],[-62.424,67.181],[-62.598,67.178],[-62.683,67.111],[-62.759,67.095],[-62.833,67.023],[-62.772,67.002],[-62.659,67.042],[-62.604,67.088],[-62.448,67.126],[-62.371,67.164],[-62.402,67.197]]],[[[-63.927,67.643],[-63.973,67.585],[-64.044,67.545],[-64,67.487],[-63.75,67.499],[-63.764,67.55],[-63.878,67.589],[-63.927,67.643]]],[[[-97.379,67.742],[-97.385,67.699],[-97.486,67.699],[-97.532,67.653],[-97.48,67.625],[-97.38,67.64],[-97.291,67.691],[-97.379,67.742]]],[[[-108.475,67.576],[-108.479,67.524],[-108.369,67.462],[-108.299,67.51],[-108.347,67.547],[-108.475,67.576]]],[[[-108.174,67.57],[-108.159,67.498],[-108.224,67.457],[-108.117,67.449],[-108.174,67.57]]],[[[-108.081,67.678],[-108.102,67.668],[-108.118,67.549],[-108.032,67.533],[-107.9,67.548],[-107.926,67.615],[-107.975,67.664],[-108.081,67.678]]],[[[-107.71,67.325],[-107.733,67.317],[-107.658,67.225],[-107.612,67.239],[-107.638,67.296],[-107.71,67.325]]],[[[-107.602,67.22],[-107.635,67.198],[-107.546,67.111],[-107.466,67.079],[-107.301,67.094],[-107.416,67.129],[-107.602,67.22]]],[[[-63.475,67.345],[-63.595,67.333],[-63.698,67.342],[-63.761,67.273],[-63.422,67.27],[-63.365,67.299],[-63.475,67.345]]],[[[-107.898,67.495],[-108.038,67.432],[-107.992,67.356],[-107.909,67.371],[-107.867,67.41],[-107.898,67.495]]],[[[-75.759,68.336],[-75.889,68.344],[-76.085,68.296],[-76.253,68.31],[-76.272,68.339],[-76.431,68.298],[-76.643,68.265],[-76.746,68.219],[-76.867,68.13],[-76.953,68.089],[-76.98,68.045],[-77.202,67.844],[-77.291,67.728],[-77.288,67.678],[-77.215,67.546],[-77.219,67.454],[-77.176,67.431],[-77.116,67.348],[-76.994,67.24],[-76.799,67.227],[-76.693,67.209],[-76.569,67.222],[-76.485,67.247],[-76.427,67.23],[-76.272,67.255],[-76.034,67.24],[-75.759,67.271],[-75.448,67.342],[-75.154,67.459],[-75.042,67.599],[-75.055,67.789],[-75.142,67.938],[-75.13,67.975],[-75.035,68.038],[-75.006,68.11],[-75.023,68.174],[-75.2,68.249],[-75.397,68.259],[-75.584,68.306],[-75.759,68.336]]],[[[-65.088,64.591],[-65.191,64.578],[-65.135,64.543],[-65.035,64.555],[-65.088,64.591]]],[[[-66.112,64.938],[-66.22,64.921],[-66.117,64.885],[-66.112,64.938]]],[[[-73.769,64.527],[-73.769,64.424],[-73.67,64.458],[-73.703,64.503],[-73.769,64.527]]],[[[-75.652,64.359],[-75.564,64.306],[-75.512,64.331],[-75.652,64.359]]],[[[-64.902,64.401],[-64.938,64.363],[-64.845,64.29],[-64.777,64.323],[-64.902,64.401]]],[[[-73.734,64.406],[-73.799,64.342],[-73.742,64.277],[-73.693,64.272],[-73.71,64.379],[-73.734,64.406]]],[[[-74.245,64.553],[-74.325,64.536],[-74.243,64.492],[-74.184,64.532],[-74.245,64.553]]],[[[-65.349,64.752],[-65.432,64.663],[-65.613,64.59],[-65.672,64.515],[-65.433,64.514],[-65.352,64.592],[-65.282,64.596],[-65.219,64.627],[-65.224,64.698],[-65.349,64.752]]],[[[-65.511,65.901],[-65.639,65.879],[-65.646,65.835],[-65.523,65.848],[-65.511,65.901]]],[[[-83.354,65.864],[-83.561,65.853],[-83.494,65.806],[-83.408,65.808],[-83.248,65.843],[-83.354,65.864]]],[[[-63.225,65.316],[-63.322,65.314],[-63.275,65.256],[-63.183,65.277],[-63.225,65.316]]],[[[-66.915,65.36],[-66.998,65.344],[-67.024,65.283],[-66.956,65.275],[-66.915,65.36]]],[[[-85.081,66.03],[-85.16,65.989],[-85.107,65.901],[-85.131,65.84],[-85.113,65.76],[-84.996,65.701],[-84.875,65.672],[-84.824,65.592],[-84.728,65.541],[-84.632,65.557],[-84.554,65.617],[-84.598,65.666],[-84.64,65.768],[-84.697,65.797],[-84.791,65.908],[-84.876,65.941],[-84.915,66.017],[-85.081,66.03]]],[[[-84.391,66.143],[-84.451,66.12],[-84.423,66.034],[-84.334,65.986],[-84.257,66.006],[-84.151,65.961],[-84.179,65.926],[-84.103,65.901],[-84.122,65.862],[-84.065,65.801],[-84.076,65.762],[-83.98,65.728],[-83.86,65.763],[-83.77,65.721],[-83.787,65.679],[-83.652,65.64],[-83.435,65.648],[-83.368,65.616],[-83.217,65.65],[-83.298,65.727],[-83.475,65.721],[-83.613,65.755],[-83.702,65.8],[-83.644,65.905],[-83.676,65.934],[-83.918,66.007],[-83.977,66.041],[-84.291,66.108],[-84.391,66.143]]],[[[-93.065,61.93],[-93.239,61.912],[-93.264,61.878],[-93.127,61.863],[-93.118,61.834],[-93.005,61.839],[-92.988,61.876],[-93.065,61.93]]],[[[-65.101,61.935],[-65.178,61.936],[-65.234,61.868],[-65.173,61.845],[-65.182,61.815],[-65.125,61.777],[-65.056,61.776],[-64.926,61.714],[-64.799,61.735],[-64.845,61.814],[-65.101,61.935]]],[[[-73.986,62.664],[-74.18,62.68],[-74.337,62.661],[-74.419,62.713],[-74.502,62.724],[-74.6,62.689],[-74.484,62.653],[-74.368,62.646],[-74.305,62.619],[-74.183,62.601],[-73.984,62.599],[-73.934,62.608],[-73.986,62.664]]],[[[-91.191,62.703],[-91.215,62.68],[-91.073,62.649],[-91.01,62.672],[-91.191,62.703]]],[[[-90.752,63.505],[-90.725,63.451],[-90.627,63.442],[-90.653,63.493],[-90.752,63.505]]],[[[-64.713,63.257],[-64.731,63.207],[-64.653,63.214],[-64.713,63.257]]],[[[-67.834,63.245],[-67.844,63.211],[-67.767,63.17],[-67.726,63.187],[-67.834,63.245]]],[[[-77.951,63.469],[-78.134,63.467],[-78.17,63.487],[-78.276,63.478],[-78.51,63.433],[-78.514,63.404],[-78.405,63.349],[-78.247,63.246],[-78.212,63.24],[-78.09,63.154],[-77.946,63.092],[-77.869,63.091],[-77.639,63.163],[-77.552,63.172],[-77.494,63.266],[-77.619,63.358],[-77.663,63.426],[-77.744,63.407],[-77.779,63.45],[-77.951,63.469]]],[[[-64.508,64.149],[-64.579,64.143],[-64.501,64.087],[-64.44,64.11],[-64.508,64.149]]],[[[-64.873,64.092],[-64.998,64.11],[-64.974,64.062],[-64.873,64.092]]],[[[-72.972,64.157],[-73.066,64.099],[-72.991,64.092],[-72.972,64.157]]],[[[-65.164,64.228],[-65.205,64.213],[-65.149,64.156],[-65.094,64.141],[-65.013,64.163],[-65.027,64.189],[-65.164,64.228]]],[[[-77.566,64.036],[-77.742,64.039],[-77.926,64.023],[-77.955,63.956],[-77.686,63.924],[-77.568,63.997],[-77.566,64.036]]],[[[-64.162,63.864],[-64.342,63.819],[-64.228,63.767],[-64.179,63.775],[-64.162,63.864]]],[[[-64.354,63.814],[-64.362,63.754],[-64.309,63.711],[-64.24,63.728],[-64.251,63.768],[-64.354,63.814]]],[[[-64.353,63.672],[-64.46,63.642],[-64.454,63.568],[-64.38,63.53],[-64.395,63.491],[-64.354,63.463],[-64.354,63.405],[-64.286,63.376],[-64.24,63.327],[-64.096,63.318],[-64.155,63.379],[-64.208,63.387],[-64.247,63.518],[-64.316,63.567],[-64.306,63.642],[-64.353,63.672]]],[[[-64.959,63.563],[-64.986,63.546],[-64.976,63.473],[-64.933,63.425],[-64.822,63.39],[-64.843,63.484],[-64.885,63.533],[-64.959,63.563]]],[[[-78.446,63.517],[-78.516,63.491],[-78.533,63.445],[-78.432,63.453],[-78.446,63.517]]],[[[-77.028,63.676],[-77.197,63.687],[-77.359,63.682],[-77.417,63.658],[-77.411,63.595],[-77.326,63.57],[-77.144,63.482],[-77.095,63.472],[-77.041,63.422],[-76.944,63.396],[-76.694,63.365],[-76.666,63.396],[-76.542,63.448],[-76.673,63.476],[-76.616,63.516],[-76.672,63.534],[-76.772,63.601],[-76.867,63.62],[-77.028,63.676]]],[[[-91.516,63.61],[-91.496,63.567],[-91.435,63.543],[-91.338,63.579],[-91.516,63.61]]],[[[-71.618,63.631],[-71.719,63.615],[-71.639,63.583],[-71.618,63.631]]],[[[-63.952,63.646],[-64.052,63.621],[-64.018,63.586],[-63.94,63.607],[-63.952,63.646]]],[[[-64.148,63.636],[-64.196,63.615],[-64.152,63.538],[-64.044,63.54],[-64.148,63.636]]],[[[-71.819,63.694],[-71.847,63.645],[-71.777,63.613],[-71.747,63.669],[-71.819,63.694]]],[[[-64.064,63.757],[-64.138,63.748],[-64.201,63.697],[-64.039,63.716],[-64.064,63.757]]],[[[-64.532,63.907],[-64.621,63.916],[-64.803,63.871],[-64.898,63.836],[-64.906,63.796],[-64.748,63.756],[-64.656,63.777],[-64.627,63.75],[-64.516,63.721],[-64.467,63.669],[-64.375,63.686],[-64.373,63.734],[-64.426,63.782],[-64.506,63.753],[-64.547,63.778],[-64.537,63.821],[-64.585,63.85],[-64.532,63.907]]],[[[-79.603,62.415],[-79.787,62.378],[-79.856,62.391],[-79.942,62.369],[-80.023,62.272],[-80.151,62.206],[-80.213,62.138],[-80.21,62.101],[-80.267,62.004],[-80.272,61.911],[-80.243,61.841],[-80.181,61.786],[-80.076,61.758],[-79.984,61.718],[-79.883,61.596],[-79.806,61.571],[-79.715,61.594],[-79.674,61.622],[-79.674,61.662],[-79.596,61.702],[-79.525,61.785],[-79.535,61.809],[-79.452,61.875],[-79.461,61.936],[-79.327,62.05],[-79.332,62.114],[-79.282,62.176],[-79.301,62.217],[-79.261,62.24],[-79.323,62.285],[-79.457,62.355],[-79.473,62.383],[-79.603,62.415]]],[[[-65.89,62.152],[-65.954,62.129],[-65.893,62.087],[-65.825,62.089],[-65.833,62.13],[-65.89,62.152]]],[[[-64.372,62.532],[-64.461,62.543],[-64.665,62.533],[-64.726,62.56],[-64.819,62.548],[-64.837,62.515],[-64.908,62.489],[-64.916,62.421],[-64.754,62.396],[-64.632,62.363],[-64.544,62.365],[-64.45,62.404],[-64.373,62.468],[-64.372,62.532]]],[[[-77.639,62.585],[-77.833,62.585],[-77.763,62.535],[-77.639,62.585]]],[[[-77.871,62.589],[-77.993,62.594],[-78.109,62.562],[-77.892,62.539],[-77.871,62.589]]],[[[-64.88,62.606],[-65.024,62.591],[-65.077,62.544],[-64.956,62.528],[-64.852,62.554],[-64.88,62.606]]],[[[-82.185,62.986],[-82.319,62.984],[-82.432,62.928],[-82.716,62.94],[-82.808,62.917],[-83.017,62.844],[-83.127,62.857],[-83.17,62.908],[-83.3,62.929],[-83.39,62.904],[-83.531,62.835],[-83.589,62.749],[-83.574,62.686],[-83.629,62.668],[-83.745,62.566],[-83.938,62.484],[-83.961,62.431],[-83.903,62.383],[-83.751,62.308],[-83.73,62.276],[-83.734,62.159],[-83.711,62.14],[-83.592,62.174],[-83.529,62.216],[-83.424,62.251],[-83.306,62.258],[-83.164,62.206],[-83.069,62.186],[-82.803,62.281],[-82.673,62.371],[-82.567,62.423],[-82.47,62.45],[-82.406,62.521],[-82.294,62.586],[-82.128,62.613],[-82.077,62.652],[-81.958,62.71],[-81.953,62.834],[-81.867,62.915],[-82.185,62.986]]],[[[-70.779,62.842],[-71.009,62.873],[-71.214,62.89],[-71.2,62.864],[-71.08,62.834],[-71.002,62.83],[-70.939,62.797],[-70.773,62.768],[-70.854,62.744],[-70.78,62.603],[-70.714,62.591],[-70.714,62.554],[-70.588,62.558],[-70.351,62.527],[-70.221,62.549],[-70.169,62.577],[-70.198,62.613],[-70.381,62.708],[-70.389,62.739],[-70.513,62.781],[-70.779,62.842]]],[[[-81.424,64.232],[-81.472,64.233],[-81.53,64.184],[-81.456,64.179],[-81.384,64.205],[-81.424,64.232]]],[[[-64.999,64.352],[-65.067,64.336],[-65.082,64.296],[-65.032,64.208],[-64.976,64.192],[-64.901,64.23],[-64.899,64.27],[-64.956,64.284],[-64.999,64.352]]],[[[-85.497,65.923],[-85.599,65.909],[-85.731,65.856],[-85.779,65.82],[-85.873,65.789],[-85.997,65.704],[-86.053,65.561],[-86.098,65.498],[-86.133,65.409],[-86.096,65.352],[-86.157,65.286],[-86.117,65.162],[-86.127,65.103],[-86.211,64.986],[-86.13,64.92],[-86.199,64.865],[-86.183,64.825],[-86.265,64.751],[-86.273,64.719],[-86.384,64.6],[-86.393,64.486],[-86.333,64.276],[-86.304,64.227],[-86.185,64.17],[-86.183,64.085],[-86.361,64.062],[-86.47,64.018],[-86.809,63.946],[-86.982,63.87],[-87.138,63.748],[-87.209,63.714],[-87.212,63.615],[-87.101,63.552],[-86.937,63.546],[-86.761,63.58],[-86.667,63.64],[-86.576,63.661],[-86.42,63.66],[-86.265,63.635],[-86.005,63.685],[-85.716,63.7],[-85.616,63.683],[-85.588,63.654],[-85.606,63.559],[-85.596,63.498],[-85.648,63.438],[-85.662,63.343],[-85.609,63.176],[-85.506,63.107],[-85.349,63.114],[-85.213,63.108],[-84.979,63.162],[-84.803,63.221],[-84.665,63.291],[-84.575,63.312],[-84.464,63.371],[-84.439,63.483],[-84.359,63.565],[-84.249,63.618],[-84.188,63.622],[-84.117,63.594],[-84.04,63.615],[-84,63.653],[-83.908,63.672],[-83.733,63.774],[-83.654,63.753],[-83.599,63.774],[-83.578,63.819],[-83.627,63.863],[-83.594,63.923],[-83.658,64.016],[-83.598,64.026],[-83.53,64.103],[-83.463,64.119],[-83.396,64.102],[-83.293,64.142],[-83.202,64.112],[-83.124,64.166],[-83.013,64.178],[-82.933,64.131],[-82.958,64.106],[-83.124,64.011],[-83.126,63.964],[-83.065,63.939],[-82.902,63.973],[-82.797,63.96],[-82.525,63.954],[-82.352,63.89],[-82.311,63.832],[-82.378,63.826],[-82.492,63.788],[-82.528,63.738],[-82.415,63.67],[-82.296,63.645],[-82.2,63.681],[-82.061,63.686],[-81.892,63.624],[-81.74,63.614],[-81.619,63.561],[-81.51,63.563],[-81.286,63.494],[-81.036,63.445],[-80.926,63.462],[-80.933,63.511],[-80.842,63.527],[-80.799,63.563],[-80.574,63.633],[-80.515,63.669],[-80.474,63.723],[-80.287,63.737],[-80.214,63.724],[-80.158,63.763],[-80.203,63.798],[-80.465,63.851],[-80.6,63.858],[-80.539,63.982],[-80.699,63.993],[-80.737,64.054],[-80.917,64.117],[-80.913,64.079],[-80.974,64.059],[-80.999,63.984],[-81.076,64.022],[-81.255,64.045],[-81.288,64.074],[-81.391,64.059],[-81.494,64.025],[-81.612,64.022],[-81.701,64.001],[-81.948,63.971],[-82.012,63.991],[-81.998,64.029],[-81.883,64.076],[-81.707,64.086],[-81.625,64.122],[-81.582,64.166],[-81.755,64.312],[-81.729,64.337],[-81.74,64.411],[-81.772,64.44],[-81.745,64.49],[-81.879,64.573],[-82.036,64.637],[-82.057,64.672],[-82.184,64.695],[-82.371,64.765],[-82.482,64.735],[-82.57,64.764],[-82.664,64.77],[-82.775,64.807],[-82.835,64.856],[-83.012,64.915],[-83.175,64.946],[-83.303,65.003],[-83.313,65.074],[-83.419,65.145],[-83.499,65.16],[-83.709,65.149],[-83.804,65.158],[-83.986,65.195],[-84.111,65.209],[-84.215,65.264],[-84.151,65.295],[-84.199,65.362],[-84.345,65.378],[-84.42,65.417],[-84.427,65.457],[-84.525,65.482],[-84.733,65.326],[-84.718,65.276],[-84.777,65.211],[-84.865,65.206],[-84.985,65.331],[-85,65.421],[-85.059,65.456],[-85.267,65.524],[-85.064,65.572],[-85.025,65.612],[-85.129,65.69],[-85.124,65.733],[-85.184,65.804],[-85.236,65.819],[-85.381,65.824],[-85.453,65.792],[-85.501,65.836],[-85.465,65.88],[-85.497,65.923]]],[[[-94.828,60],[-94.78,60.069],[-94.709,60.104],[-94.756,60.17],[-94.726,60.191],[-94.722,60.278],[-94.645,60.381],[-94.703,60.475],[-94.657,60.522],[-94.557,60.536],[-94.524,60.634],[-94.43,60.7],[-94.446,60.74],[-94.328,60.861],[-94.228,60.885],[-94.21,60.962],[-94.171,61.007],[-94.168,61.065],[-94.09,61.115],[-94.08,61.167],[-94.013,61.206],[-94.057,61.281],[-93.905,61.294],[-93.816,61.34],[-93.875,61.386],[-93.967,61.395],[-93.994,61.452],[-93.889,61.535],[-93.779,61.551],[-93.764,61.581],[-93.662,61.628],[-93.562,61.655],[-93.53,61.681],[-93.388,61.694],[-93.39,61.725],[-93.574,61.707],[-93.648,61.76],[-93.48,61.766],[-93.367,61.738],[-93.284,61.741],[-93.28,61.783],[-93.412,61.778],[-93.458,61.811],[-93.63,61.858],[-93.532,61.886],[-93.601,61.957],[-93.346,61.892],[-93.299,61.913],[-93.366,61.947],[-93.225,61.958],[-93.321,61.996],[-93.102,62.039],[-93.018,62.066],[-92.972,62.111],[-93.099,62.105],[-93.04,62.202],[-92.874,62.22],[-92.795,62.19],[-92.768,62.25],[-92.846,62.278],[-92.98,62.295],[-93.026,62.325],[-92.722,62.297],[-92.657,62.265],[-92.641,62.227],[-92.556,62.228],[-92.545,62.308],[-92.733,62.372],[-92.699,62.392],[-92.729,62.475],[-92.608,62.482],[-92.545,62.455],[-92.499,62.405],[-92.306,62.389],[-92.274,62.356],[-92.177,62.365],[-92.279,62.424],[-92.397,62.406],[-92.539,62.452],[-92.517,62.489],[-92.556,62.568],[-92.45,62.528],[-92.384,62.532],[-92.323,62.564],[-92.167,62.568],[-92.165,62.54],[-92.064,62.526],[-91.865,62.578],[-91.859,62.618],[-91.9,62.655],[-92.003,62.643],[-92.156,62.663],[-92.305,62.706],[-92.429,62.803],[-92.36,62.845],[-92.228,62.833],[-92.078,62.794],[-92.109,62.862],[-91.865,62.823],[-91.773,62.834],[-91.655,62.804],[-91.494,62.802],[-91.432,62.791],[-91.351,62.832],[-91.211,62.85],[-91.145,62.894],[-91.014,62.939],[-90.901,62.941],[-90.813,62.918],[-90.713,62.956],[-90.752,62.985],[-90.625,63.083],[-90.697,63.133],[-90.66,63.159],[-90.689,63.225],[-90.734,63.247],[-90.754,63.323],[-90.831,63.374],[-90.864,63.42],[-90.995,63.471],[-91.111,63.477],[-91.287,63.502],[-91.343,63.493],[-91.493,63.541],[-91.513,63.577],[-91.638,63.589],[-91.597,63.637],[-91.707,63.704],[-91.787,63.722],[-91.991,63.683],[-92.097,63.683],[-92.238,63.745],[-92.393,63.724],[-92.465,63.801],[-92.522,63.816],[-92.601,63.767],[-92.795,63.829],[-92.831,63.825],[-93.01,63.867],[-93.095,63.869],[-93.128,63.898],[-93.22,63.902],[-93.364,63.966],[-93.431,63.963],[-93.447,63.916],[-93.368,63.872],[-93.37,63.844],[-93.481,63.84],[-93.599,63.871],[-93.717,63.954],[-93.667,63.98],[-93.53,63.979],[-93.554,64.069],[-93.452,64.014],[-93.347,63.987],[-93.124,63.951],[-93.094,63.921],[-92.958,63.941],[-92.928,63.894],[-92.831,63.896],[-92.737,63.875],[-92.691,63.832],[-92.482,63.826],[-92.348,63.765],[-92.253,63.77],[-92.098,63.731],[-91.982,63.739],[-91.69,63.73],[-91.63,63.711],[-91.526,63.719],[-91.405,63.678],[-91.323,63.635],[-91.133,63.619],[-91,63.596],[-90.958,63.549],[-90.821,63.502],[-90.668,63.511],[-90.721,63.554],[-90.549,63.59],[-90.509,63.627],[-90.44,63.61],[-90.296,63.607],[-90.15,63.628],[-90.11,63.723],[-89.984,63.815],[-90.112,63.902],[-90.11,63.952],[-89.991,63.96],[-89.914,63.927],[-89.824,63.921],[-89.874,64.061],[-89.947,64.128],[-90.057,64.112],[-90.092,64.137],[-89.968,64.157],[-89.796,64.136],[-89.794,64.097],[-89.547,64.018],[-89.379,64.039],[-89.295,63.979],[-89.093,63.966],[-89.141,64.025],[-89.045,64.03],[-88.976,64.008],[-88.753,63.983],[-88.575,64.028],[-88.441,64.075],[-88.49,64.103],[-88.31,64.112],[-88.268,64.143],[-88.052,64.183],[-88.02,64.221],[-88.048,64.252],[-88.004,64.295],[-87.909,64.33],[-87.851,64.372],[-87.855,64.457],[-87.769,64.519],[-87.674,64.528],[-87.646,64.555],[-87.552,64.568],[-87.556,64.601],[-87.467,64.71],[-87.291,64.757],[-87.309,64.789],[-87.174,64.935],[-87.052,64.961],[-87.059,65.024],[-86.971,65.053],[-87.002,65.086],[-86.924,65.14],[-87.069,65.24],[-87.235,65.263],[-87.553,65.292],[-88.091,65.279],[-88.305,65.281],[-88.57,65.3],[-88.606,65.316],[-89.034,65.323],[-89.133,65.382],[-89.171,65.442],[-89.34,65.489],[-89.435,65.563],[-89.428,65.599],[-89.564,65.636],[-89.627,65.693],[-89.809,65.743],[-90.015,65.811],[-90.112,65.817],[-90.304,65.858],[-90.154,65.869],[-90.034,65.894],[-89.879,65.868],[-89.815,65.835],[-89.743,65.931],[-89.632,65.931],[-89.5,65.884],[-89.353,65.852],[-89.043,65.714],[-88.913,65.685],[-88.831,65.701],[-88.677,65.664],[-88.794,65.649],[-88.675,65.608],[-88.419,65.541],[-88.339,65.483],[-88.248,65.448],[-88.216,65.403],[-88.103,65.386],[-88.009,65.343],[-87.873,65.324],[-87.562,65.329],[-87.369,65.325],[-87.199,65.358],[-87.125,65.406],[-87.103,65.45],[-87.009,65.479],[-86.969,65.525],[-86.691,65.608],[-86.68,65.645],[-86.526,65.686],[-86.443,65.781],[-86.453,65.835],[-86.404,65.901],[-86.355,65.896],[-86.239,65.931],[-86.19,65.976],[-85.959,66.033],[-85.994,66.1],[-85.879,66.159],[-85.9,66.197],[-86.045,66.209],[-86.083,66.233],[-86.318,66.287],[-86.584,66.307],[-86.773,66.429],[-86.716,66.534],[-86.577,66.511],[-86.528,66.547],[-86.39,66.518],[-86.161,66.515],[-86.069,66.496],[-85.876,66.519],[-85.832,66.503],[-85.652,66.538],[-85.589,66.565],[-85.448,66.585],[-85.322,66.493],[-85.315,66.439],[-85.254,66.285],[-85.157,66.269],[-85.082,66.29],[-85.006,66.276],[-84.928,66.232],[-84.862,66.257],[-84.765,66.218],[-84.629,66.225],[-84.528,66.201],[-84.448,66.159],[-84.35,66.168],[-84.359,66.219],[-84.54,66.31],[-84.62,66.338],[-84.485,66.405],[-84.395,66.354],[-84.363,66.289],[-84.156,66.309],[-84.118,66.263],[-84.007,66.233],[-83.952,66.195],[-83.668,66.181],[-83.661,66.217],[-83.828,66.314],[-83.883,66.45],[-84.051,66.539],[-84.143,66.566],[-84.144,66.619],[-84.104,66.681],[-84.357,66.705],[-84.412,66.721],[-84.286,66.768],[-84.302,66.784],[-84.425,66.786],[-84.511,66.846],[-84.643,66.881],[-84.561,66.931],[-84.69,66.955],[-84.862,66.944],[-84.871,66.888],[-85.031,66.836],[-85.168,66.862],[-85.027,66.963],[-84.912,66.959],[-84.747,66.975],[-84.533,66.98],[-84.438,66.935],[-84.371,66.868],[-84.435,66.851],[-84.402,66.803],[-84.26,66.789],[-84.244,66.781],[-84.311,66.752],[-84.27,66.716],[-84.104,66.7],[-83.996,66.773],[-83.924,66.709],[-83.984,66.697],[-83.975,66.615],[-83.93,66.578],[-83.813,66.543],[-83.656,66.521],[-83.618,66.473],[-83.496,66.407],[-83.574,66.397],[-83.543,66.339],[-83.337,66.356],[-83.094,66.441],[-82.991,66.488],[-82.985,66.548],[-82.863,66.566],[-82.68,66.554],[-82.57,66.569],[-82.539,66.63],[-82.434,66.657],[-82.426,66.69],[-82.302,66.725],[-82.14,66.702],[-82.157,66.778],[-82.092,66.812],[-82.023,66.879],[-82.026,66.91],[-81.912,66.97],[-81.788,66.995],[-81.714,66.966],[-81.564,67.01],[-81.46,66.995],[-81.4,67.11],[-81.345,67.169],[-81.33,67.302],[-81.196,67.462],[-81.286,67.529],[-81.358,67.558],[-81.37,67.594],[-81.57,67.654],[-81.618,67.709],[-81.735,67.755],[-81.813,67.769],[-81.827,67.806],[-81.916,67.819],[-81.953,67.856],[-82.083,67.908],[-82.106,67.968],[-82.175,68.005],[-82.105,68.04],[-82.105,68.097],[-82.31,68.149],[-82.249,68.272],[-82.39,68.276],[-82.411,68.317],[-82.144,68.334],[-82.088,68.304],[-81.998,68.332],[-82.122,68.373],[-82.346,68.361],[-82.469,68.404],[-82.626,68.399],[-82.644,68.443],[-82.486,68.44],[-82.494,68.467],[-82.631,68.503],[-82.599,68.521],[-82.453,68.479],[-82.256,68.455],[-82.174,68.495],[-82.296,68.573],[-82.466,68.615],[-82.676,68.608],[-82.686,68.696],[-82.627,68.762],[-82.502,68.712],[-82.392,68.711],[-82.24,68.73],[-82.188,68.771],[-82.272,68.836],[-82.337,68.858],[-82.281,68.913],[-82.195,68.826],[-82.033,68.804],[-81.984,68.712],[-82,68.665],[-82.087,68.598],[-82.195,68.635],[-82.287,68.569],[-82.158,68.52],[-82.062,68.507],[-82,68.441],[-81.907,68.437],[-81.784,68.463],[-81.719,68.53],[-81.593,68.514],[-81.555,68.536],[-81.346,68.589],[-81.237,68.639],[-81.222,68.681],[-81.248,68.751],[-81.206,68.773],[-81.306,68.854],[-81.357,68.871],[-81.481,68.863],[-81.61,68.901],[-81.853,68.913],[-81.651,68.961],[-81.52,69.004],[-81.456,69.071],[-81.307,69.098],[-81.311,69.189],[-81.381,69.211],[-81.491,69.206],[-81.665,69.265],[-81.756,69.259],[-82.003,69.272],[-82.019,69.242],[-82.171,69.23],[-82.252,69.247],[-82.118,69.292],[-82.299,69.367],[-82.269,69.405],[-82.374,69.432],[-82.639,69.479],[-82.513,69.545],[-82.585,69.572],[-82.522,69.597],[-82.585,69.653],[-82.562,69.688],[-82.824,69.686],[-82.954,69.702],[-83.112,69.692],[-83.279,69.707],[-83.328,69.679],[-83.547,69.685],[-83.81,69.733],[-84.051,69.762],[-84.1,69.812],[-84.313,69.851],[-84.548,69.864],[-84.702,69.836],[-84.988,69.804],[-85.078,69.779],[-85.378,69.853],[-85.556,69.853],[-85.573,69.818],[-85.376,69.827],[-85.463,69.768],[-85.412,69.73],[-85.501,69.69],[-85.525,69.645],[-85.383,69.576],[-85.469,69.564],[-85.517,69.52],[-85.478,69.443],[-85.487,69.323],[-85.45,69.26],[-85.313,69.187],[-85.291,69.145],[-85.081,69.113],[-84.971,69.122],[-84.859,69.072],[-84.74,69.081],[-84.747,69.029],[-84.888,69.011],[-84.91,68.98],[-84.793,68.967],[-84.808,68.938],[-85.065,68.962],[-84.992,68.876],[-85.166,68.872],[-85.151,68.825],[-85.003,68.807],[-84.853,68.824],[-84.726,68.769],[-84.771,68.738],[-84.95,68.758],[-85.117,68.75],[-85.273,68.759],[-85.411,68.783],[-85.542,68.727],[-85.615,68.741],[-85.718,68.628],[-85.72,68.561],[-85.689,68.488],[-85.725,68.44],[-85.7,68.403],[-85.749,68.367],[-85.768,68.303],[-85.845,68.236],[-85.891,68.1],[-85.868,68.061],[-85.93,68.016],[-86.07,67.979],[-86.168,67.912],[-86.234,67.894],[-86.405,67.784],[-86.51,67.686],[-86.431,67.587],[-86.477,67.555],[-86.476,67.453],[-86.528,67.434],[-86.493,67.365],[-86.661,67.374],[-86.745,67.423],[-86.856,67.411],[-86.886,67.377],[-87.074,67.328],[-86.989,67.301],[-86.981,67.265],[-87.055,67.253],[-87.067,67.215],[-87.214,67.226],[-87.223,67.176],[-87.302,67.183],[-87.371,67.227],[-87.336,67.265],[-87.444,67.3],[-87.465,67.365],[-87.544,67.377],[-87.648,67.457],[-87.745,67.5],[-87.909,67.609],[-88.119,67.676],[-88.112,67.736],[-88.178,67.754],[-88.392,67.985],[-88.275,68.104],[-88.27,68.155],[-88.385,68.282],[-88.175,68.354],[-88.183,68.254],[-87.912,68.216],[-87.838,68.247],[-87.785,68.319],[-87.774,68.402],[-87.941,68.594],[-87.905,68.657],[-87.932,68.73],[-88.047,68.817],[-88.229,68.923],[-88.48,68.993],[-88.776,69.096],[-88.861,69.15],[-88.958,69.242],[-89.12,69.277],[-89.264,69.265],[-89.377,69.226],[-89.387,69.193],[-89.499,69.104],[-89.63,69.061],[-89.754,68.955],[-89.717,68.839],[-89.673,68.817],[-89.718,68.709],[-89.817,68.699],[-89.938,68.623],[-89.913,68.557],[-89.83,68.534],[-89.979,68.446],[-89.975,68.383],[-90.061,68.323],[-90.131,68.306],[-90.101,68.253],[-90.22,68.24],[-90.319,68.308],[-90.29,68.378],[-90.527,68.415],[-90.595,68.451],[-90.479,68.512],[-90.514,68.556],[-90.468,68.595],[-90.511,68.64],[-90.469,68.689],[-90.521,68.74],[-90.442,68.791],[-90.456,68.898],[-90.575,68.927],[-90.553,68.958],[-90.602,68.997],[-90.681,68.997],[-90.647,69.084],[-90.895,69.163],[-91.119,69.251],[-91.045,69.27],[-90.873,69.249],[-90.811,69.257],[-90.831,69.334],[-90.757,69.377],[-90.609,69.42],[-90.499,69.431],[-90.408,69.488],[-90.687,69.548],[-90.787,69.485],[-90.998,69.532],[-91.145,69.517],[-91.179,69.558],[-91.266,69.577],[-91.219,69.613],[-91.271,69.657],[-91.442,69.661],[-91.56,69.626],[-91.583,69.571],[-91.709,69.553],[-91.785,69.505],[-91.933,69.52],[-92.145,69.575],[-92.237,69.613],[-92.213,69.654],[-92.326,69.657],[-92.475,69.702],[-92.629,69.681],[-92.663,69.748],[-92.548,69.81],[-92.383,69.837],[-92.268,69.876],[-92.161,69.944],[-91.943,70.019],[-91.973,70.059],[-92.171,70.098],[-92.448,70.081],[-92.427,70.138],[-92.344,70.186],[-92.259,70.205],[-92.106,70.169],[-92.048,70.132],[-91.931,70.123],[-91.506,70.155],[-91.527,70.195],[-91.68,70.254],[-91.716,70.367],[-91.881,70.372],[-91.903,70.316],[-92.029,70.341],[-92.033,70.428],[-92.117,70.478],[-92.211,70.494],[-92.25,70.583],[-92.149,70.601],[-92.404,70.668],[-92.649,70.693],[-92.624,70.719],[-92.672,70.781],[-92.764,70.814],[-92.944,70.828],[-92.864,70.877],[-92.898,70.906],[-92.888,70.983],[-92.845,71.052],[-92.879,71.079],[-92.84,71.166],[-92.932,71.231],[-92.952,71.35],[-93.123,71.382],[-93.182,71.46],[-93.427,71.538],[-93.616,71.579],[-93.675,71.623],[-93.788,71.658],[-93.669,71.722],[-93.674,71.759],[-93.767,71.776],[-93.9,71.746],[-94.152,71.802],[-94.231,71.752],[-94.367,71.699],[-94.382,71.755],[-94.328,71.809],[-94.469,71.823],[-94.372,71.934],[-94.521,71.999],[-94.682,72],[-95.159,71.959],[-95.232,71.809],[-95.284,71.762],[-95.242,71.738],[-95.441,71.736],[-95.629,71.677],[-95.677,71.639],[-95.832,71.629],[-95.916,71.572],[-95.824,71.512],[-95.507,71.492],[-95.546,71.423],[-95.438,71.389],[-95.492,71.325],[-95.639,71.287],[-95.8,71.337],[-95.885,71.408],[-96.037,71.421],[-96.177,71.394],[-96.254,71.297],[-96.354,71.298],[-96.469,71.266],[-96.412,71.238],[-96.398,71.17],[-96.529,71.134],[-96.364,71.063],[-96.448,71.043],[-96.518,70.902],[-96.58,70.857],[-96.573,70.782],[-96.425,70.743],[-96.338,70.672],[-96.147,70.616],[-96.294,70.497],[-96.313,70.412],[-96.446,70.398],[-96.532,70.331],[-96.549,70.242],[-96.476,70.093],[-96.281,69.985],[-96.053,69.946],[-96.058,69.906],[-96.173,69.861],[-96.07,69.844],[-95.944,69.787],[-95.728,69.791],[-95.388,69.683],[-95.012,69.614],[-94.801,69.564],[-94.711,69.605],[-94.777,69.667],[-94.618,69.677],[-94.542,69.627],[-94.491,69.562],[-94.357,69.499],[-94.284,69.445],[-93.91,69.437],[-93.758,69.479],[-93.693,69.521],[-93.587,69.539],[-93.457,69.503],[-93.452,69.45],[-93.539,69.388],[-93.503,69.354],[-93.446,69.356],[-93.386,69.378],[-93.277,69.395],[-93.17,69.427],[-92.769,69.395],[-92.991,69.271],[-92.991,69.241],[-93.084,69.095],[-93.214,69.088],[-93.131,69.151],[-93.237,69.161],[-93.265,69.202],[-93.226,69.257],[-93.26,69.297],[-93.215,69.394],[-93.321,69.388],[-93.414,69.355],[-93.458,69.319],[-93.539,69.306],[-93.616,69.252],[-93.739,69.199],[-93.85,69.178],[-93.859,69.264],[-93.77,69.316],[-93.653,69.355],[-93.578,69.408],[-93.664,69.419],[-93.852,69.343],[-93.969,69.365],[-94.218,69.336],[-94.277,69.298],[-94.243,69.27],[-94.296,69.165],[-94.216,69.129],[-94.029,69.142],[-94.159,69.087],[-94.188,69.036],[-94.305,69.039],[-94.408,68.949],[-94.479,68.975],[-94.548,68.943],[-94.538,68.856],[-94.587,68.771],[-94.394,68.722],[-94.251,68.761],[-94.204,68.745],[-94.048,68.775],[-93.894,68.841],[-94.034,68.844],[-94.058,68.896],[-93.95,68.946],[-93.831,68.966],[-93.637,68.979],[-93.619,68.878],[-93.564,68.855],[-93.704,68.683],[-93.713,68.625],[-93.615,68.633],[-93.509,68.602],[-93.632,68.526],[-93.722,68.522],[-93.788,68.491],[-93.998,68.461],[-94.194,68.364],[-94.16,68.278],[-94.532,68.16],[-94.651,68.113],[-94.727,68.05],[-94.83,68.032],[-94.983,68.044],[-95.08,68.093],[-95.171,68.06],[-95.254,68.073],[-95.437,68.063],[-95.396,68.016],[-95.478,67.955],[-95.506,67.906],[-95.489,67.864],[-95.557,67.8],[-95.689,67.747],[-95.677,67.706],[-95.556,67.682],[-95.543,67.656],[-95.436,67.639],[-95.316,67.565],[-95.284,67.516],[-95.379,67.465],[-95.289,67.342],[-95.136,67.296],[-95.236,67.265],[-95.217,67.235],[-95.315,67.167],[-95.394,67.17],[-95.529,67.226],[-95.585,67.205],[-95.717,67.222],[-95.524,67.327],[-95.528,67.381],[-95.646,67.334],[-95.772,67.335],[-95.835,67.307],[-96.091,67.223],[-96.143,67.262],[-96.228,67.28],[-96.056,67.435],[-96.21,67.431],[-96.236,67.454],[-96.363,67.455],[-96.474,67.536],[-96.227,67.633],[-96.142,67.62],[-96.123,67.698],[-96.189,67.81],[-96.137,67.886],[-96.097,67.99],[-95.994,68.114],[-96.035,68.183],[-95.959,68.218],[-95.922,68.263],[-96.293,68.198],[-96.419,68.156],[-96.529,68.067],[-96.646,68.023],[-96.755,68.037],[-96.752,68.085],[-96.565,68.133],[-96.466,68.206],[-96.433,68.269],[-96.469,68.288],[-96.609,68.237],[-96.663,68.283],[-96.893,68.248],[-97.049,68.299],[-96.965,68.333],[-97.152,68.401],[-97.198,68.462],[-97.306,68.498],[-97.844,68.538],[-97.976,68.522],[-97.851,68.421],[-97.927,68.351],[-98.001,68.373],[-98.162,68.317],[-98.329,68.375],[-98.431,68.375],[-98.462,68.338],[-98.591,68.39],[-98.678,68.373],[-98.646,68.336],[-98.395,68.205],[-98.289,68.182],[-98.269,68.12],[-98.434,68.089],[-98.388,68.027],[-98.173,67.915],[-98.176,67.885],[-98.082,67.838],[-98.029,67.851],[-98.038,67.926],[-97.792,67.98],[-97.651,67.994],[-97.43,67.923],[-97.352,67.879],[-97.278,67.885],[-97.131,67.852],[-97.085,67.777],[-97.185,67.733],[-97.097,67.717],[-97.163,67.664],[-97.235,67.668],[-97.338,67.626],[-97.531,67.601],[-97.609,67.64],[-97.707,67.644],[-97.8,67.694],[-97.942,67.71],[-97.957,67.751],[-98.1,67.778],[-98.182,67.872],[-98.198,67.916],[-98.456,68.033],[-98.509,68.075],[-98.697,68.074],[-98.731,68.043],[-98.701,67.975],[-98.525,67.872],[-98.418,67.875],[-98.325,67.796],[-98.61,67.781],[-98.648,67.809],[-98.782,67.741],[-98.889,67.743],[-98.9,67.701],[-99.017,67.731],[-99.22,67.718],[-99.298,67.774],[-99.476,67.807],[-99.618,67.792],[-99.65,67.809],[-99.928,67.805],[-99.994,67.823],[-100.12,67.823],[-100.228,67.851],[-100.398,67.851],[-100.505,67.815],[-100.65,67.835],[-100.796,67.796],[-100.886,67.788],[-100.979,67.75],[-101.059,67.781],[-101.257,67.718],[-101.417,67.687],[-101.563,67.683],[-101.712,67.735],[-101.918,67.767],[-102.052,67.74],[-102.108,67.763],[-102.236,67.724],[-102.362,67.746],[-102.423,67.789],[-102.75,67.813],[-102.836,67.838],[-102.943,67.919],[-103.072,67.894],[-103.092,67.957],[-103.202,67.958],[-103.335,68.003],[-103.369,68.049],[-103.355,68.105],[-103.388,68.159],[-103.487,68.145],[-103.525,68.11],[-103.492,68.074],[-103.573,68.054],[-103.865,68.021],[-103.98,68.05],[-104.207,68.02],[-104.293,68.045],[-104.476,68.023],[-104.546,68.086],[-104.574,68.147],[-104.645,68.147],[-104.56,68.234],[-104.632,68.259],[-104.915,68.238],[-104.91,68.248],[-104.938,68.249],[-104.948,68.256],[-104.964,68.259],[-104.969,68.265],[-105.086,68.277],[-105.134,68.313],[-105.33,68.38],[-105.325,68.417],[-105.523,68.433],[-105.357,68.489],[-105.416,68.597],[-105.524,68.675],[-105.43,68.719],[-105.517,68.778],[-105.714,68.846],[-105.772,68.884],[-105.982,68.893],[-106.003,68.914],[-106.195,68.945],[-106.216,68.918],[-106.6,68.845],[-106.655,68.816],[-106.798,68.818],[-106.85,68.795],[-107.096,68.751],[-107.286,68.701],[-107.704,68.655],[-108.259,68.632],[-108.347,68.606],[-108.456,68.5],[-108.602,68.392],[-108.727,68.336],[-108.711,68.307],[-108.807,68.265],[-108.698,68.236],[-108.519,68.275],[-108.436,68.315],[-108.357,68.297],[-108.358,68.258],[-108.281,68.211],[-108.297,68.177],[-108.399,68.139],[-108.311,68.124],[-108.12,68.182],[-107.995,68.144],[-107.752,68.184],[-107.72,68.234],[-107.891,68.273],[-107.831,68.339],[-107.685,68.336],[-107.631,68.352],[-107.297,68.321],[-107.197,68.277],[-107.116,68.289],[-106.98,68.385],[-106.845,68.375],[-106.762,68.414],[-106.616,68.345],[-106.445,68.401],[-106.567,68.429],[-106.564,68.479],[-106.454,68.465],[-106.529,68.533],[-106.366,68.538],[-106.261,68.573],[-106.156,68.578],[-105.883,68.643],[-105.788,68.613],[-105.684,68.638],[-105.64,68.614],[-105.744,68.568],[-105.752,68.536],[-105.674,68.515],[-105.695,68.436],[-106.047,68.4],[-106.132,68.378],[-106.203,68.4],[-106.298,68.35],[-106.426,68.341],[-106.409,68.29],[-106.489,68.238],[-106.776,68.214],[-106.712,68.136],[-107.01,68.112],[-107.065,68.09],[-107.154,68.13],[-107.253,68.063],[-107.373,68.043],[-107.536,68.066],[-107.589,68.064],[-107.622,68.048],[-107.662,68.055],[-107.671,68.034],[-107.719,68.026],[-107.727,67.967],[-107.636,67.942],[-107.7,67.896],[-107.813,67.864],[-107.943,67.854],[-108.028,67.749],[-107.838,67.662],[-107.654,67.563],[-107.567,67.502],[-107.632,67.461],[-107.56,67.242],[-107.417,67.159],[-107.228,67.102],[-107.372,67.056],[-107.361,67.028],[-107.259,67.006],[-107.179,66.96],[-107.145,66.877],[-107.383,66.975],[-107.369,66.911],[-107.458,66.867],[-107.545,66.9],[-107.485,66.946],[-107.495,66.998],[-107.604,67.068],[-107.653,67.07],[-107.599,66.981],[-107.742,66.985],[-107.759,66.948],[-107.685,66.868],[-107.672,66.754],[-107.607,66.667],[-107.53,66.63],[-107.525,66.573],[-107.408,66.532],[-107.416,66.51],[-107.239,66.43],[-107.166,66.355],[-107.231,66.356],[-107.415,66.467],[-107.483,66.535],[-107.558,66.529],[-107.724,66.627],[-107.712,66.658],[-107.83,66.732],[-107.945,66.733],[-107.921,66.797],[-107.991,66.834],[-108.101,66.851],[-108.084,66.917],[-108.15,66.97],[-108.319,67.004],[-108.287,67.03],[-108.181,67.03],[-108.128,67.082],[-108.051,67.053],[-107.956,67.07],[-107.853,67.043],[-107.897,67.138],[-107.861,67.143],[-107.994,67.285],[-108.265,67.383],[-108.27,67.301],[-108.339,67.317],[-108.349,67.368],[-108.277,67.376],[-108.304,67.43],[-108.375,67.45],[-108.417,67.388],[-108.468,67.369],[-108.517,67.456],[-108.502,67.501],[-108.562,67.566],[-108.574,67.612],[-108.692,67.62],[-108.718,67.533],[-108.713,67.458],[-108.768,67.361],[-108.979,67.45],[-108.981,67.489],[-108.879,67.535],[-108.936,67.548],[-108.981,67.675],[-109.061,67.73],[-109.18,67.742],[-109.257,67.724],[-109.413,67.752],[-109.6,67.698],[-109.72,67.741],[-109.719,67.789],[-109.783,67.867],[-109.945,67.894],[-109.953,67.955],[-110.038,68.011],[-110.445,67.94],[-110.525,67.897],[-110.648,67.88],[-110.747,67.849],[-110.829,67.802],[-110.961,67.773],[-111.201,67.798],[-111.338,67.796],[-111.417,67.725],[-111.485,67.766],[-111.623,67.73],[-111.783,67.754],[-111.906,67.755],[-111.982,67.734],[-112.159,67.727],[-112.236,67.738],[-112.296,67.703],[-112.432,67.68],[-112.598,67.672],[-112.717,67.681],[-113.101,67.679],[-113.139,67.704],[-113.689,67.688],[-113.837,67.696],[-113.963,67.726],[-114.271,67.729],[-114.376,67.746],[-114.445,67.779],[-114.77,67.82],[-114.998,67.794],[-115.039,67.83],[-115.172,67.826],[-115.27,67.858],[-115.56,67.918],[-115.288,67.975],[-115.198,67.979],[-115.219,68.088],[-115.142,68.144],[-115.17,68.187],[-114.902,68.15],[-114.748,68.203],[-114.806,68.255],[-114.62,68.238],[-114.443,68.264],[-114.275,68.227],[-114.216,68.247],[-113.999,68.241],[-114.047,68.294],[-113.936,68.353],[-114.047,68.429],[-114.106,68.527],[-114.194,68.567],[-114.417,68.625],[-114.461,68.689],[-114.576,68.736],[-114.766,68.75],[-114.831,68.819],[-115.067,68.88],[-115.285,68.905],[-115.62,68.983],[-115.769,68.959],[-115.818,68.932],[-115.934,68.942],[-116.106,68.981],[-116.224,68.992],[-116.324,68.952],[-116.087,68.895],[-116.099,68.86],[-115.942,68.827],[-115.977,68.806],[-116.138,68.823],[-116.393,68.891],[-116.512,68.864],[-116.828,68.884],[-116.916,68.936],[-117.142,68.897],[-117.354,68.955],[-117.612,68.985],[-117.711,68.978],[-117.829,68.992],[-118.064,69.038],[-118.119,69.062],[-118.309,69.104],[-118.4,69.112],[-118.586,69.203],[-118.712,69.236],[-118.927,69.266],[-119.044,69.27],[-119.184,69.297],[-119.577,69.314],[-119.817,69.349],[-119.926,69.344],[-120.271,69.406],[-120.414,69.447],[-120.57,69.518],[-120.725,69.574],[-120.606,68.623],[-120.591,68.249],[-120.631,67.78],[-119.333,67.411],[-118.594,67.199],[-117.065,66.929],[-117.038,66.92],[-114.314,66.055],[-112.583,65.447],[-111.6,65.449],[-110.538,65.446],[-109.443,65],[-109.025,64.831],[-108.838,64.732],[-106.583,64.593],[-104.875,64.466],[-104.474,64.431],[-102,64.189],[-102,60.406],[-102,60],[-101.5,60],[-100.5,60],[-99.5,60],[-99,60],[-98,60],[-97.5,60],[-96.75,60],[-96,60],[-95.325,60],[-94.828,60]],[[-92.301,63.413],[-92.166,63.337],[-92.222,63.322],[-92.325,63.378],[-92.301,63.413]]],[[[-97.917,67.922],[-97.939,67.868],[-97.827,67.883],[-97.917,67.922]]],[[[-109.072,67.903],[-108.929,67.842],[-108.897,67.867],[-109.072,67.903]]],[[[-108.101,67.983],[-108.22,67.925],[-108.126,67.875],[-108.056,67.888],[-108.021,67.965],[-108.101,67.983]]],[[[-109.164,67.99],[-109.143,67.947],[-109.032,67.905],[-108.856,67.876],[-108.918,67.979],[-109.028,67.955],[-109.164,67.99]]],[[[-74.335,68.184],[-74.375,68.122],[-74.499,68.062],[-74.588,68.075],[-74.738,68.071],[-74.775,68.02],[-74.737,67.933],[-74.569,67.814],[-74.314,67.762],[-73.978,67.789],[-73.804,67.775],[-73.579,67.778],[-73.422,67.765],[-73.352,67.806],[-73.355,67.851],[-73.42,67.921],[-73.411,67.975],[-73.565,68.018],[-73.722,68.011],[-73.781,67.988],[-73.882,68.022],[-74.044,68.052],[-74.267,68.078],[-74.203,68.142],[-74.335,68.184]]],[[[-86.633,68.305],[-86.677,68.304],[-86.891,68.176],[-86.885,68.123],[-86.987,68.081],[-86.851,68.026],[-86.848,67.972],[-86.955,67.931],[-86.956,67.901],[-86.868,67.805],[-86.796,67.768],[-86.684,67.738],[-86.543,67.731],[-86.451,67.776],[-86.386,67.842],[-86.361,67.908],[-86.388,68.055],[-86.444,68.24],[-86.633,68.305]]],[[[-109.461,68.103],[-109.435,68.067],[-109.488,68.042],[-109.353,67.989],[-109.263,68.053],[-109.363,68.065],[-109.461,68.103]]],[[[-107.819,68.111],[-107.874,68.076],[-107.844,68.027],[-107.8,68.019],[-107.676,68.035],[-107.713,68.045],[-107.771,68.033],[-107.782,68.057],[-107.717,68.053],[-107.679,68.076],[-107.763,68.082],[-107.819,68.111]]],[[[-98.957,68.091],[-99.044,68.055],[-99.03,68.024],[-98.926,68.005],[-98.957,68.091]]],[[[-65.63,68.18],[-65.703,68.173],[-65.679,68.091],[-65.574,68.11],[-65.63,68.18]]],[[[-66.199,68.265],[-66.256,68.27],[-66.375,68.232],[-66.519,68.209],[-66.666,68.21],[-66.658,68.183],[-66.501,68.176],[-66.336,68.15],[-66.263,68.171],[-66.271,68.217],[-66.199,68.265]]],[[[-78.542,68.282],[-78.596,68.277],[-78.658,68.219],[-78.519,68.238],[-78.542,68.282]]],[[[-78.928,68.36],[-79.15,68.365],[-79.188,68.334],[-79.193,68.239],[-79.079,68.179],[-78.99,68.189],[-78.853,68.248],[-78.812,68.293],[-78.928,68.36]]],[[[-111.613,68.316],[-111.767,68.274],[-111.665,68.224],[-111.613,68.316]]],[[[-104.886,68.361],[-104.901,68.319],[-105.034,68.314],[-105.035,68.301],[-104.986,68.281],[-104.963,68.261],[-104.935,68.253],[-104.922,68.267],[-104.939,68.29],[-104.882,68.283],[-104.825,68.287],[-104.792,68.316],[-104.886,68.361]]],[[[-100.059,68.373],[-100.165,68.33],[-100.146,68.296],[-100.042,68.292],[-100.059,68.373]]],[[[-66.868,68.392],[-66.944,68.355],[-66.871,68.337],[-66.749,68.358],[-66.868,68.392]]],[[[-74.296,68.468],[-74.388,68.456],[-74.373,68.385],[-74.307,68.344],[-74.239,68.259],[-74.153,68.261],[-74.066,68.347],[-74.131,68.369],[-74.214,68.436],[-74.296,68.468]]],[[[-100.833,70.335],[-100.855,70.293],[-100.744,70.289],[-100.719,70.33],[-100.833,70.335]]],[[[-103.081,70.686],[-103.114,70.626],[-103.093,70.585],[-102.995,70.545],[-102.836,70.539],[-102.806,70.601],[-102.882,70.618],[-102.994,70.68],[-103.081,70.686]]],[[[-100.676,70.695],[-100.618,70.648],[-100.659,70.589],[-100.613,70.548],[-100.36,70.491],[-100.323,70.537],[-100.17,70.587],[-100.394,70.642],[-100.447,70.673],[-100.628,70.674],[-100.676,70.695]]],[[[-71.864,71.072],[-71.979,71.059],[-72.056,70.956],[-72.219,70.883],[-72.102,70.816],[-71.966,70.823],[-71.915,70.852],[-71.573,70.913],[-71.415,70.927],[-71.361,70.995],[-71.385,71.019],[-71.532,71.016],[-71.79,71.051],[-71.864,71.072]]],[[[-87.049,70.15],[-87.183,70.113],[-87.276,70.12],[-87.365,70.096],[-87.269,70.063],[-87.268,70.036],[-87.131,69.999],[-86.935,69.995],[-86.75,69.973],[-86.483,69.992],[-86.497,70.05],[-86.59,70.117],[-86.661,70.124],[-86.78,70.088],[-87.008,70.12],[-87.049,70.15]]],[[[-90.631,69.377],[-90.722,69.366],[-90.794,69.324],[-90.711,69.313],[-90.678,69.233],[-90.595,69.201],[-90.441,69.236],[-90.438,69.278],[-90.521,69.307],[-90.551,69.35],[-90.631,69.377]]],[[[-101.606,69.227],[-101.684,69.173],[-101.59,69.144],[-101.464,69.165],[-101.51,69.222],[-101.606,69.227]]],[[[-90.235,69.151],[-90.242,69.075],[-90.157,69.076],[-90.133,69.113],[-90.235,69.151]]],[[[-76.71,69.426],[-76.745,69.411],[-76.952,69.405],[-77.053,69.444],[-77.181,69.447],[-77.349,69.403],[-77.321,69.339],[-77.374,69.291],[-77.367,69.255],[-77.262,69.15],[-77.1,69.128],[-76.924,69.16],[-76.902,69.231],[-76.694,69.316],[-76.644,69.397],[-76.71,69.426]]],[[[-81.508,69.427],[-81.546,69.402],[-81.658,69.42],[-81.862,69.428],[-81.917,69.398],[-81.858,69.342],[-81.744,69.396],[-81.635,69.339],[-81.461,69.349],[-81.508,69.427]]],[[[-90.199,69.447],[-90.355,69.427],[-90.38,69.399],[-90.504,69.374],[-90.493,69.331],[-90.361,69.262],[-90.254,69.275],[-90.137,69.382],[-90.199,69.447]]],[[[-67.518,69.61],[-67.548,69.579],[-67.757,69.535],[-67.655,69.511],[-67.56,69.536],[-67.351,69.551],[-67.396,69.586],[-67.518,69.61]]],[[[-67.853,69.684],[-68.103,69.667],[-68.23,69.603],[-68.185,69.571],[-68.016,69.527],[-67.932,69.526],[-67.861,69.606],[-67.723,69.65],[-67.853,69.684]]],[[[-82.355,69.543],[-82.452,69.505],[-82.274,69.502],[-82.355,69.543]]],[[[-82.226,69.499],[-82.038,69.44],[-81.992,69.462],[-82.226,69.499]]],[[[-101.258,69.594],[-101.341,69.582],[-101.366,69.544],[-101.188,69.443],[-101.196,69.398],[-101.114,69.396],[-101.061,69.454],[-100.943,69.464],[-101.107,69.561],[-101.215,69.552],[-101.258,69.594]]],[[[-96.685,69.589],[-96.546,69.486],[-96.38,69.456],[-96.323,69.416],[-96.136,69.354],[-96.05,69.494],[-96.128,69.572],[-96.223,69.562],[-96.289,69.528],[-96.379,69.582],[-96.613,69.56],[-96.685,69.589]]],[[[-95.774,69.637],[-95.924,69.552],[-95.962,69.505],[-95.901,69.428],[-95.806,69.399],[-95.743,69.489],[-95.754,69.53],[-95.82,69.574],[-95.683,69.57],[-95.632,69.535],[-95.651,69.443],[-95.69,69.394],[-95.663,69.347],[-95.552,69.323],[-95.482,69.339],[-95.369,69.406],[-95.38,69.466],[-95.324,69.515],[-95.453,69.576],[-95.577,69.613],[-95.67,69.608],[-95.774,69.637]]],[[[-91.024,69.617],[-91.144,69.58],[-91.045,69.562],[-91.024,69.617]]],[[[-78.162,69.76],[-78.243,69.707],[-78.384,69.702],[-78.396,69.645],[-78.539,69.645],[-78.854,69.506],[-78.813,69.459],[-78.638,69.521],[-78.496,69.492],[-78.437,69.523],[-78.25,69.568],[-78.074,69.586],[-77.942,69.645],[-77.983,69.707],[-78.162,69.76]]],[[[-79.47,69.811],[-79.666,69.817],[-79.753,69.773],[-79.936,69.737],[-80.099,69.75],[-80.181,69.804],[-80.347,69.805],[-80.481,69.791],[-80.5,69.764],[-80.444,69.711],[-80.638,69.75],[-80.735,69.741],[-80.805,69.7],[-80.743,69.667],[-80.484,69.675],[-80.332,69.607],[-80.219,69.528],[-80.147,69.535],[-79.998,69.497],[-79.907,69.524],[-80.075,69.639],[-79.921,69.612],[-79.783,69.623],[-79.64,69.614],[-79.363,69.689],[-79.33,69.709],[-79.47,69.811]]],[[[-102.149,69.751],[-102.226,69.729],[-102.216,69.679],[-102.095,69.669],[-102.149,69.751]]],[[[-91.467,69.772],[-91.606,69.766],[-91.521,69.726],[-91.467,69.772]]],[[[-82.756,69.812],[-82.859,69.811],[-82.701,69.741],[-82.453,69.722],[-82.456,69.773],[-82.621,69.803],[-82.756,69.812]]],[[[-83.804,69.826],[-83.88,69.817],[-83.874,69.764],[-83.643,69.718],[-83.595,69.804],[-83.804,69.826]]],[[[-91.551,69.835],[-91.74,69.793],[-91.648,69.767],[-91.447,69.787],[-91.551,69.835]]],[[[-82.665,69.886],[-82.693,69.864],[-82.561,69.807],[-82.443,69.83],[-82.572,69.874],[-82.665,69.886]]],[[[-91.726,69.877],[-91.843,69.848],[-91.823,69.816],[-91.627,69.854],[-91.726,69.877]]],[[[-97.438,69.966],[-97.473,69.928],[-97.375,69.897],[-97.304,69.94],[-97.438,69.966]]],[[[-104.934,68.597],[-105.036,68.573],[-104.992,68.497],[-104.734,68.416],[-104.56,68.396],[-104.429,68.424],[-104.401,68.478],[-104.492,68.537],[-104.598,68.569],[-104.934,68.597]]],[[[-110.802,68.561],[-111.021,68.518],[-111.065,68.498],[-110.94,68.468],[-110.676,68.491],[-110.692,68.529],[-110.802,68.561]]],[[[-78.688,68.559],[-78.798,68.56],[-78.936,68.528],[-78.943,68.478],[-78.811,68.446],[-78.727,68.455],[-78.617,68.509],[-78.722,68.529],[-78.688,68.559]]],[[[-110.736,68.577],[-110.704,68.542],[-110.527,68.531],[-110.513,68.566],[-110.594,68.58],[-110.736,68.577]]],[[[-75.25,68.73],[-75.303,68.71],[-75.397,68.612],[-75.413,68.537],[-75.248,68.449],[-75.025,68.403],[-74.993,68.347],[-74.879,68.335],[-74.788,68.362],[-74.854,68.427],[-74.759,68.475],[-74.953,68.582],[-74.964,68.653],[-75.056,68.692],[-75.173,68.689],[-75.25,68.73]]],[[[-78.7,68.667],[-78.895,68.656],[-78.704,68.611],[-78.635,68.569],[-78.488,68.578],[-78.48,68.628],[-78.568,68.629],[-78.7,68.667]]],[[[-74.75,68.68],[-74.871,68.633],[-74.821,68.568],[-74.706,68.559],[-74.507,68.57],[-74.66,68.613],[-74.643,68.661],[-74.75,68.68]]],[[[-101.976,68.828],[-102.061,68.768],[-102.327,68.692],[-102.215,68.644],[-102.094,68.614],[-101.954,68.627],[-101.919,68.588],[-101.817,68.591],[-101.78,68.631],[-101.676,68.668],[-101.699,68.767],[-101.882,68.822],[-101.976,68.828]]],[[[-68.142,68.789],[-68.287,68.802],[-68.331,68.786],[-68.146,68.752],[-67.848,68.71],[-67.887,68.74],[-68.142,68.789]]],[[[-89.923,68.855],[-89.955,68.852],[-90.037,68.764],[-89.985,68.707],[-89.893,68.675],[-89.787,68.775],[-89.923,68.812],[-89.923,68.855]]],[[[-100.453,69.046],[-100.618,68.999],[-100.553,68.95],[-100.596,68.899],[-100.592,68.767],[-100.445,68.772],[-100.377,68.728],[-100.268,68.783],[-100.148,68.808],[-100.166,68.857],[-100.132,68.921],[-100.184,68.925],[-100.296,68.982],[-100.312,69.03],[-100.453,69.046]]],[[[-89.904,68.996],[-90.034,68.958],[-89.902,68.934],[-89.904,68.996]]],[[[-100.115,69.151],[-100.234,69.048],[-100.18,68.975],[-100.044,68.948],[-99.968,68.964],[-100.011,69.106],[-100.115,69.151]]],[[[-78.28,69.377],[-78.477,69.396],[-78.591,69.385],[-78.716,69.332],[-78.718,69.273],[-78.849,69.207],[-78.845,69.152],[-78.955,69.107],[-79.222,69.087],[-79.313,68.971],[-79.392,68.923],[-79.382,68.876],[-79.263,68.84],[-79.169,68.867],[-78.916,68.912],[-78.72,68.972],[-78.719,69.013],[-78.545,69.095],[-78.547,69.151],[-78.47,69.167],[-78.468,69.229],[-78.337,69.214],[-78.209,69.297],[-78.28,69.377]]],[[[-97.952,69.905],[-98.02,69.89],[-98.075,69.817],[-98.2,69.794],[-98.292,69.723],[-98.295,69.649],[-98.34,69.613],[-98.222,69.585],[-98.181,69.537],[-97.968,69.448],[-98.003,69.429],[-98.193,69.482],[-98.324,69.566],[-98.499,69.594],[-98.561,69.53],[-98.461,69.501],[-98.545,69.479],[-98.572,69.428],[-98.499,69.393],[-98.4,69.378],[-98.345,69.307],[-98.486,69.311],[-98.662,69.274],[-98.704,69.189],[-98.929,69.156],[-99.305,69.142],[-99.462,69.121],[-99.539,69.012],[-99.456,68.995],[-99.374,68.887],[-99.262,68.877],[-99.212,68.849],[-99.024,68.875],[-99.076,68.917],[-98.899,68.954],[-98.793,68.932],[-98.841,68.872],[-98.817,68.838],[-98.669,68.789],[-98.53,68.788],[-98.473,68.75],[-98.382,68.76],[-98.392,68.857],[-98.228,68.839],[-98.205,68.797],[-98.276,68.774],[-98.187,68.716],[-98.06,68.692],[-97.717,68.663],[-97.644,68.612],[-97.478,68.556],[-97.355,68.557],[-97.123,68.515],[-97.052,68.542],[-96.854,68.528],[-96.528,68.454],[-96.256,68.476],[-96.199,68.526],[-96.087,68.56],[-95.939,68.638],[-95.864,68.614],[-95.729,68.752],[-95.522,68.76],[-95.499,68.686],[-95.379,68.774],[-95.238,68.808],[-95.201,68.859],[-95.24,68.9],[-95.319,68.908],[-95.492,68.848],[-95.645,68.837],[-95.69,68.886],[-95.825,68.882],[-95.838,68.949],[-95.96,69.065],[-95.913,69.117],[-95.919,69.161],[-96.02,69.207],[-96.1,69.195],[-96.179,69.236],[-96.143,69.281],[-96.286,69.359],[-96.462,69.403],[-96.551,69.446],[-96.627,69.437],[-96.735,69.494],[-96.851,69.496],[-97.079,69.585],[-97.135,69.665],[-97.276,69.69],[-97.319,69.63],[-97.43,69.639],[-97.486,69.675],[-97.375,69.714],[-97.432,69.779],[-97.519,69.771],[-97.703,69.848],[-97.848,69.892],[-97.952,69.905]]],[[[-95.347,71.855],[-95.437,71.828],[-95.378,71.79],[-95.432,71.743],[-95.288,71.741],[-95.281,71.784],[-95.249,71.817],[-95.347,71.855]]],[[[-73.139,71.568],[-73.369,71.523],[-73.366,71.486],[-73.256,71.409],[-73.263,71.363],[-73.074,71.305],[-72.978,71.312],[-73.042,71.404],[-72.991,71.426],[-72.848,71.433],[-72.838,71.461],[-72.995,71.525],[-73.139,71.568]]],[[[-72.731,71.66],[-72.933,71.649],[-73,71.626],[-73.025,71.579],[-72.838,71.534],[-72.741,71.538],[-72.675,71.592],[-72.731,71.66]]],[[[-73.181,71.699],[-73.24,71.696],[-73.399,71.625],[-73.422,71.564],[-73.321,71.568],[-73.289,71.63],[-73.181,71.699]]],[[[-116.99,69.692],[-116.861,69.661],[-116.828,69.622],[-116.889,69.603],[-116.784,69.565],[-116.598,69.566],[-116.582,69.521],[-116.619,69.462],[-116.501,69.409],[-116.346,69.399],[-116.196,69.353],[-116.027,69.342],[-115.938,69.298],[-115.552,69.279],[-115.384,69.26],[-115.299,69.274],[-115.102,69.252],[-114.951,69.28],[-114.867,69.265],[-114.464,69.28],[-114.373,69.294],[-114.181,69.282],[-114.122,69.255],[-113.943,69.264],[-113.906,69.237],[-113.676,69.215],[-113.669,69.152],[-113.545,69.042],[-113.546,68.955],[-113.646,68.895],[-113.565,68.756],[-113.419,68.696],[-113.42,68.646],[-113.324,68.592],[-113.058,68.543],[-113.097,68.505],[-113.237,68.498],[-113.181,68.462],[-112.867,68.491],[-112.744,68.471],[-112.581,68.512],[-112.454,68.498],[-112.332,68.502],[-112.096,68.537],[-111.823,68.532],[-111.796,68.544],[-111.543,68.554],[-111.168,68.526],[-111.208,68.564],[-111.106,68.586],[-110.946,68.553],[-110.803,68.568],[-110.544,68.629],[-110.396,68.611],[-110.317,68.58],[-110.251,68.626],[-110.116,68.643],[-110.027,68.623],[-109.635,68.646],[-109.382,68.7],[-109.151,68.71],[-108.967,68.738],[-108.682,68.825],[-108.501,68.905],[-108.5,68.946],[-108.12,68.936],[-107.493,68.984],[-107.274,69.042],[-107.19,69.089],[-107.11,69.161],[-106.902,69.249],[-106.967,69.338],[-106.944,69.361],[-106.73,69.39],[-106.73,69.44],[-106.637,69.488],[-106.565,69.499],[-106.445,69.471],[-106.315,69.39],[-106.298,69.323],[-106.243,69.287],[-106.397,69.24],[-106.381,69.179],[-106.065,69.153],[-105.84,69.186],[-105.719,69.182],[-105.512,69.148],[-105.447,69.095],[-105.343,69.104],[-105.111,69.078],[-105.041,69.058],[-104.915,69.083],[-104.876,69.06],[-105.017,69.002],[-105.239,68.962],[-105.123,68.896],[-104.655,68.861],[-104.523,68.865],[-104.456,68.925],[-104.219,68.894],[-104.096,68.859],[-103.953,68.874],[-103.873,68.846],[-103.778,68.846],[-103.62,68.819],[-103.561,68.831],[-103.361,68.783],[-103.248,68.829],[-103.133,68.85],[-103.001,68.802],[-102.897,68.8],[-102.697,68.847],[-102.446,68.883],[-102.368,68.931],[-102.201,68.964],[-102.128,68.956],[-102.072,69.008],[-101.978,68.978],[-101.79,69.012],[-101.853,69.041],[-101.801,69.068],[-101.74,69.184],[-101.835,69.23],[-101.979,69.259],[-102.044,69.23],[-102.149,69.215],[-102.215,69.272],[-102.168,69.292],[-102.044,69.239],[-102.012,69.281],[-102.101,69.368],[-101.911,69.408],[-101.962,69.459],[-102.108,69.499],[-102.29,69.509],[-102.334,69.482],[-102.47,69.483],[-102.48,69.422],[-102.619,69.421],[-102.787,69.393],[-102.847,69.334],[-102.945,69.301],[-102.996,69.223],[-103.128,69.175],[-103.203,69.199],[-103.01,69.26],[-103.04,69.361],[-102.972,69.407],[-102.995,69.487],[-103.153,69.506],[-103.203,69.571],[-103.343,69.584],[-103.506,69.683],[-103.391,69.715],[-103.286,69.706],[-103.125,69.616],[-103.012,69.599],[-102.895,69.553],[-102.792,69.532],[-102.696,69.558],[-102.525,69.553],[-102.481,69.595],[-102.49,69.668],[-102.609,69.707],[-102.499,69.751],[-102.483,69.786],[-102.401,69.805],[-102.322,69.764],[-102.216,69.849],[-102.143,69.855],[-101.982,69.807],[-101.892,69.735],[-101.725,69.731],[-101.663,69.701],[-101.556,69.739],[-101.519,69.826],[-101.431,69.794],[-101.309,69.704],[-101.305,69.676],[-101.192,69.669],[-101.112,69.692],[-100.921,69.683],[-100.852,69.81],[-100.864,69.91],[-100.92,69.962],[-100.891,70.019],[-100.962,70.086],[-100.999,70.202],[-101.121,70.169],[-101.373,70.142],[-101.596,70.151],[-101.65,70.214],[-101.577,70.264],[-101.656,70.313],[-101.785,70.284],[-101.929,70.28],[-101.965,70.302],[-102.177,70.336],[-102.204,70.382],[-102.374,70.41],[-102.497,70.468],[-102.81,70.517],[-102.976,70.497],[-103.08,70.507],[-103.14,70.551],[-103.251,70.591],[-103.495,70.581],[-103.607,70.639],[-103.633,70.68],[-103.83,70.752],[-103.994,70.763],[-104.014,70.841],[-104.121,70.949],[-104.19,70.973],[-104.383,70.997],[-104.489,71.031],[-104.627,71.131],[-104.449,71.202],[-104.411,71.274],[-104.475,71.307],[-104.472,71.349],[-104.267,71.393],[-104.286,71.455],[-104.364,71.51],[-104.339,71.621],[-104.413,71.647],[-104.466,71.722],[-104.536,71.77],[-104.7,71.813],[-104.824,71.897],[-104.796,71.973],[-104.994,72.137],[-104.946,72.18],[-105.092,72.295],[-105.127,72.368],[-105.228,72.405],[-105.194,72.492],[-105.249,72.499],[-105.321,72.658],[-105.439,72.709],[-105.306,72.74],[-105.324,72.785],[-105.428,72.827],[-105.334,72.847],[-105.449,72.919],[-105.617,72.921],[-105.783,72.98],[-105.829,73.048],[-105.992,73.039],[-106.157,73.073],[-106.238,73.116],[-106.386,73.16],[-106.456,73.229],[-106.63,73.225],[-106.723,73.289],[-106.861,73.315],[-107.055,73.274],[-107.068,73.22],[-107.191,73.202],[-107.422,73.286],[-107.608,73.325],[-107.993,73.353],[-107.997,73.309],[-108.103,73.274],[-107.871,73.19],[-108.086,73.208],[-108.246,73.176],[-108.263,73.125],[-108.101,73.048],[-108.137,72.971],[-108.074,72.894],[-108.113,72.875],[-108.059,72.82],[-108.019,72.723],[-107.944,72.623],[-107.828,72.579],[-107.845,72.531],[-107.944,72.51],[-107.867,72.436],[-107.784,72.394],[-107.711,72.297],[-107.785,72.282],[-107.77,72.2],[-107.661,72.132],[-107.594,72.018],[-107.413,71.984],[-107.389,71.945],[-107.251,71.897],[-107.456,71.865],[-107.346,71.836],[-107.382,71.806],[-107.518,71.79],[-107.676,71.705],[-107.8,71.733],[-107.827,71.694],[-107.721,71.644],[-107.856,71.632],[-107.974,71.649],[-108.003,71.72],[-108.162,71.753],[-108.286,71.812],[-108.232,71.836],[-108.282,71.874],[-108.184,71.933],[-108.27,71.98],[-108.398,72.011],[-108.369,72.086],[-108.406,72.137],[-108.525,72.224],[-108.534,72.257],[-108.646,72.357],[-108.614,72.46],[-108.549,72.501],[-108.584,72.552],[-108.695,72.588],[-108.982,72.568],[-109.001,72.652],[-109.119,72.763],[-109.361,72.747],[-109.338,72.778],[-109.712,72.883],[-109.589,72.908],[-109.643,72.937],[-109.841,72.926],[-109.842,72.725],[-109.843,72.667],[-109.844,72.54],[-109.845,72.485],[-109.845,72.457],[-109.845,72.444],[-109.847,72.078],[-109.852,71.452],[-109.856,70.881],[-109.858,70.53],[-109.862,69.998],[-111.999,70.001],[-112.511,70.002],[-112.518,69.848],[-112.818,69.847],[-112.825,70.003],[-113.844,70],[-114.5,70],[-116.354,69.999],[-117.023,70],[-117.014,69.957],[-116.924,69.88],[-116.755,69.786],[-116.466,69.703],[-116.99,69.692]]],[[[-100.014,73.949],[-100.265,73.918],[-100.307,73.868],[-100.239,73.841],[-100.024,73.841],[-99.945,73.879],[-99.851,73.844],[-100.04,73.77],[-100.169,73.808],[-100.259,73.806],[-100.423,73.852],[-100.543,73.866],[-100.809,73.821],[-101.02,73.801],[-101.006,73.753],[-101.123,73.737],[-100.979,73.686],[-100.848,73.66],[-100.908,73.627],[-100.702,73.618],[-100.561,73.592],[-100.536,73.562],[-100.67,73.471],[-100.869,73.6],[-100.98,73.593],[-101.199,73.611],[-101.267,73.56],[-101.449,73.551],[-101.574,73.484],[-101.425,73.418],[-101.203,73.347],[-101.007,73.331],[-100.975,73.282],[-100.814,73.267],[-100.577,73.285],[-100.54,73.31],[-100.34,73.333],[-100.391,73.359],[-100.34,73.398],[-100.193,73.332],[-100.152,73.294],[-99.923,73.22],[-99.972,73.192],[-100.155,73.236],[-100.272,73.286],[-100.443,73.262],[-100.591,73.146],[-100.254,73.107],[-100.221,73.059],[-100.114,73.033],[-100.172,72.993],[-100.016,72.943],[-100.022,72.897],[-100.324,72.875],[-100.253,72.955],[-100.438,72.929],[-100.311,72.844],[-100.296,72.81],[-100.438,72.738],[-100.509,72.76],[-100.639,72.723],[-100.769,72.746],[-100.837,72.696],[-101.236,72.712],[-101.339,72.73],[-101.388,72.796],[-101.537,72.894],[-101.635,72.901],[-101.746,72.937],[-101.767,72.985],[-101.895,73.045],[-102.119,73.089],[-102.518,73.024],[-102.61,72.884],[-102.705,72.829],[-102.738,72.765],[-102.709,72.725],[-102.593,72.657],[-102.356,72.592],[-102.221,72.541],[-102.063,72.531],[-101.92,72.484],[-101.954,72.466],[-101.806,72.316],[-101.613,72.307],[-101.453,72.257],[-101.261,72.338],[-101.166,72.319],[-101.021,72.228],[-100.92,72.19],[-100.749,72.206],[-100.628,72.193],[-100.431,72.055],[-100.326,72.03],[-100.253,71.958],[-100.148,71.939],[-100.023,71.864],[-99.837,71.851],[-99.815,71.815],[-99.671,71.766],[-99.599,71.705],[-99.604,71.66],[-99.544,71.617],[-99.348,71.578],[-99.376,71.544],[-99.305,71.477],[-99.279,71.407],[-99.218,71.353],[-98.924,71.365],[-98.811,71.3],[-98.688,71.28],[-98.553,71.293],[-98.452,71.322],[-98.297,71.4],[-98.212,71.418],[-98.088,71.488],[-98.058,71.529],[-98.221,71.589],[-98.475,71.735],[-98.492,71.767],[-98.387,71.835],[-98.272,71.835],[-98.36,71.748],[-98.193,71.65],[-98.117,71.643],[-97.944,71.661],[-97.776,71.658],[-97.702,71.633],[-97.496,71.616],[-97.393,71.628],[-97.08,71.704],[-96.933,71.807],[-96.708,71.801],[-96.527,71.837],[-96.463,71.938],[-96.463,72.044],[-96.628,72.021],[-96.772,72.047],[-96.49,72.077],[-96.459,72.113],[-96.555,72.278],[-96.654,72.309],[-96.602,72.338],[-96.442,72.366],[-96.375,72.41],[-96.273,72.413],[-96.325,72.516],[-96.418,72.552],[-96.465,72.662],[-96.683,72.716],[-96.892,72.684],[-97.102,72.601],[-97.196,72.61],[-97.14,72.687],[-97.023,72.721],[-97.074,72.78],[-97.167,72.792],[-97.25,72.851],[-97.233,72.934],[-97.282,72.972],[-97.586,73.025],[-97.953,73.039],[-98.234,72.989],[-98.386,72.942],[-98.487,73.01],[-98.293,73.065],[-98.128,73.138],[-97.975,73.177],[-97.839,73.279],[-97.687,73.319],[-97.439,73.345],[-97.16,73.36],[-97.175,73.446],[-97.521,73.487],[-97.667,73.474],[-97.619,73.548],[-97.527,73.521],[-97.437,73.535],[-97.411,73.591],[-97.225,73.557],[-97.19,73.58],[-96.955,73.639],[-96.936,73.734],[-97.111,73.799],[-97.196,73.858],[-97.479,73.865],[-97.62,73.899],[-97.89,73.896],[-97.945,73.85],[-98.175,73.811],[-98.543,73.793],[-98.743,73.769],[-99.124,73.752],[-99.214,73.739],[-99.469,73.827],[-99.704,73.847],[-99.83,73.902],[-99.771,73.936],[-100.014,73.949]]],[[[-93.491,74.179],[-93.715,74.162],[-93.735,74.083],[-93.828,74.083],[-93.922,74.145],[-94.39,74.122],[-94.484,74.099],[-94.678,74.092],[-95.121,74.028],[-95.304,73.987],[-95.33,73.916],[-94.997,73.752],[-94.915,73.744],[-94.863,73.659],[-95.131,73.703],[-95.277,73.774],[-95.386,73.778],[-95.66,73.725],[-95.697,73.638],[-95.616,73.529],[-95.671,73.451],[-95.616,73.412],[-95.616,73.335],[-95.581,73.293],[-95.583,73.205],[-95.508,73.135],[-95.639,73.132],[-95.669,73.084],[-95.64,73.023],[-95.687,72.983],[-95.62,72.954],[-95.668,72.805],[-95.56,72.78],[-95.611,72.733],[-95.567,72.691],[-95.326,72.632],[-95.314,72.545],[-95.206,72.529],[-95.135,72.458],[-95.191,72.44],[-95.155,72.369],[-95.201,72.224],[-95.138,72.092],[-95.214,72.013],[-95.163,71.971],[-94.812,71.999],[-94.686,72.018],[-94.44,72.028],[-94.082,71.985],[-94.027,72.011],[-94.242,72.028],[-94.217,72.055],[-94.063,72.069],[-94.019,72.159],[-93.862,72.261],[-93.827,72.313],[-93.632,72.342],[-93.531,72.43],[-93.443,72.451],[-93.48,72.524],[-93.568,72.591],[-93.798,72.658],[-93.868,72.707],[-94.224,72.736],[-94.201,72.777],[-94.064,72.763],[-93.942,72.78],[-93.544,72.788],[-93.497,72.812],[-93.268,72.817],[-93.077,72.775],[-92.673,72.746],[-92.369,72.711],[-92.259,72.71],[-92.112,72.739],[-91.813,72.866],[-91.456,73.119],[-91.295,73.255],[-91.233,73.277],[-91.111,73.377],[-90.916,73.507],[-90.985,73.541],[-90.786,73.55],[-90.505,73.689],[-90.337,73.806],[-90.363,73.862],[-90.232,73.852],[-90.165,73.893],[-90.287,73.934],[-90.392,73.918],[-90.684,73.978],[-90.765,73.973],[-91.109,74.014],[-91.458,74.015],[-91.533,74.032],[-91.921,74.018],[-92.061,73.999],[-92.11,73.957],[-92.259,73.954],[-92.292,74.038],[-92.576,74.102],[-93.024,74.154],[-93.491,74.179]]]]}},{"type":"Feature","properties":{"name":"Marc-Aurèle-Fortin"},"geometry":{"type":"Polygon","coordinates":[[[-73.717,45.593],[-73.752,45.66],[-73.835,45.579],[-73.809,45.555],[-73.717,45.593]]]}},{"type":"Feature","properties":{"name":"Skeena--Bulkley Valley"},"geometry":{"type":"MultiPolygon","coordinates":[[[[-128.43,52.003],[-128.477,51.954],[-128.428,51.94],[-128.43,52.003]]],[[[-133.06,54.256],[-133.07,54.235],[-133.017,54.193],[-132.967,54.224],[-133.002,54.256],[-133.06,54.256]]],[[[-130.447,54.328],[-130.473,54.305],[-130.408,54.249],[-130.368,54.26],[-130.388,54.307],[-130.447,54.328]]],[[[-130.577,53.847],[-130.623,53.826],[-130.59,53.788],[-130.5,53.82],[-130.577,53.847]]],[[[-132.141,53.824],[-132.215,53.771],[-132.137,53.77],[-132.141,53.824]]],[[[-132.584,53.152],[-132.543,53.105],[-132.393,53.108],[-132.409,53.129],[-132.492,53.125],[-132.584,53.152]]],[[[-128.368,52.238],[-128.377,52.152],[-128.279,52.214],[-128.368,52.238]]],[[[-128.892,53.775],[-129.082,53.698],[-129.055,53.68],[-128.986,53.716],[-128.898,53.734],[-128.892,53.775]]],[[[-129.941,53.547],[-130.026,53.51],[-129.928,53.469],[-129.895,53.521],[-129.941,53.547]]],[[[-131.841,52.847],[-131.83,52.819],[-131.739,52.807],[-131.697,52.843],[-131.752,52.861],[-131.841,52.847]]],[[[-128.434,52.237],[-128.496,52.172],[-128.394,52.162],[-128.377,52.237],[-128.434,52.237]]],[[[-130.186,54.079],[-130.224,54.054],[-130.206,54.003],[-130.147,53.988],[-130.131,54.027],[-130.186,54.079]]],[[[-128.01,51.732],[-128.078,51.689],[-128.075,51.659],[-127.964,51.657],[-128.01,51.732]]],[[[-128.097,52.293],[-128.154,52.242],[-128.08,52.231],[-128.003,52.291],[-128.046,52.309],[-128.097,52.293]]],[[[-130.259,54.195],[-130.289,54.152],[-130.246,54.117],[-130.173,54.125],[-130.155,54.151],[-130.259,54.195]]],[[[-128.438,52.545],[-128.41,52.51],[-128.413,52.466],[-128.282,52.486],[-128.276,52.514],[-128.438,52.545]]],[[[-130.292,54.332],[-130.353,54.301],[-130.336,54.241],[-130.26,54.255],[-130.248,54.3],[-130.292,54.332]]],[[[-130.227,54.8],[-130.261,54.767],[-130.37,54.72],[-130.333,54.704],[-130.235,54.723],[-130.211,54.75],[-130.227,54.8]]],[[[-129.409,53.409],[-129.457,53.377],[-129.452,53.361],[-129.4,53.339],[-129.386,53.295],[-129.338,53.301],[-129.335,53.363],[-129.409,53.409]]],[[[-129.75,53.132],[-129.733,53.078],[-129.622,53.051],[-129.599,53.079],[-129.687,53.136],[-129.75,53.132]]],[[[-131.349,52.428],[-131.35,52.358],[-131.236,52.442],[-131.286,52.449],[-131.349,52.428]]],[[[-130.793,54.216],[-130.818,54.166],[-130.687,54.108],[-130.662,54.157],[-130.793,54.216]]],[[[-128.51,52.883],[-128.545,52.71],[-128.476,52.706],[-128.491,52.772],[-128.453,52.808],[-128.51,52.883]]],[[[-130.629,54.774],[-130.593,54.724],[-130.479,54.704],[-130.436,54.757],[-130.495,54.825],[-130.587,54.771],[-130.629,54.774]]],[[[-128.399,52.458],[-128.454,52.362],[-128.38,52.365],[-128.331,52.41],[-128.289,52.417],[-128.287,52.476],[-128.399,52.458]]],[[[-128.108,52.438],[-128.203,52.281],[-128.162,52.273],[-128.047,52.321],[-128.08,52.411],[-128.108,52.438]]],[[[-127.982,52.302],[-128.02,52.246],[-128.096,52.204],[-128.033,52.175],[-127.915,52.164],[-127.916,52.246],[-127.982,52.302]]],[[[-128.116,52.159],[-128.101,52.09],[-127.942,52.076],[-127.884,52.155],[-128.004,52.17],[-128.116,52.159]]],[[[-131.115,52.152],[-131.128,52.073],[-131.081,52.039],[-131.089,51.983],[-131.02,51.973],[-131.032,52.034],[-130.937,52.093],[-131.046,52.118],[-131.056,52.15],[-131.115,52.152]]],[[[-128.186,52.211],[-128.24,52.183],[-128.272,52.099],[-128.237,52.086],[-128.252,52.031],[-128.182,52.042],[-128.134,52.087],[-128.146,52.117],[-128.134,52.197],[-128.186,52.211]]],[[[-130.895,54.635],[-130.928,54.621],[-130.971,54.551],[-130.95,54.469],[-130.875,54.494],[-130.76,54.568],[-130.769,54.623],[-130.858,54.607],[-130.895,54.635]]],[[[-128.344,52.784],[-128.33,52.73],[-128.271,52.673],[-128.292,52.618],[-128.25,52.601],[-128.209,52.688],[-128.166,52.738],[-128.146,52.826],[-128.22,52.788],[-128.344,52.784]]],[[[-129.534,53.185],[-129.498,53.088],[-129.371,52.975],[-129.302,52.979],[-129.317,53.048],[-129.388,53.088],[-129.486,53.19],[-129.534,53.185]]],[[[-128.765,52.473],[-128.772,52.418],[-128.735,52.356],[-128.731,52.312],[-128.687,52.285],[-128.631,52.306],[-128.616,52.365],[-128.62,52.446],[-128.689,52.486],[-128.765,52.473]]],[[[-131.69,52.733],[-131.719,52.698],[-131.656,52.66],[-131.663,52.639],[-131.606,52.583],[-131.464,52.625],[-131.442,52.704],[-131.525,52.727],[-131.69,52.733]]],[[[-129.023,53.53],[-129.066,53.492],[-129.054,53.448],[-129.111,53.404],[-129.153,53.338],[-129.125,53.312],[-129.058,53.333],[-128.929,53.327],[-128.92,53.397],[-128.989,53.469],[-129.023,53.53]]],[[[-130.201,55.03],[-130.274,54.955],[-130.346,54.904],[-130.489,54.829],[-130.422,54.768],[-130.276,54.834],[-130.154,54.956],[-130.201,55.03]]],[[[-129.274,53.326],[-129.256,53.269],[-129.345,53.207],[-129.327,53.112],[-129.226,53.091],[-129.14,53.119],[-129.173,53.155],[-129.172,53.284],[-129.274,53.326]]],[[[-128.39,52.805],[-128.451,52.752],[-128.429,52.723],[-128.449,52.631],[-128.437,52.549],[-128.292,52.525],[-128.297,52.659],[-128.288,52.678],[-128.357,52.755],[-128.352,52.785],[-128.39,52.805]]],[[[-131.927,53.016],[-131.893,52.933],[-131.82,52.867],[-131.795,52.886],[-131.695,52.874],[-131.659,52.889],[-131.606,52.963],[-131.663,52.999],[-131.755,53.01],[-131.782,53.029],[-131.878,53.038],[-131.927,53.016]]],[[[-130.312,53.797],[-130.288,53.751],[-130.331,53.741],[-130.405,53.688],[-130.356,53.629],[-130.154,53.568],[-130.1,53.584],[-130.122,53.693],[-130.231,53.726],[-130.242,53.792],[-130.312,53.797]]],[[[-128.549,52.677],[-128.583,52.599],[-128.669,52.607],[-128.75,52.596],[-128.741,52.514],[-128.521,52.432],[-128.466,52.474],[-128.518,52.573],[-128.549,52.677]]],[[[-128.1,51.688],[-128.141,51.663],[-128.151,51.603],[-128.123,51.579],[-128.087,51.48],[-128.004,51.476],[-127.938,51.427],[-127.876,51.449],[-127.917,51.527],[-127.895,51.57],[-127.955,51.646],[-128.098,51.656],[-128.1,51.688]]],[[[-128.11,52.071],[-128.156,52.04],[-128.205,51.964],[-128.192,51.913],[-128.251,51.89],[-128.201,51.86],[-128.115,51.879],[-128.134,51.808],[-128.076,51.787],[-127.979,51.911],[-127.955,51.969],[-127.951,52.064],[-127.996,52.076],[-128.089,52.047],[-128.11,52.071]]],[[[-129.088,53.673],[-129.176,53.627],[-129.174,53.444],[-129.149,53.415],[-129.081,53.455],[-129.103,53.492],[-128.995,53.569],[-128.895,53.558],[-128.872,53.634],[-128.883,53.662],[-128.836,53.688],[-128.968,53.707],[-129.067,53.671],[-129.088,53.673]]],[[[-129.29,52.822],[-129.303,52.756],[-129.228,52.672],[-129.213,52.63],[-129.082,52.523],[-128.943,52.485],[-128.927,52.606],[-129.04,52.681],[-129.113,52.743],[-129.215,52.8],[-129.29,52.822]]],[[[-130.55,54.057],[-130.664,53.994],[-130.68,53.933],[-130.611,53.949],[-130.511,53.865],[-130.401,53.825],[-130.344,53.828],[-130.335,53.88],[-130.28,53.902],[-130.231,53.952],[-130.241,53.986],[-130.326,54.06],[-130.416,54.09],[-130.55,54.057]]],[[[-127.692,52],[-127.696,52.038],[-127.641,52.134],[-127.572,52.153],[-127.438,52.242],[-127.319,52.262],[-127.242,52.304],[-127.206,52.361],[-127.296,52.411],[-127.442,52.377],[-127.45,52.333],[-127.613,52.27],[-127.754,52.244],[-127.844,52.168],[-127.859,52.094],[-127.89,52.066],[-127.9,52.001],[-127.692,52]]],[[[-130.54,53.627],[-130.548,53.551],[-130.488,53.534],[-130.415,53.467],[-130.31,53.388],[-130.233,53.375],[-130.119,53.324],[-130.1,53.272],[-130.001,53.215],[-129.962,53.17],[-129.834,53.187],[-129.782,53.166],[-129.756,53.219],[-129.906,53.392],[-129.978,53.443],[-130.108,53.514],[-130.247,53.57],[-130.399,53.618],[-130.54,53.627]]],[[[-130.221,53.907],[-130.287,53.869],[-130.29,53.824],[-130.211,53.81],[-130.206,53.721],[-130.102,53.698],[-130.062,53.598],[-130.009,53.565],[-129.914,53.57],[-129.89,53.514],[-129.913,53.466],[-129.854,53.448],[-129.833,53.387],[-129.78,53.371],[-129.7,53.321],[-129.663,53.276],[-129.564,53.218],[-129.499,53.217],[-129.512,53.258],[-129.469,53.294],[-129.472,53.352],[-129.459,53.383],[-129.435,53.402],[-129.452,53.44],[-129.706,53.6],[-129.825,53.71],[-129.933,53.765],[-129.971,53.798],[-130.082,53.854],[-130.128,53.889],[-130.221,53.907]]],[[[-126.698,52.004],[-126.697,52.026],[-126.838,52.149],[-126.927,52.189],[-126.958,52.263],[-127.032,52.311],[-127.084,52.298],[-127.153,52.317],[-127.298,52.232],[-127.4,52.217],[-127.458,52.192],[-127.544,52.131],[-127.607,52.118],[-127.655,52.03],[-127.652,52],[-127.498,52.004],[-126.698,52.004]]],[[[-129.086,53.293],[-129.049,53.209],[-129.092,53.191],[-129.082,53.097],[-129.169,53.056],[-129.197,53.021],[-129.198,52.952],[-129.128,52.922],[-129.137,52.848],[-129.063,52.738],[-129.002,52.699],[-128.894,52.655],[-128.765,52.704],[-128.738,52.673],[-128.755,52.6],[-128.683,52.61],[-128.593,52.608],[-128.546,52.8],[-128.542,52.877],[-128.523,52.899],[-128.539,53.028],[-128.576,53.094],[-128.638,53.157],[-128.698,53.166],[-128.887,53.271],[-129.036,53.308],[-129.086,53.293]]],[[[-132.571,53.097],[-132.533,53.047],[-132.407,53.025],[-132.344,53.045],[-132.157,52.978],[-132.23,52.96],[-132.357,52.948],[-132.323,52.892],[-132.261,52.865],[-132.233,52.801],[-132.176,52.781],[-132.132,52.744],[-132.063,52.813],[-132.025,52.771],[-132.108,52.735],[-132.046,52.684],[-131.942,52.638],[-131.894,52.578],[-131.863,52.576],[-131.783,52.512],[-131.655,52.473],[-131.6,52.377],[-131.533,52.318],[-131.443,52.255],[-131.391,52.195],[-131.323,52.181],[-131.259,52.121],[-131.154,52.128],[-131.121,52.166],[-131.045,52.163],[-131.015,52.181],[-131.027,52.232],[-131.093,52.225],[-131.084,52.266],[-131.176,52.325],[-131.3,52.286],[-131.341,52.305],[-131.363,52.376],[-131.427,52.408],[-131.416,52.458],[-131.473,52.477],[-131.479,52.506],[-131.602,52.521],[-131.646,52.538],[-131.699,52.639],[-131.804,52.742],[-131.814,52.796],[-131.889,52.892],[-131.902,52.954],[-131.963,53.016],[-131.888,53.064],[-131.665,53.041],[-131.625,53.058],[-131.646,53.109],[-131.708,53.148],[-131.777,53.158],[-131.803,53.231],[-131.912,53.238],[-132.014,53.198],[-132.084,53.148],[-132.129,53.159],[-132.232,53.139],[-132.302,53.153],[-132.394,53.126],[-132.389,53.108],[-132.416,53.099],[-132.571,53.097]]],[[[-133.076,54.182],[-133.052,54.161],[-133.1,54.123],[-133.05,54.045],[-133.119,54],[-133.114,53.962],[-133.154,53.915],[-133.14,53.868],[-133.081,53.826],[-133.111,53.775],[-133.021,53.767],[-132.994,53.714],[-132.931,53.705],[-132.952,53.663],[-132.934,53.624],[-133.003,53.59],[-132.924,53.54],[-132.884,53.467],[-132.73,53.491],[-132.759,53.456],[-132.662,53.445],[-132.643,53.425],[-132.535,53.416],[-132.515,53.378],[-132.421,53.341],[-132.483,53.322],[-132.541,53.366],[-132.692,53.365],[-132.725,53.325],[-132.633,53.325],[-132.628,53.291],[-132.707,53.284],[-132.717,53.26],[-132.62,53.249],[-132.557,53.171],[-132.459,53.135],[-132.361,53.153],[-132.299,53.155],[-132.226,53.146],[-132.134,53.178],[-132.246,53.218],[-132.125,53.252],[-131.992,53.253],[-131.926,53.358],[-131.912,53.432],[-131.955,53.512],[-131.925,53.563],[-131.935,53.616],[-131.874,53.709],[-131.885,53.77],[-131.863,53.807],[-131.759,53.912],[-131.708,53.977],[-131.678,54.053],[-131.658,54.155],[-131.791,54.074],[-131.995,54.028],[-132.166,54.041],[-132.123,53.967],[-132.124,53.928],[-132.091,53.882],[-132.128,53.809],[-132.14,53.749],[-132.211,53.652],[-132.318,53.676],[-132.478,53.655],[-132.579,53.661],[-132.593,53.68],[-132.483,53.703],[-132.408,53.746],[-132.26,53.765],[-132.204,53.815],[-132.129,53.843],[-132.106,53.881],[-132.153,53.931],[-132.144,53.966],[-132.188,54.02],[-132.25,54.04],[-132.238,54.07],[-132.292,54.107],[-132.435,54.101],[-132.484,54.066],[-132.564,54.039],[-132.584,54.121],[-132.661,54.153],[-132.82,54.127],[-133.026,54.184],[-133.076,54.182]]],[[[-127.725,60],[-128.5,60],[-129,60],[-129.75,60],[-130.5,60],[-131.5,60],[-132.5,60],[-133.5,60],[-134,60],[-134.75,60],[-135.5,60],[-136.5,60],[-137.5,60],[-138.5,60],[-139.052,60],[-138.791,59.923],[-138.706,59.906],[-138.656,59.799],[-138.605,59.758],[-137.878,59.381],[-137.602,59.241],[-137.499,58.983],[-137.527,58.907],[-137.447,58.909],[-137.288,58.999],[-137,59.091],[-136.825,59.16],[-136.582,59.166],[-136.467,59.285],[-136.476,59.464],[-136.398,59.447],[-136.301,59.466],[-136.236,59.527],[-136.241,59.559],[-136.356,59.601],[-136.195,59.639],[-135.946,59.664],[-135.479,59.799],[-135.377,59.743],[-135.235,59.696],[-135.222,59.664],[-135.118,59.623],[-135.028,59.564],[-135.028,59.476],[-135.098,59.427],[-134.989,59.388],[-135.03,59.348],[-134.959,59.281],[-134.699,59.248],[-134.678,59.193],[-134.57,59.134],[-134.485,59.133],[-134.385,59.041],[-134.408,58.978],[-134.312,58.961],[-134.337,58.92],[-134.256,58.859],[-134.003,58.774],[-133.841,58.73],[-133.699,58.609],[-133.504,58.496],[-133.382,58.433],[-133.461,58.39],[-133.354,58.283],[-133.172,58.152],[-133.07,58],[-132.868,57.845],[-132.759,57.708],[-132.687,57.643],[-132.564,57.507],[-132.37,57.351],[-132.245,57.212],[-132.369,57.091],[-132.046,57.044],[-132.121,56.867],[-131.871,56.806],[-131.902,56.754],[-131.857,56.702],[-131.834,56.599],[-131.582,56.612],[-131.467,56.551],[-131.164,56.447],[-131.087,56.406],[-130.781,56.368],[-130.656,56.283],[-130.586,56.255],[-130.465,56.241],[-130.42,56.139],[-130.241,56.096],[-130.104,56.122],[-130.002,56.007],[-129.996,55.899],[-130.068,55.818],[-130.109,55.798],[-130.132,55.717],[-130.086,55.687],[-130.11,55.566],[-130.075,55.505],[-130.024,55.461],[-129.999,55.332],[-129.944,55.288],[-130.076,55.201],[-130.13,55.148],[-130.166,55.08],[-130.114,54.991],[-130.034,55.03],[-130.008,55.083],[-129.901,55.167],[-129.888,55.213],[-129.816,55.289],[-129.813,55.359],[-129.839,55.394],[-129.782,55.429],[-129.664,55.432],[-129.755,55.281],[-129.807,55.269],[-129.888,55.146],[-129.953,55.101],[-130.004,55.013],[-129.943,54.988],[-129.817,55.007],[-129.882,54.944],[-130.012,54.976],[-130.05,54.959],[-130.177,54.847],[-130.169,54.815],[-130.208,54.732],[-130.197,54.71],[-130.35,54.695],[-130.451,54.53],[-130.448,54.457],[-130.484,54.439],[-130.484,54.374],[-130.445,54.336],[-130.372,54.319],[-130.275,54.339],[-130.243,54.302],[-130.232,54.268],[-130.273,54.242],[-130.278,54.204],[-130.178,54.179],[-130.13,54.148],[-130.022,54.17],[-129.861,54.236],[-129.853,54.213],[-129.953,54.178],[-129.93,54.137],[-130.054,54.147],[-130.102,54.064],[-130.085,54.024],[-130.109,53.948],[-130.072,53.892],[-129.895,53.768],[-129.822,53.732],[-129.749,53.656],[-129.647,53.567],[-129.446,53.454],[-129.313,53.372],[-129.239,53.424],[-129.234,53.519],[-129.25,53.604],[-129.234,53.631],[-129.138,53.687],[-129.128,53.71],[-128.873,53.814],[-128.847,53.859],[-128.789,53.902],[-128.731,53.922],[-128.694,54.001],[-128.649,54.004],[-128.661,53.944],[-128.716,53.901],[-128.678,53.853],[-128.724,53.814],[-128.808,53.77],[-128.781,53.712],[-128.835,53.649],[-128.818,53.611],[-128.75,53.54],[-128.687,53.502],[-128.644,53.502],[-128.545,53.43],[-128.385,53.456],[-128.374,53.44],[-128.539,53.407],[-128.657,53.475],[-128.756,53.485],[-128.814,53.568],[-128.872,53.529],[-128.967,53.55],[-128.973,53.496],[-128.885,53.411],[-128.89,53.313],[-128.847,53.268],[-128.728,53.202],[-128.611,53.164],[-128.58,53.129],[-128.512,53.007],[-128.498,52.883],[-128.429,52.815],[-128.331,52.798],[-128.225,52.807],[-128.16,52.86],[-128.123,52.832],[-128.135,52.713],[-128.171,52.676],[-128.248,52.536],[-128.223,52.484],[-128.264,52.406],[-128.339,52.372],[-128.332,52.335],[-128.37,52.293],[-128.355,52.266],[-128.295,52.256],[-128.149,52.415],[-128.15,52.431],[-128.07,52.511],[-128.079,52.419],[-128.035,52.328],[-127.932,52.317],[-127.898,52.225],[-127.855,52.207],[-127.78,52.276],[-127.717,52.272],[-127.606,52.315],[-127.489,52.338],[-127.482,52.376],[-127.437,52.413],[-127.346,52.417],[-127.262,52.473],[-127.188,52.418],[-127.21,52.395],[-127.16,52.342],[-126.981,52.335],[-126.959,52.366],[-126.882,52.362],[-126.965,52.312],[-126.916,52.252],[-126.901,52.197],[-126.815,52.161],[-126.673,52.043],[-126.672,52.005],[-125.778,52.001],[-125.721,52.008],[-125.679,51.943],[-125.612,51.903],[-125.575,51.913],[-125.616,51.988],[-125.58,52.056],[-125.659,52.061],[-125.669,52.122],[-125.599,52.158],[-125.483,52.178],[-125.451,52.205],[-125.503,52.229],[-125.477,52.28],[-125.439,52.276],[-125.383,52.33],[-125.359,52.381],[-125.489,52.432],[-125.456,52.472],[-125.53,52.497],[-125.62,52.511],[-125.735,52.48],[-125.799,52.525],[-125.885,52.628],[-125.988,52.619],[-126.047,52.582],[-126.136,52.577],[-126.198,52.5],[-126.27,52.541],[-126.318,52.518],[-126.359,52.535],[-126.446,52.654],[-126.361,52.707],[-126.334,52.752],[-126.336,52.83],[-126.416,52.794],[-126.53,52.775],[-126.554,52.815],[-126.601,52.813],[-126.639,52.846],[-126.587,52.879],[-126.598,52.913],[-126.646,52.942],[-126.609,53],[-125.751,53],[-125,53],[-124.996,53.242],[-124.984,53.432],[-124.899,53.435],[-124.806,53.369],[-124.737,53.355],[-124.647,53.408],[-124.629,53.386],[-124.523,53.402],[-124.552,53.462],[-124.518,53.477],[-124.501,53.529],[-124.5,53.895],[-124.436,53.897],[-124.436,53.998],[-124.366,53.998],[-124.353,54.071],[-124.367,54.128],[-124.467,54.128],[-124.466,54.233],[-124.4,54.269],[-124.349,54.265],[-124.273,54.293],[-124.199,54.294],[-123.964,54.21],[-123.52,54.154],[-123.52,54.252],[-123.554,54.306],[-123.644,54.33],[-123.741,54.322],[-123.819,54.337],[-123.853,54.376],[-123.933,54.38],[-123.986,54.43],[-123.848,54.512],[-123.82,54.581],[-123.78,54.593],[-123.778,54.659],[-123.881,54.738],[-123.948,54.767],[-123.92,54.832],[-123.927,54.862],[-124.023,54.868],[-124.051,54.951],[-123.98,55.012],[-123.904,55.02],[-123.863,55.047],[-123.811,55.038],[-123.794,54.995],[-123.691,54.923],[-123.62,54.955],[-123.55,54.958],[-123.515,55.017],[-123.416,55.033],[-123.396,55.103],[-123.419,55.148],[-123.392,55.171],[-123.413,55.235],[-123.494,55.314],[-123.646,55.307],[-123.742,55.288],[-123.852,55.34],[-123.907,55.429],[-123.885,55.504],[-123.928,55.554],[-124.05,55.541],[-124.093,55.569],[-124.123,55.64],[-124.192,55.683],[-124.308,55.706],[-124.357,55.787],[-124.334,55.832],[-124.374,55.879],[-124.399,55.951],[-124.498,56.067],[-124.484,56.13],[-124.661,56.116],[-124.715,56.134],[-124.833,56.224],[-124.924,56.244],[-125.042,56.203],[-125.064,56.263],[-125.119,56.304],[-125.189,56.295],[-125.245,56.251],[-125.404,56.253],[-125.575,56.169],[-125.653,56.169],[-125.657,56.229],[-125.866,56.145],[-125.956,56.143],[-125.981,56.246],[-126.116,56.272],[-126.196,56.35],[-126.1,56.393],[-126.102,56.425],[-126.193,56.481],[-126.142,56.53],[-126.143,56.577],[-126.231,56.647],[-126.332,56.677],[-126.418,56.655],[-126.488,56.665],[-126.675,56.772],[-126.717,56.766],[-126.811,56.68],[-126.902,56.692],[-126.993,56.632],[-127.101,56.614],[-127.129,56.626],[-127.222,56.746],[-127.416,56.677],[-127.533,56.741],[-127.523,56.773],[-127.603,56.834],[-127.564,56.862],[-127.604,56.889],[-127.545,56.931],[-127.561,56.977],[-127.677,56.977],[-127.733,57.02],[-127.73,57.11],[-127.697,57.141],[-127.522,57.171],[-127.467,57.21],[-127.491,57.303],[-127.48,57.336],[-127.374,57.418],[-127.303,57.447],[-127.342,57.549],[-127.272,57.603],[-127.181,57.598],[-127.145,57.578],[-127.15,57.536],[-127.057,57.507],[-126.988,57.53],[-126.796,57.566],[-126.87,57.64],[-126.853,57.688],[-126.918,57.699],[-126.981,57.761],[-126.959,57.797],[-126.869,57.785],[-126.888,57.867],[-126.971,57.933],[-126.951,57.989],[-126.703,58.027],[-126.604,57.96],[-126.385,57.926],[-126.316,57.862],[-126.269,57.856],[-126.229,57.934],[-126.183,57.945],[-126.078,57.914],[-126.044,57.967],[-125.916,57.981],[-125.797,57.966],[-125.747,57.866],[-125.7,57.868],[-125.653,57.922],[-125.594,57.914],[-125.489,57.941],[-125.451,57.972],[-125.251,58.005],[-125.204,58.022],[-125.095,58.019],[-124.982,57.981],[-124.919,58.074],[-124.861,58.125],[-124.884,58.164],[-124.83,58.207],[-124.926,58.253],[-124.952,58.231],[-125.16,58.244],[-125.201,58.239],[-125.289,58.303],[-125.329,58.278],[-125.439,58.341],[-125.48,58.309],[-125.552,58.32],[-125.717,58.307],[-125.823,58.369],[-125.857,58.413],[-125.931,58.395],[-126.06,58.42],[-126.071,58.449],[-126.208,58.493],[-126.285,58.549],[-126.303,58.598],[-126.487,58.605],[-126.552,58.579],[-126.606,58.585],[-126.744,58.667],[-126.907,58.661],[-126.834,58.722],[-126.949,58.809],[-127.021,58.807],[-127.059,58.851],[-126.943,58.972],[-126.979,59.05],[-126.972,59.103],[-127.028,59.133],[-127.113,59.12],[-127.171,59.14],[-127.227,59.242],[-127.28,59.282],[-127.343,59.379],[-127.494,59.53],[-127.533,59.534],[-127.593,59.597],[-127.728,59.63],[-127.798,59.695],[-127.803,59.785],[-127.769,59.828],[-127.661,59.855],[-127.729,59.896],[-127.725,60]]]]}},{"type":"Feature","properties":{"name":"Rimouski-Neigette--Témiscouata--Les Basques"},"geometry":{"type":"Polygon","coordinates":[[[-67.95,48],[-67.948,48.104],[-68.257,48.294],[-68.183,48.349],[-68.288,48.418],[-68.272,48.436],[-68.427,48.529],[-68.488,48.498],[-68.539,48.445],[-68.579,48.444],[-68.681,48.397],[-68.953,48.291],[-69.133,48.17],[-69.131,48.157],[-69.269,48.084],[-69.276,48.037],[-69.207,47.989],[-69.166,48.018],[-69.114,47.983],[-69.186,47.888],[-69.116,47.858],[-68.992,47.956],[-68.951,47.895],[-68.888,47.889],[-68.848,47.864],[-68.86,47.794],[-68.929,47.84],[-68.981,47.851],[-69.111,47.756],[-69.2,47.739],[-69.333,47.646],[-69.304,47.626],[-69.589,47.431],[-69.391,47.298],[-69.224,47.459],[-69.178,47.457],[-69.033,47.406],[-69.051,47.373],[-69.05,47.3],[-68.8,47.349],[-68.568,47.427],[-68.384,47.553],[-68.382,47.916],[-68.123,47.916],[-68.123,48],[-67.95,48]]]}},{"type":"Feature","properties":{"name":"Hull--Aylmer"},"geometry":{"type":"Polygon","coordinates":[[[-75.743,45.477],[-75.783,45.473],[-75.808,45.416],[-75.895,45.402],[-75.818,45.373],[-75.779,45.39],[-75.704,45.43],[-75.692,45.453],[-75.743,45.477]]]}},{"type":"Feature","properties":{"name":"Barrie--Springwater--Oro-Medonte"},"geometry":{"type":"Polygon","coordinates":[[[-79.458,44.43],[-79.572,44.576],[-79.684,44.702],[-79.984,44.57],[-79.983,44.488],[-79.852,44.339],[-79.746,44.362],[-79.608,44.392],[-79.509,44.422],[-79.458,44.43]]]}}]}